Allen Area Name,Probe Channel #,Cluster ID #,Rec #,Subject #,Rec ID,Unique Neuron #,Simple Name,Cortical Layer,Tot spikes during seizures,Mean Vector Length (to FCX EEG),Mean Vector Angle (to FCX EEG),Mean Vector Angle (0-centered),nonSWD FR,SWD FR,Inhibitory,Still FR,Motion FR,Overall FR,SWD Prate,SWC Prate,MVL_pvals,MVL_pvals_FDR_adjusted
Caudoputamen',91,9,1,7,7.1,1,Caudoputamen,0,101,0.965247813,4.905970261,4.905970261,0.1142917132,2.33036769,0,0.04874230535,0.2039349546,0.1407460815,0.9166666667,0.321299639,0.000009999900001,0.00001463574441
Caudoputamen',90,12,1,7,7.1,2,Caudoputamen,0,308,0.3633369345,2.89E+02,-71,20.28064637,7.106467809,1,17.58342471,23.969287,20.12338446,1,0.4151624549,0.000009999900001,0.00001463574441
Primary somatosensory area mouth layer 6a',21,26,1,7,7.1,3,Somatosensory,6,137,0.9719232883,3.57E+02,-3,1.707406691,3.160993798,0,0.08300669822,3.928882799,1.724759222,0.9166666667,0.357400722,0.000009999900001,0.00001463574441
Primary somatosensory area mouth layer 6a',12,50,1,7,7.1,4,Somatosensory,6,179,0.6854278253,3.44E+02,-16,4.415562774,4.13005759,0,4.834657574,3.842424938,4.412155537,0.9166666667,0.4187725632,0.000009999900001,0.00001463574441
Primary somatosensory area mouth layer 5',70,70,1,7,7.1,5,Somatosensory,5,1454,0.7323298256,3.50E+02,-10,21.13839174,33.54806556,1,23.13473895,18.40826458,21.28653652,1,0.9602888087,0.000009999900001,0.00001463574441
Primary somatosensory area mouth layer 5',70,74,1,7,7.1,6,Somatosensory,5,617,0.7535841244,3.36E+02,-24,2.738262192,14.23600856,1,4.34240855,0.5444865294,2.875516811,1,0.7761732852,0.000009999900001,0.00001463574441
Primary somatosensory area mouth layer 5',42,76,1,7,7.1,7,Somatosensory,5,14,0.2352418098,3.14E+02,-46,0.1535969121,0.323021264,0,0.2456419151,0.02771931422,0.1556194443,0.375,0.03249097473,0.4647453525,0.4994913679
Primary somatosensory area mouth layer 5',67,84,1,7,7.1,8,Somatosensory,5,785,0.4182486084,3.28E+02,-32,37.64992041,18.11226373,0,33.5820006,43.21309091,37.4166985,1,0.9277978339,0.000009999900001,0.00001463574441
Primary somatosensory area mouth layer 5',3,87,1,7,7.1,9,Somatosensory,5,164,0.3258877511,3.35E+02,-25,17.01524849,3.783963379,1,18.45837322,15.04168787,16.85730416,1,0.2924187726,0.0003799962,0.0005215679551
Primary somatosensory area mouth layer 5',66,88,1,7,7.1,10,Somatosensory,5,479,0.6038304957,3.40E+02,-20,16.40169713,11.05194182,0,15.92570373,17.05265812,16.33783819,1,0.844765343,0.000009999900001,0.00001463574441
Primary somatosensory area mouth layer 5',66,90,1,7,7.1,11,Somatosensory,5,456,0.6429072741,3.40E+02,-20,11.98697063,10.49819108,0,12.24010981,11.64079201,11.96920101,1,0.8339350181,0.000009999900001,0.00001463574441
Primary somatosensory area mouth layer 4',2,96,1,7,7.1,12,Somatosensory,4,388,0.7153531704,3.31E+02,-29,13.95641198,8.952303603,0,12.59674905,15.81584872,13.89667866,1,0.8158844765,0.000009999900001,0.00001463574441
Primary somatosensory area mouth layer 4',1,100,1,7,7.1,13,Somatosensory,4,293,0.7009069639,3.51E+02,-9,8.222591865,6.760373597,0,7.947891355,8.598267279,8.205138488,0.9583333333,0.6606498195,0.000009999900001,0.00001463574441
Primary somatosensory area mouth layer 4',64,102,1,7,7.1,14,Somatosensory,4,132,0.7159812071,17.00849489,17.00849489,4.729446845,3.045629061,0,4.527243233,5.005976152,4.70934736,0.8333333333,0.3321299639,0.000009999900001,0.00001463574441
Primary somatosensory area mouth layer 4',1,103,1,7,7.1,15,Somatosensory,4,307,0.6689687217,3.27E+02,-33,5.844209189,7.083394861,0,6.269418701,5.262709801,5.85900322,1,0.761732852,0.000009999900001,0.00001463574441
Primary somatosensory area mouth layer 4',39,109,1,7,7.1,16,Somatosensory,4,29,0.3929354865,2.75E+02,-85,2.573793629,0.6691154755,0,2.495992112,2.680193692,2.551057156,0.5833333333,0.04332129964,0.0179498205,0.02239747558
Primary somatosensory area mouth layer 4',0,111,1,7,7.1,17,Somatosensory,4,909,0.8544148219,3.41E+02,-19,11.89274966,20.97330921,1,11.61997256,12.26579654,12.0011512,1,0.8664259928,0.000009999900001,0.00001463574441
Primary somatosensory area mouth layer 4',126,117,1,7,7.1,18,Somatosensory,4,84,0.6513870375,3.46E+02,-14,3.575100541,1.938127584,0,3.167284654,4.132817754,3.555560011,0.9166666667,0.2490974729,0.000009999900001,0.00001463574441
Primary somatosensory area mouth layer 4',103,118,1,7,7.1,19,Somatosensory,4,162,0.8828634819,3.56E+02,-4,3.844104208,3.737817484,0,4.213555129,3.338857397,3.84283626,0.9166666667,0.5487364621,0.000009999900001,0.00001463574441
Primary somatosensory area mouth layer 4',38,123,1,7,7.1,20,Somatosensory,4,419,0.2421144694,2.58E+02,-102,3.123508894,9.667564973,1,3.529715063,2.567996468,3.201629063,1,0.3285198556,0.000009999900001,0.00001463574441
Primary somatosensory area upper limb layer 2/3',122,133,1,7,7.1,21,Somatosensory,2,143,0.6078045434,3.37E+02,-23,1.868808891,3.299431483,0,2.28944056,1.293567997,1.885887319,0.9583333333,0.3610108303,0.000009999900001,0.00001463574441
Primary somatosensory area upper limb layer 2/3',59,134,1,7,7.1,22,Somatosensory,2,137,0.4708035774,2.83E+02,-77,0.8387896708,3.160993798,0,1.254752415,0.2699333218,0.8665111005,0.9583333333,0.202166065,0.000009999900001,0.00001463574441
Primary somatosensory area upper limb layer 2/3',36,143,1,7,7.1,23,Somatosensory,2,90,0.901267932,3.39E+02,-21,0.568392203,2.076565269,0,0.7108655028,0.3735507584,0.5863961007,0.875,0.2924187726,0.000009999900001,0.00001463574441
Primary somatosensory area upper limb layer 2/3',121,144,1,7,7.1,24,Somatosensory,2,233,0.813839497,3.44E+02,-16,2.034392495,5.375996751,0,2.192921144,1.817595033,2.074283248,1,0.5740072202,0.000009999900001,0.00001463574441
Primary somatosensory area upper limb layer 2/3',100,147,1,7,7.1,25,Somatosensory,2,200,0.7127863025,3.32E+02,-28,0.7532102661,4.614589486,0,1.128794576,0.2395740729,0.7993055351,1,0.4873646209,0.000009999900001,0.00001463574441
Primary somatosensory area upper limb layer 2/3',56,157,1,7,7.1,26,Somatosensory,2,121,0.9260031238,3.51E+02,-9,0.8811612328,2.791826639,0,0.7364431482,1.079073304,0.9039699402,0.9583333333,0.3610108303,0.000009999900001,0.00001463574441
'Caudoputamen'',97,200,1,7,7.1,27,Caudoputamen,0,164,0.9300646271,3.57E+02,-3,2.461453238,3.760890431,0,1.502807315,3.772466669,2.476965774,0.9583333333,0.5523465704,0.000009999900001,0.00001463574441
Caudoputamen',161,214,1,7,7.1,28,Caudoputamen,0,153,0.9656681162,3.51E+02,-9,2.205551305,3.530160957,0,0.4406111365,4.61922572,2.22136428,0.9166666667,0.4440433213,0.000009999900001,0.00001463574441
Caudoputamen',162,215,1,7,7.1,29,Caudoputamen,0,93,0.9586410766,3.56E+02,-4,0.5106888258,2.122711164,0,0.3923514282,0.6725233618,0.5299324086,0.8333333333,0.2924187726,0.000009999900001,0.00001463574441
Caudoputamen',162,217,1,7,7.1,30,Caudoputamen,0,363,0.9570827174,3.53E+02,-7,3.998537401,8.375479917,0,1.880198234,6.895509405,4.050787907,1,0.6534296029,0.000009999900001,0.00001463574441
Caudoputamen',225,224,1,7,7.1,31,Caudoputamen,0,145,0.8778673034,3.55E+02,-5,1.418611045,3.345577377,0,0.2253728376,3.050444532,1.441614463,0.9166666667,0.3826714801,0.000009999900001,0.00001463574441
Caudoputamen',225,225,1,7,7.1,32,Caudoputamen,0,181,0.9413798202,3.58E+02,-2,2.253776832,4.153130538,0,3.353084531,0.7504014351,2.276450809,0.9166666667,0.5054151625,0.000009999900001,0.00001463574441
Caudoputamen',170,237,1,7,7.1,33,Caudoputamen,0,401,0.9456591866,6.892192038,6.892192038,1.13037292,9.229178972,0,1.605600494,0.4804681132,1.227052432,0.9583333333,0.6101083032,0.000009999900001,0.00001463574441
Primary somatosensory area upper limb layer 2/3',122,331,1,7,7.1,34,Somatosensory,2,93,0.5475391137,3.12E+02,-48,1.140129529,2.145784111,0,1.516320034,0.6256645211,1.152134753,0.9583333333,0.1949458484,0.000009999900001,0.00001463574441
Primary somatosensory area upper limb layer 2/3',35,332,1,7,7.1,35,Somatosensory,2,83,0.808869406,3.37E+02,-23,0.303848701,1.915054637,0,0.3889732486,0.1874353628,0.3230824923,0.875,0.2238267148,0.000009999900001,0.00001463574441
Primary somatosensory area mouth layer 6b',15,46,1,15,15.1,36,Somatosensory,6,1704,0.8923171214,10.37952089,10.37952089,0.5858197952,7.899408312,0,1.168768823,0.1292413056,1.102644326,1,0.6212471132,0.000009999900001,0.00001463574441
Primary somatosensory area mouth layer 6a',109,58,1,15,15.1,37,Somatosensory,6,5830,0.732739055,4.631993084,4.631993084,13.51027016,27.09696977,1,19.02791061,9.188741607,14.4703997,1,0.9769053118,0.000009999900001,0.00001463574441
Primary somatosensory area mouth layer 6a',71,70,1,15,15.1,38,Somatosensory,6,233,0.7557116546,3.37E+02,-23,2.121254539,1.083320857,0,1.910115989,2.286625441,2.047908845,0.9245283019,0.1485758276,0.000009999900001,0.00001463574441
Primary somatosensory area mouth layer 6a',70,75,1,15,15.1,39,Somatosensory,6,176,0.3714884325,3.12E+02,-48,0.6526393132,0.8183024502,0,1.178428069,0.2408301402,0.6643464919,0.7735849057,0.06158583526,0.0000199998,0.00002885868577
Primary somatosensory area mouth layer 6a',6,81,1,15,15.1,40,Somatosensory,6,659,0.6647340677,3.41E+02,-19,3.203447897,3.063984742,0,2.434935047,3.805368394,3.193594412,1,0.2694380293,0.000009999900001,0.00001463574441
Primary somatosensory area mouth layer 6a',66,91,1,15,15.1,41,Somatosensory,6,2407,0.6995280684,3.40E+02,-20,21.71563626,11.1912159,0,21.19641144,22.12232885,20.97192709,1,0.8806774442,0.000009999900001,0.00001463574441
Primary somatosensory area mouth layer 5',63,103,1,15,15.1,42,Somatosensory,5,1546,0.8415953679,3.58E+02,-2,4.674537919,7.160146439,0,5.423666893,4.08780793,4.850189373,1,0.8214010778,0.000009999900001,0.00001463574441
Primary somatosensory area mouth layer 5',102,108,1,15,15.1,43,Somatosensory,5,911,0.8850528086,3.53E+02,-7,1.907007831,4.221696732,0,2.417226429,1.507394935,2.070579422,1,0.493456505,0.000009999900001,0.00001463574441
Primary somatosensory area mouth layer 5',102,109,1,15,15.1,44,Somatosensory,5,2046,0.8686327942,3.54E+02,-6,7.576767671,9.489518754,0,7.816745205,7.388820009,7.711939098,1,0.8914549654,0.000009999900001,0.00001463574441
Primary somatosensory area mouth layer 4',100,126,1,15,15.1,45,Somatosensory,4,604,0.8077107019,3.43E+02,-17,1.602254262,2.808265227,0,1.42312898,1.742551067,1.687479516,1,0.2956120092,0.000009999900001,0.00001463574441
Primary somatosensory area mouth layer 4',56,130,1,15,15.1,46,Somatosensory,4,759,0.6656889946,3.36E+02,-24,6.988119537,3.519630425,0,5.665952991,8.02367852,6.743018325,1,0.3094688222,0.000009999900001,0.00001463574441
Primary somatosensory area mouth layer 2/3',114,146,1,15,15.1,47,Somatosensory,2,89,0.7153678126,3.52E+02,-8,0.2934402113,0.4138006708,0,0.500670942,0.1311326418,0.3019458091,0.6603773585,0.05157813703,0.000009999900001,0.00001463574441
Caudoputamen',173,204,1,15,15.1,48,Caudoputamen,0,370,0.8623576211,3.48E+02,-12,0.3362188445,1.720294924,0,0.5956535323,0.133023978,0.4340265656,1,0.2347959969,0.000009999900001,0.00001463574441
Caudoputamen',236,211,1,15,15.1,49,Caudoputamen,0,1646,0.8126656332,3.52E+02,-8,11.91190486,7.648338242,1,9.390397443,13.88682068,11.61062133,1,0.622786759,0.000009999900001,0.00001463574441
Caudoputamen',242,235,1,15,15.1,50,Caudoputamen,0,1065,0.7606187123,3.54E+02,-6,9.748225235,4.951659713,1,5.440570574,13.12209042,9.409275388,1,0.4341801386,0.000009999900001,0.00001463574441
Caudoputamen',242,238,1,15,15.1,51,Caudoputamen,0,687,0.9176039791,3.51E+02,-9,0.950675576,3.194169223,0,0.2760934616,1.479024893,1.109215508,0.8867924528,0.3687451886,0.000009999900001,0.00001463574441
Primary somatosensory area upper limb layer 6a',215,265,1,15,15.1,52,Somatosensory,6,205,0.7833506099,3.46E+02,-14,0.563900165,0.9531363766,0,1.221894678,0.04854429528,0.5914063726,0.8301886792,0.1070053888,0.000009999900001,0.00001463574441
Primary somatosensory area upper limb layer 6a',190,267,1,15,15.1,53,Somatosensory,6,193,0.290595736,3.44E+02,-16,1.989736758,0.8973430277,0,3.81701223,0.5585746184,1.912542497,0.7169811321,0.06389530408,0.0001199988,0.0001673589212
Primary somatosensory area upper limb layer 6a',215,268,1,15,15.1,54,Somatosensory,6,141,0.7930191892,3.24E+02,-36,1.736600383,0.6555718493,0,1.611484286,1.834596094,1.660209111,0.7924528302,0.0869899923,0.000009999900001,0.00001463574441
Primary somatosensory area upper limb layer 5',138,301,1,15,15.1,55,Somatosensory,5,1505,0.7209049082,3.44E+02,-16,34.193209,6.988116947,1,13.2122393,50.62602597,32.27074584,1,0.5796766744,0.000009999900001,0.00001463574441
Primary somatosensory area upper limb layer 4',223,307,1,15,15.1,56,Somatosensory,4,1106,0.8764729236,3.51E+02,-9,6.402653284,5.132988096,0,2.636974286,9.352026964,6.312934468,1,0.5812163202,0.000009999900001,0.00001463574441
Primary somatosensory area upper limb layer 4',223,309,1,15,15.1,57,Somatosensory,4,73,0.9239084873,3.45E+02,-15,0.4935452228,0.339409539,0,0.1778911225,0.7407733371,0.4826533118,0.6981132075,0.04618937644,0.000009999900001,0.00001463574441
Primary somatosensory area upper limb layer 4',223,313,1,15,15.1,58,Somatosensory,4,957,0.6072526981,3.51E+02,-9,31.97897281,4.444870127,1,10.80789186,48.56068686,30.03325839,1,0.3040800616,0.000009999900001,0.00001463574441
Subiculum',87,13,1,16,16.1,59,Hipp,0,3188,0.009090370776,3.31E+02,-29,22.89874421,28.28904518,1,16.89638872,34.32877691,23.08094603,1,0.7426160338,0.8550714493,0.8693612612
Subiculum',79,27,1,16,16.1,60,Hipp,0,3379,0.04469627503,2.18E+02,-142,30.66265614,29.98390328,0,29.25301808,33.34610012,30.63942723,1,0.8523206751,0.0016099839,0.002135576759
Subiculum',16,28,1,16,16.1,61,Hipp,0,1087,0.1153811938,14.77990941,14.77990941,9.113307203,9.636732456,1,5.205407659,16.55494854,9.131002807,1,0.5161744023,0.000009999900001,0.00001463574441
Primary visual area layer 6a',122,79,1,16,16.1,62,Visual,6,1810,0.3263042472,0.8950830178,0.8950830178,16.24396255,16.06122076,0,16.61090797,15.5452256,16.2377927,1,0.8481012658,0.000009999900001,0.00001463574441
Primary visual area layer 5',56,86,1,16,16.1,63,Visual,5,517,0.119270207,50.78005339,50.78005339,4.9654766,4.587652559,0,4.60035891,5.660759237,4.95270823,0.9523809524,0.2700421941,0.0010099899,0.001352461193
Primary visual area layer 5',116,102,1,16,16.1,64,Visual,5,49,0.611429795,6.770426417,6.770426417,0.2933467984,0.4348065288,0,0.1486582997,0.5688706925,0.2981282614,0.380952381,0.03375527426,0.0000299997,0.00004295758569
Primary visual area layer 6a',215,182,1,16,16.1,65,Visual,6,14,0.4373648407,3.50E+02,-10,0.5395097731,0.1242304368,0,0.7986832851,0.04597845534,0.5254735553,0.2142857143,0.01687763713,0.06650933491,0.07921296978
Primary visual area layer 6a',190,186,1,16,16.1,66,Visual,6,1135,0.1038146907,33.14389111,33.14389111,10.78274538,10.07153898,0,9.846955334,12.56473984,10.75871113,1,0.4655414909,0.0006799932001,0.0009226429737
Primary visual area layer 6a',193,196,1,16,16.1,67,Visual,6,1175,0.07671633519,56.67145569,56.67145569,16.68351712,10.41760949,0,11.81549422,25.95348573,16.47173641,1,0.4317862166,0.003099969,0.004068822286
Primary visual area layer 4',136,210,1,16,16.1,68,Visual,4,7766,0.05304262873,48.69601506,48.69601506,55.90910599,68.91239802,1,55.5499138,56.59316775,56.34864083,1,0.8607594937,0.0014699853,0.001954481341
Primary visual area layer 4',138,215,1,16,16.1,69,Visual,4,7107,0.1059112524,49.72348682,49.72348682,53.5325313,63.05582028,1,46.35866466,67.19345555,53.85444101,1,0.8677918425,0.000009999900001,0.00001463574441
Primary visual area layer 4',139,220,1,16,16.1,70,Visual,4,1420,0.0570887037,28.82024948,28.82024948,13.66468367,12.60051573,0,13.50944134,13.96032119,13.62872052,1,0.682137834,0.006899931001,0.008895615511
Primary visual area layer 2/3',203,228,1,16,16.1,71,Visual,2,1143,0.07866016994,1.57E+02,157,7.801162318,10.14252781,1,10.70055697,2.279990462,7.880303763,0.9761904762,0.3291139241,0.0048499515,0.006303256829
Primary visual area layer 2/3',203,230,1,16,16.1,72,Visual,2,675,0.05496204055,87.5304275,87.5304275,12.67847967,5.989681775,0,6.593516368,24.26580596,12.45240358,0.880952381,0.264416315,0.1026889731,0.1201418287
Primary somatosensory area layer unknown',94,0,1,17,17.1,73,Somatosensory,0,50,0.6963397533,7.229735263,7.229735263,0.6236327827,0.2037214222,0,0.62746948,0.5872623785,0.5939226621,0.4347826087,0.02337472608,0.000009999900001,0.00001463574441
Primary somatosensory area layer unknown',94,4,1,17,17.1,74,Somatosensory,0,35,0.0880151623,3.22E+02,-38,0.6739665962,0.1455153016,0,0.7177578937,0.2587935905,0.6365768404,0.1449275362,0.008035062089,0.8890711093,0.8983501637
Primary somatosensory area layer unknown',93,5,1,17,17.1,75,Somatosensory,0,14,0.2002302041,2.09E+02,-151,0.1810751024,0.05820612062,0,0.1991244474,0.009953599636,0.1723817137,0.05797101449,0.00219138057,0.6599234008,0.6890016582
Primary somatosensory area layer unknown',94,7,1,17,17.1,76,Somatosensory,0,1406,0.6126086168,3.60E+02,0,19.45607656,5.833084802,1,16.85663687,44.10108212,18.49220421,1,0.5471146822,0.000009999900001,0.00001463574441
Primary somatosensory area layer unknown',93,8,1,17,17.1,77,Somatosensory,0,453,0.148108327,1.62E+02,162,5.453779483,1.88338376,1,4.860876228,11.07503853,5.201162253,0.6376811594,0.06574141709,0.3485065149,0.3819319207
Primary somatosensory area layer unknown',94,12,1,17,17.1,78,Somatosensory,0,106,0.232871563,3.45E+02,-15,1.511913792,0.4407034847,0,1.599644726,0.6801626418,1.436122059,0.2898550725,0.01899196494,0.1032089679,0.1206874736
Primary somatosensory area layer unknown',91,23,1,17,17.1,79,Somatosensory,0,188,0.1329269607,5.492246322,5.492246322,1.360595787,0.7816250484,1,1.42676691,0.7332485065,1.319632027,0.6231884058,0.04967129291,0.1003589964,0.11778316
Primary somatosensory area layer unknown',90,26,1,17,17.1,80,Somatosensory,0,1911,0.5815166437,3.37E+02,-23,8.323439978,7.932662725,0,8.605045758,5.653644593,8.295796431,1,0.6515704894,0.000009999900001,0.00001463574441
Primary somatosensory area layer unknown',90,27,1,17,17.1,81,Somatosensory,0,223,0.09111047274,60.68739138,60.68739138,2.89403599,0.9271403499,0,2.958870303,2.279374317,2.754871585,0.6086956522,0.04236669102,0.5130448696,0.5475884312
Primary somatosensory area layer unknown',90,34,1,17,17.1,82,Somatosensory,0,230,0.3102289609,3.50E+02,-10,2.275468245,0.9520858302,0,2.286956526,2.166566854,2.181834762,0.6376811594,0.07669831994,0.0000299997,0.00004295758569
Primary somatosensory area layer unknown',89,35,1,17,17.1,83,Somatosensory,0,40,0.3139072873,1.26E+02,126,0.9876823767,0.1663032018,0,1.004371114,0.8294666364,0.9295669204,0.08695652174,0.00292184076,0.5606643934,0.5930712168
Primary somatosensory area layer unknown',90,36,1,17,17.1,84,Somatosensory,0,103,0.3655774089,3.00E+02,-60,1.673678438,0.4282307446,0,1.695532421,1.466497013,1.585558766,0.5072463768,0.03067932798,0.0001099989,0.0001536026823
Primary somatosensory area layer unknown',88,38,1,17,17.1,85,Somatosensory,0,43,0.261341852,2.63E+02,-97,0.9902148956,0.1787759419,0,1.014519812,0.7597914389,0.9328027546,0.2173913043,0.007304601899,0.1039589604,0.1214383082
Primary somatosensory area layer unknown',88,44,1,17,17.1,86,Somatosensory,0,5,0.6925552781,3.39E+02,-21,0.4580693587,0.02078790022,0,0.4538917543,0.4976799818,0.4271301166,0.05797101449,0.005113221329,0.08583914161,0.1015898569
Primary somatosensory area layer unknown',15,74,1,17,17.1,87,Somatosensory,0,1706,0.5775088168,3.26E+02,-34,10.86545584,7.092831556,0,9.998916889,19.0810505,10.59853373,1,0.6449963477,0.000009999900001,0.00001463574441
Primary somatosensory area layer unknown',13,79,1,17,17.1,88,Somatosensory,0,1966,0.4929721542,3.45E+02,-15,13.92347243,8.169644787,1,14.94448225,4.243551312,13.51637369,0.9275362319,0.5018261505,0.000009999900001,0.00001463574441
Primary somatosensory area layer unknown',76,81,1,17,17.1,89,Somatosensory,0,72,0.4558050065,3.15E+02,-45,0.499222791,0.2993457632,0,0.4503922034,0.9621812982,0.4850809657,0.3188405797,0.01533966399,0.0010499895,0.001405188088
Primary somatosensory area layer unknown',110,82,1,17,17.1,90,Somatosensory,0,40,0.3579432132,21.18908972,21.18908972,1.512230357,0.1663032018,0,1.630440774,0.3915082524,1.41700122,0.2463768116,0.01241782323,0.08749912501,0.1033913545
Primary somatosensory area layer unknown',45,85,1,17,17.1,91,Somatosensory,0,398,0.2173842893,2.23E+02,-137,5.547799247,1.654716858,1,4.986160151,10.87264867,5.272350606,0.8985507246,0.06720233747,0.00008999910001,0.0001261444422
Primary somatosensory area layer unknown',12,86,1,17,17.1,92,Somatosensory,0,841,0.3775653318,3.22E+02,-38,8.792905672,3.496524817,1,9.512479311,1.970812728,8.418169797,0.9130434783,0.203798393,0.000009999900001,0.00001463574441
Primary somatosensory area layer unknown',75,87,1,17,17.1,93,Somatosensory,0,316,0.4250776281,3.11E+02,-49,1.593904092,1.313795294,0,1.602444366,1.512947145,1.574086263,0.768115942,0.08473338203,0.000009999900001,0.00001463574441
Primary somatosensory area layer unknown',45,88,1,17,17.1,94,Somatosensory,0,211,0.1688908721,3.47E+02,-13,3.160583605,0.8772493894,0,3.336471847,1.493039945,2.999029985,0.5942028986,0.03725346969,0.0432295677,0.05234521619
Primary somatosensory area layer unknown',75,89,1,17,17.1,95,Somatosensory,0,1071,0.5884596213,3.21E+02,-39,5.472773375,4.452768228,1,5.737863689,2.959536959,5.400607307,0.9710144928,0.388604821,0.000009999900001,0.00001463574441
Primary somatosensory area layer unknown',10,97,1,17,17.1,96,Somatosensory,0,906,0.7759051006,3.38E+02,-22,5.530071615,3.76260994,1,5.186334464,8.789028479,5.405019808,0.9855072464,0.5215485756,0.000009999900001,0.00001463574441
Primary somatosensory area layer unknown',73,98,1,17,17.1,97,Somatosensory,0,482,0.4435372918,3.20E+02,-40,3.564520372,1.999796001,0,3.732271056,1.974130595,3.453811776,0.8550724638,0.1344046749,0.000009999900001,0.00001463574441
Primary somatosensory area layer unknown',44,100,1,17,17.1,98,Somatosensory,0,1040,0.6316407096,3.09E+02,-51,2.826924238,4.323883246,0,2.761495631,3.447263341,2.932842467,1,0.3915266618,0.000009999900001,0.00001463574441
Primary somatosensory area layer unknown',9,104,1,17,17.1,99,Somatosensory,0,2450,0.6728742136,3.25E+02,-35,8.640004842,10.18191353,0,8.44511628,10.48777615,8.749107388,0.9855072464,0.7457998539,0.000009999900001,0.00001463574441
Primary somatosensory area layer unknown',107,115,1,17,17.1,100,Somatosensory,0,2351,0.5429152772,3.22E+02,-38,11.37480871,9.757840364,0,11.32069727,11.88459797,11.26011474,1,0.7129291454,0.000009999900001,0.00001463574441
Primary somatosensory area layer unknown',41,127,1,17,17.1,101,Somatosensory,0,1012,0.6927714254,3.38E+02,-22,4.223291855,4.207471005,0,4.103923364,5.355036604,4.222175319,1,0.519357195,0.000009999900001,0.00001463574441
Primary somatosensory area layer unknown',4,128,1,17,17.1,102,Somatosensory,0,5546,0.6963904935,3.32E+02,-28,21.49063894,23.02467829,1,20.84192546,27.64114619,21.59919339,1,0.899926954,0.000009999900001,0.00001463574441
Primary somatosensory area layer unknown',4,130,1,17,17.1,103,Somatosensory,0,1706,0.6450576539,3.36E+02,-24,7.751407268,7.088673976,0,7.792799989,7.359027998,7.704521269,1,0.7173119065,0.000009999900001,0.00001463574441
Primary somatosensory area layer unknown',56,182,1,17,17.1,104,Somatosensory,0,716,0.728403814,3.56E+02,-4,2.187779777,2.976827312,0,2.2817072,1.297285819,2.243609779,0.9710144928,0.3674214755,0.000009999900001,0.00001463574441
Primary somatosensory area layer unknown',162,221,1,17,17.1,105,Somatosensory,0,381,0.9125743624,3.57E+02,-3,0.4511049317,1.584037997,0,0.47558897,0.218979192,0.531265145,0.9710144928,0.246165084,0.000009999900001,0.00001463574441
Primary somatosensory area layer unknown',162,224,1,17,17.1,106,Somatosensory,0,202,0.9267592617,3.57E+02,-3,0.1383388457,0.8356735889,0,0.1518805099,0.009953599636,0.1876783846,0.884057971,0.1387874361,0.000009999900001,0.00001463574441
Primary somatosensory area layer unknown',162,226,1,17,17.1,107,Somatosensory,0,482,0.9554893333,3.57E+02,-3,0.8281336851,1.995638421,0,0.6558158424,2.461856977,0.9107402486,1,0.2936449963,0.000009999900001,0.00001463574441
Primary somatosensory area layer unknown',162,228,1,17,17.1,108,Somatosensory,0,2528,0.7008536606,3.30E+02,-30,6.124263865,10.49788961,0,6.070670981,6.632415224,6.433720923,1,0.8013148283,0.000009999900001,0.00001463574441
Primary somatosensory area layer unknown',169,264,1,17,17.1,109,Somatosensory,0,754,0.9269266714,2.449670735,2.449670735,0.3260618103,3.130657774,0,0.353804598,0.06303946436,0.5244993098,1,0.3929875822,0.000009999900001,0.00001463574441
Primary somatosensory area layer unknown',170,265,1,17,17.1,110,Somatosensory,0,1814,0.9490942136,2.264762922,2.264762922,0.4254631777,7.533535041,0,0.4608908562,0.08626453018,0.9280960866,1,0.6859021183,0.000009999900001,0.00001463574441
Primary somatosensory area layer unknown',233,269,1,17,17.1,111,Somatosensory,0,240,0.8534721419,5.072893031,5.072893031,1.209277782,0.9895040506,0,0.9312304998,3.845407326,1.193728659,0.9130434783,0.1526661797,0.000009999900001,0.00001463574441
Primary somatosensory area layer unknown',171,270,1,17,17.1,112,Somatosensory,0,911,0.9290328244,3.59E+02,-1,0.4631343965,3.78339784,0,0.490637039,0.2023898593,0.6980576905,0.9855072464,0.4521548576,0.000009999900001,0.00001463574441
Primary somatosensory area layer unknown',173,271,1,17,17.1,113,Somatosensory,0,368,0.6835983334,2.74241123,2.74241123,3.02224476,1.529989456,0,2.599116468,7.033877076,2.916663296,0.9275362319,0.200146092,0.000009999900001,0.00001463574441
Primary somatosensory area layer unknown',235,282,1,17,17.1,114,Somatosensory,0,480,0.9432935665,2.9726641,2.9726641,0.09401976471,1.987323261,0,0.1021868869,0.01658933273,0.2279792289,0.9565217391,0.2958363769,0.000009999900001,0.00001463574441
Primary somatosensory area layer unknown',235,283,1,17,17.1,115,Somatosensory,0,430,0.888198262,3.249957059,3.249957059,0.6492745367,1.783601839,0,0.5676271592,1.423364748,0.7295335324,0.9710144928,0.2512783053,0.000009999900001,0.00001463574441
Primary somatosensory area layer unknown',235,284,1,17,17.1,116,Somatosensory,0,563,0.7783719288,5.47226665,5.47226665,1.426441279,2.340717565,0,1.469461431,1.018585029,1.49113124,0.9565217391,0.2972972973,0.000009999900001,0.00001463574441
Primary somatosensory area layer unknown',236,290,1,17,17.1,117,Somatosensory,0,149,0.8653325725,9.08399167,9.08399167,0.1253596863,0.6194794266,0,0.1350826655,0.03317866545,0.1603208771,0.7826086957,0.09642074507,0.000009999900001,0.00001463574441
Primary somatosensory area layer unknown',239,296,1,17,17.1,118,Somatosensory,0,585,0.7669213572,3.55E+02,-5,1.378006854,2.428026746,0,1.271036894,2.392181779,1.45230123,1,0.3338203068,0.000009999900001,0.00001463574441
Primary somatosensory area layer unknown',239,297,1,17,17.1,119,Somatosensory,0,293,0.9142377943,4.496728125,4.496728125,0.1117473971,1.214013373,0,0.1210844618,0.02322506582,0.1897375518,0.9275362319,0.184806428,0.000009999900001,0.00001463574441
Primary somatosensory area layer unknown',208,301,1,17,17.1,120,Somatosensory,0,435,0.7839089432,5.163492519,5.163492519,1.129186871,1.808547319,0,0.9494281646,2.83345803,1.177255321,0.9565217391,0.2359386413,0.000009999900001,0.00001463574441
Primary somatosensory area layer unknown',208,302,1,17,17.1,121,Somatosensory,0,290,0.9192120421,9.37242702,9.37242702,0.07597556744,1.205698213,0,0.08293935681,0.009953599636,0.1559083759,0.9275362319,0.1840759679,0.000009999900001,0.00001463574441
Primary somatosensory area layer unknown',240,311,1,17,17.1,122,Somatosensory,0,184,0.8992113413,7.596429163,7.596429163,0.1392885403,0.7649947282,0,0.1420817674,0.1128074625,0.1835600501,0.7826086957,0.1124908692,0.000009999900001,0.00001463574441
Primary somatosensory area layer unknown',240,312,1,17,17.1,123,Somatosensory,0,188,0.791254609,11.03542359,11.03542359,0.4115343236,0.7816250484,0,0.3590539244,0.9090954335,0.4377201195,0.8115942029,0.1066471877,0.000009999900001,0.00001463574441
Primary somatosensory area layer unknown',177,313,1,17,17.1,124,Somatosensory,0,266,0.9052949027,9.232102133,9.232102133,0.1139633512,1.105916292,0,0.1245840128,0.01327146618,0.1841483836,0.9130434783,0.1782322863,0.000009999900001,0.00001463574441
Primary somatosensory area layer unknown',240,315,1,17,17.1,125,Somatosensory,0,393,0.9157458623,8.11815378,8.11815378,0.1525842646,1.633928957,0,0.1655287585,0.02986079891,0.2573959036,0.9710144928,0.2388604821,0.000009999900001,0.00001463574441
Primary somatosensory area layer unknown',144,324,1,17,17.1,126,Somatosensory,0,422,0.9050189611,13.21175269,13.21175269,0.2260273131,1.754498779,0,0.2218715283,0.2654293236,0.3341734245,0.9130434783,0.2520087655,0.000009999900001,0.00001463574441
Primary somatosensory area layer unknown',178,330,1,17,17.1,127,Somatosensory,0,23,0.3299349709,3.29E+02,-31,0.1690456376,0.09562434102,0,0.1753275011,0.109489596,0.1638508781,0.1449275362,0.005843681519,0.6908430916,0.7179537392
Primary somatosensory area layer unknown',178,334,1,17,17.1,128,Somatosensory,0,94,0.3856983619,6.346400748,6.346400748,0.7831814744,0.3908125242,0,0.7604524149,0.9986778302,0.7554202062,0.5507246377,0.0365230095,0.0048499515,0.006303256829
Primary somatosensory area layer unknown',209,336,1,17,17.1,129,Somatosensory,0,19,0.6719931893,37.83871514,37.83871514,0.1969033456,0.07899402085,0,0.2138225612,0.036496532,0.1885608848,0.1449275362,0.007304601899,0.0005299947001,0.0007230412544
Primary somatosensory area layer unknown',209,341,1,17,17.1,130,Somatosensory,0,263,0.5046132961,11.62527514,11.62527514,1.685074773,1.093443552,0,1.671035564,1.818190867,1.643215448,0.8550724638,0.1183345508,0.000009999900001,0.00001463574441
Primary somatosensory area layer unknown',242,343,1,17,17.1,131,Somatosensory,0,735,0.3538740799,10.57830757,10.57830757,4.751955178,3.055821333,1,4.817831752,4.127425983,4.631949597,0.9130434783,0.2658875091,0.000009999900001,0.00001463574441
Primary somatosensory area layer unknown',244,346,1,17,17.1,132,Somatosensory,0,1320,0.75887643,3.51E+02,-9,2.280849848,5.488005659,0,2.215215732,2.903133227,2.507771518,0.9855072464,0.5069393718,0.000009999900001,0.00001463574441
Primary somatosensory area layer unknown',182,352,1,17,17.1,133,Somatosensory,0,33,0.7468354468,3.52E+02,-8,0.2507193725,0.1372001415,0,0.273664882,0.03317866545,0.2426875662,0.2898550725,0.02045288532,0.000009999900001,0.00001463574441
Primary somatosensory area layer unknown',211,353,1,17,17.1,134,Somatosensory,0,54,0.05038174335,3.42E+02,-18,0.8211692581,0.2245093224,0,0.8762875504,0.2986079891,0.7789535459,0.2608695652,0.01314828342,0.9417605824,0.9472310415
Primary somatosensory area layer unknown',183,357,1,17,17.1,135,Somatosensory,0,2929,0.7739651446,3.4294456,3.4294456,7.160380666,12.15260647,0,7.579677338,3.185151884,7.513607051,1,0.596055515,0.000009999900001,0.00001463574441
Primary somatosensory area layer unknown',147,361,1,17,17.1,136,Somatosensory,0,98,0.7581827007,3.49E+02,-11,0.4150165371,0.4074428444,0,0.4577412604,0.009953599636,0.4144809465,0.3623188406,0.05186267348,0.000009999900001,0.00001463574441
Primary somatosensory area layer unknown',250,370,1,17,17.1,137,Somatosensory,0,147,0.3031899976,3.18E+02,-42,1.094997866,0.6111642665,0,1.189847313,0.1957541262,1.06076529,0.4927536232,0.03871439007,0.0042299577,0.005510205315
Primary somatosensory area layer unknown',188,375,1,17,17.1,138,Somatosensory,0,2739,0.6129311672,3.57E+02,-3,16.82162376,11.375139,1,15.97405013,24.85745616,16.43627282,1,0.7604090577,0.000009999900001,0.00001463574441
Primary somatosensory area layer unknown',215,381,1,17,17.1,139,Somatosensory,0,253,0.3883890978,3.24E+02,-36,2.471738461,1.051867751,1,2.555722037,1.675522605,2.371278147,0.768115942,0.08838568298,0.000009999900001,0.00001463574441
Primary somatosensory area layer unknown',215,382,1,17,17.1,140,Somatosensory,0,114,0.2867312714,3.50E+02,-10,0.9509608524,0.469806545,0,1.033767342,0.1658933273,0.9169177502,0.5797101449,0.04163623083,0.0166598334,0.02085722191
Primary somatosensory area layer unknown',190,383,1,17,17.1,141,Somatosensory,0,1459,0.8024610118,3.44E+02,-16,3.958010499,6.057594125,0,3.725271954,6.164596041,4.106567787,1,0.7888970051,0.000009999900001,0.00001463574441
Primary somatosensory area layer unknown',215,384,1,17,17.1,142,Somatosensory,0,4172,0.6921948911,3.58E+02,-2,21.04491562,17.32047847,1,20.68024621,24.50244444,20.78140984,1,0.930606282,0.000009999900001,0.00001463574441
Primary somatosensory area layer unknown',152,395,1,17,17.1,143,Somatosensory,0,2747,0.7276332962,3.41E+02,-19,9.946468037,11.38761174,0,9.844236738,10.91578093,10.04844191,1,0.8707085464,0.000009999900001,0.00001463574441
Primary somatosensory area layer unknown',142,428,1,17,17.1,144,Somatosensory,0,1021,0.7656697469,3.58E+02,-2,2.582536163,4.240731645,0,2.760095811,0.8958239673,2.699568237,0.9275362319,0.434623813,0.000009999900001,0.00001463574441
Primary somatosensory area layer unknown',223,429,1,17,17.1,145,Somatosensory,0,88,0.5798306989,8.504114623,8.504114623,0.5508228639,0.3658670439,0,0.5966734319,0.1161253291,0.5377368134,0.4782608696,0.04017531045,0.000009999900001,0.00001463574441
Primary somatosensory area layer unknown',223,432,1,17,17.1,146,Somatosensory,0,476,0.7726406889,3.52E+02,-8,1.430240057,1.974850521,0,1.547851372,0.3151973218,1.468774568,0.9420289855,0.2585829072,0.000009999900001,0.00001463574441
Primary somatosensory area layer unknown',206,440,1,17,17.1,147,Somatosensory,0,611,0.8008650558,1.019179405,1.019179405,1.367560214,2.536123827,0,1.457562958,0.5142693145,1.450242062,0.9710144928,0.3447772096,0.000009999900001,0.00001463574441
Primary somatosensory area layer unknown',178,443,1,17,17.1,148,Somatosensory,0,500,0.2065163223,44.88237536,44.88237536,4.021323472,2.078790022,0,4.04933037,3.755824929,3.88388356,0.8260869565,0.09276844412,0.0006099939001,0.0008301670309
Primary somatosensory area layer unknown',23,450,1,17,17.1,149,Somatosensory,0,851,0.2990267997,4.296089227,4.296089227,5.758314882,3.538100618,0,5.895693435,4.455894771,5.601229029,0.9565217391,0.2417823229,0.000009999900001,0.00001463574441
Primary somatosensory area layer unknown',11,451,1,17,17.1,150,Somatosensory,0,884,0.5547209518,3.30E+02,-30,4.165993615,3.675300759,0,4.328244578,2.627750304,4.131277794,0.9710144928,0.3214024836,0.000009999900001,0.00001463574441
Primary somatosensory area layer unknown',236,452,1,17,17.1,151,Somatosensory,0,4174,0.7569557336,6.867200569,6.867200569,25.16025885,17.34542395,1,22.03912183,54.75143373,24.60734255,1,0.9203798393,0.000009999900001,0.00001463574441
Primary somatosensory area layer unknown',240,453,1,17,17.1,152,Somatosensory,0,938,0.8017792247,16.05786159,16.05786159,1.325140522,3.895652502,0,1.320380562,1.370278883,1.507016245,0.9855072464,0.407596786,0.000009999900001,0.00001463574441
Primary somatosensory area layer unknown',240,454,1,17,17.1,153,Somatosensory,0,702,0.8780342973,10.42204537,10.42204537,0.510935691,2.918621191,0,0.4836379372,0.7697450385,0.6812901859,0.9855072464,0.3798392988,0.000009999900001,0.00001463574441
Primary somatosensory area layer unknown',182,455,1,17,17.1,154,Somatosensory,0,720,0.1526744488,3.39E+02,-21,11.73695891,2.989300052,0,11.32314696,15.66033009,11.1180322,0.8405797101,0.130752374,0.0111098889,0.0141290169
Primary somatosensory area layer unknown',223,456,1,17,17.1,155,Somatosensory,0,710,0.8235364935,3.59E+02,-1,1.759467516,2.947724252,0,1.879608799,0.620441044,1.843543003,1,0.3951789627,0.000009999900001,0.00001463574441
Supplemental somatosensory area layer 6a',91,9,2,17,17.2,156,Somatosensory,6,30,0.3329922083,2.83E+02,-77,0.622061345,0.3236555528,0,0.6757009706,0.2438863121,0.6130327031,0.2647058824,0.02671118531,0.1867181328,0.2127037029
Primary somatosensory area mouth layer 6a',15,38,2,17,17.2,157,Somatosensory,6,319,0.7719417281,3.15E+02,-45,3.21028087,3.441537378,0,3.453454619,1.495836048,3.217279192,1,0.3606010017,0.000009999900001,0.00001463574441
Primary somatosensory area mouth layer 6a',44,49,2,17,17.2,158,Somatosensory,6,1020,0.6553192774,3.08E+02,-52,13.73483174,11.0042888,0,11.64450319,28.47237202,13.65221871,1,0.6677796327,0.000009999900001,0.00001463574441
Primary somatosensory area mouth layer 6a',44,50,2,17,17.2,159,Somatosensory,6,2023,0.6826171717,3.37E+02,-23,28.69291615,21.82517278,1,30.11750663,18.64917333,28.48512927,1,0.9015025042,0.000009999900001,0.00001463574441
Primary somatosensory area mouth layer 6a',108,52,2,17,17.2,160,Somatosensory,6,416,0.6168160508,3.01E+02,-59,6.125688505,4.488023666,0,5.593558717,9.877395641,6.076139902,0.8823529412,0.3439065109,0.000009999900001,0.00001463574441
Primary somatosensory area mouth layer 5',8,58,2,17,17.2,161,Somatosensory,5,294,0.6376826602,3.43E+02,-17,4.261860763,3.161035899,0,4.250228289,4.343886204,4.228554652,1,0.3138564274,0.000009999900001,0.00001463574441
Primary somatosensory area mouth layer 5',107,62,2,17,17.2,162,Somatosensory,5,823,0.7268338054,3.30E+02,-30,7.154715307,8.878950666,1,7.882024917,2.026966239,7.20688819,1,0.6811352254,0.000009999900001,0.00001463574441
Primary somatosensory area mouth layer 5',107,63,2,17,17.2,163,Somatosensory,5,1101,0.6550814709,3.37E+02,-23,13.64024341,11.87815879,0,13.43445735,15.09114302,13.58693302,1,0.8380634391,0.000009999900001,0.00001463574441
Primary somatosensory area mouth layer 5',107,64,2,17,17.2,164,Somatosensory,5,691,0.627110471,3.36E+02,-24,6.778381658,7.454866233,0,6.567136964,8.267745981,6.798852578,1,0.6393989983,0.000009999900001,0.00001463574441
Primary somatosensory area mouth layer 5',70,66,2,17,17.2,165,Somatosensory,5,532,0.8191313451,3.35E+02,-25,3.067893452,5.728703285,0,3.209387431,2.070323805,3.148402781,1,0.6577629382,0.000009999900001,0.00001463574441
Primary somatosensory area mouth layer 5',107,67,2,17,17.2,166,Somatosensory,5,482,0.5102848875,3.04E+02,-56,8.989594307,5.200065882,1,8.069207154,15.47865128,8.87493777,0.9411764706,0.3405676127,0.000009999900001,0.00001463574441
Primary somatosensory area mouth layer 5',70,68,2,17,17.2,167,Somatosensory,5,298,0.7504314322,3.38E+02,-22,5.792104742,3.214978491,0,5.717706279,6.316655484,5.714130707,1,0.3422370618,0.000009999900001,0.00001463574441
Primary somatosensory area mouth layer 5',106,73,2,17,17.2,168,Somatosensory,5,289,0.7245965443,3.34E+02,-26,2.392647208,3.117881825,0,2.398392524,2.352147988,2.414591536,0.9705882353,0.3372287145,0.000009999900001,0.00001463574441
Primary somatosensory area mouth layer 5',106,74,2,17,17.2,169,Somatosensory,5,207,0.8325280866,3.39E+02,-21,2.268100294,2.233223314,0,2.238499689,2.476800992,2.267045859,0.9705882353,0.3105175292,0.000009999900001,0.00001463574441
Primary somatosensory area mouth layer 5',106,75,2,17,17.2,170,Somatosensory,5,326,0.8113163464,3.34E+02,-26,2.506759111,3.517057007,0,2.51485293,2.449702513,2.537328648,1,0.4173622705,0.000009999900001,0.00001463574441
Primary somatosensory area mouth layer 5',106,76,2,17,17.2,171,Somatosensory,5,122,0.7190915919,3.39E+02,-21,1.582419038,1.316199248,0,1.601618853,1.447058785,1.574364604,0.8235294118,0.1485809683,0.000009999900001,0.00001463574441
Primary somatosensory area nose layer 4',125,88,2,17,17.2,172,Somatosensory,4,154,0.6086834764,3.15E+02,-45,1.974236899,1.650643319,0,2.071688414,1.287177758,1.964446649,0.8235294118,0.1235392321,0.000009999900001,0.00001463574441
Primary somatosensory area nose layer 4',58,96,2,17,17.2,173,Somatosensory,4,806,0.7953883208,3.48E+02,-12,3.470482937,8.684757334,0,3.754791116,1.466027721,3.62825266,1,0.6644407346,0.000009999900001,0.00001463574441
Primary somatosensory area nose layer 2/3',120,99,2,17,17.2,174,Somatosensory,2,155,0.5823764233,3.43E+02,-17,1.782367328,1.672220356,0,1.915254799,0.8454725487,1.779035267,0.8823529412,0.1719532554,0.000009999900001,0.00001463574441
Primary somatosensory area nose layer 2/3',119,103,2,17,17.2,175,Somatosensory,2,45,0.4951100368,3.24E+02,-36,0.3595029851,0.4854833292,0,0.4008851606,0.06774619781,0.3633149087,0.5882352941,0.05843071786,0.00005999940001,0.00008478257967
Primary somatosensory area nose layer 2/3',56,104,2,17,17.2,176,Somatosensory,2,167,0.6752372168,3.44E+02,-16,1.19800667,1.801682577,0,1.305279008,0.4417052097,1.216272552,0.8529411765,0.2103505843,0.000009999900001,0.00001463574441
Primary somatosensory area nose layer 2/3',119,105,2,17,17.2,177,Somatosensory,2,80,0.7637479421,3.48E+02,-12,1.138089506,0.8630814742,0,1.189587317,0.775016503,1.129769002,0.8235294118,0.1235392321,0.000009999900001,0.00001463574441
Primary somatosensory area nose layer 2/3',119,106,2,17,17.2,178,Somatosensory,2,54,0.5388177497,3.46E+02,-14,0.4312016142,0.5825799951,0,0.4566170381,0.2520158559,0.4357820334,0.6764705882,0.06844741235,0.000009999900001,0.00001463574441
Primary somatosensory area nose layer 2/3',119,108,2,17,17.2,179,Somatosensory,2,141,0.7015742261,3.37E+02,-23,0.956318334,1.51039258,0,1.044300078,0.3360211411,0.973083327,0.8235294118,0.1786310518,0.000009999900001,0.00001463574441
Primary somatosensory area nose layer 2/3',56,109,2,17,17.2,180,Somatosensory,2,109,0.7486538143,3.52E+02,-8,0.5766185519,1.175948509,0,0.6353434041,0.1625908747,0.5947527077,0.8529411765,0.16360601,0.000009999900001,0.00001463574441
Primary somatosensory area nose layer 2/3',55,115,2,17,17.2,181,Somatosensory,2,1332,0.7342640113,2.896038039,2.896038039,12.26416831,14.35951803,0,12.45972603,10.88545906,12.3275719,1,0.6627712855,0.000009999900001,0.00001463574441
Primary somatosensory area nose layer 2/3',117,117,2,17,17.2,182,Somatosensory,2,54,0.8591023024,3.370749184,3.370749184,0.6685139779,0.5825799951,0,0.7268205548,0.2574355517,0.6659141184,0.4411764706,0.0918196995,0.000009999900001,0.00001463574441
Caudoputamen',226,153,2,17,17.2,183,Caudoputamen,0,203,0.945377838,3.57E+02,-3,0.1383480589,2.168492204,0,0.1533587527,0.03251817495,0.1997742355,0.8823529412,0.305509182,0.000009999900001,0.00001463574441
Caudoputamen',167,163,2,17,17.2,184,Caudoputamen,0,308,0.9235544958,3.59E+02,-1,0.4099949774,3.322863676,0,0.362449383,0.7452081759,0.4981298749,1,0.3956594324,0.000009999900001,0.00001463574441
Caudoputamen',229,166,2,17,17.2,185,Caudoputamen,0,490,0.918284974,2.561309853,2.561309853,1.386173495,5.275585511,0,1.337180703,1.731592816,1.503856051,0.9705882353,0.5893155259,0.000009999900001,0.00001463574441
Caudoputamen',166,168,2,17,17.2,186,Caudoputamen,0,624,0.9209563758,3.57E+02,-3,3.082031209,6.710458462,0,3.046804092,3.330403084,3.19181777,1,0.6310517529,0.000009999900001,0.00001463574441
Caudoputamen',167,169,2,17,17.2,187,Caudoputamen,0,320,0.9265134115,3.55E+02,-5,0.7540137515,3.452325897,0,0.7118306015,1.05142099,0.8356569329,1,0.4407345576,0.000009999900001,0.00001463574441
Caudoputamen',167,170,2,17,17.2,188,Caudoputamen,0,207,0.9625891508,3.57E+02,-3,0.2696272388,2.233223314,0,0.1902570992,0.8292134612,0.3290399173,0.9705882353,0.2971619366,0.000009999900001,0.00001463574441
Caudoputamen',167,172,2,17,17.2,189,Caudoputamen,0,792,0.9237776171,3.53E+02,-7,1.951010582,8.522929557,0,1.842995537,2.709847912,2.149531603,1,0.694490818,0.000009999900001,0.00001463574441
Caudoputamen',229,173,2,17,17.2,190,Caudoputamen,0,700,0.8366329153,3.55E+02,-5,5.181488249,7.551962899,0,4.663412899,8.834104195,5.25321368,1,0.6811352254,0.000009999900001,0.00001463574441
Caudoputamen',167,175,2,17,17.2,191,Caudoputamen,0,147,0.9364344474,3.56E+02,-4,0.1592180824,1.585912209,0,0.1791107237,0.01896893539,0.2023856634,0.8823529412,0.225375626,0.000009999900001,0.00001463574441
Caudoputamen',167,176,2,17,17.2,192,Caudoputamen,0,244,0.9118401464,3.52E+02,-8,0.5338686651,2.632398496,0,0.4462393782,1.151685363,0.5973641356,0.9411764706,0.3405676127,0.000009999900001,0.00001463574441
Caudoputamen',229,177,2,17,17.2,193,Caudoputamen,0,194,0.9406292399,3.58E+02,-2,0.6971261069,2.092972575,0,0.6899222083,0.7479180238,0.7393605285,0.9705882353,0.2838063439,0.000009999900001,0.00001463574441
Caudoputamen',230,180,2,17,17.2,194,Caudoputamen,0,128,0.8621291206,3.55E+02,-5,0.2861212896,1.380930359,0,0.2636694345,0.4444150576,0.3192470627,0.9117647059,0.183639399,0.000009999900001,0.00001463574441
Caudoputamen',168,183,2,17,17.2,195,Caudoputamen,0,204,0.8562644531,0.1431310364,0.1431310364,0.5069396026,2.190069241,0,0.4846751558,0.6639127386,0.5578662884,1,0.2871452421,0.000009999900001,0.00001463574441
Caudoputamen',168,187,2,17,17.2,196,Caudoputamen,0,372,0.8967650328,3.59E+02,-1,1.752408746,4.002540336,0,1.700014444,2.121810915,1.820491686,0.9705882353,0.449081803,0.000009999900001,0.00001463574441
Caudoputamen',230,189,2,17,17.2,197,Caudoputamen,0,94,0.956342183,3.53E+02,-7,0.2066805551,1.014120732,0,0.1798794393,0.3956377952,0.2311113705,0.8823529412,0.1485809683,0.000009999900001,0.00001463574441
Caudoputamen',168,190,2,17,17.2,198,Caudoputamen,0,248,0.895553783,3.57E+02,-3,0.7846455602,2.664764052,0,0.7840898635,0.7885657425,0.8415326457,1,0.3355592654,0.000009999900001,0.00001463574441
Caudoputamen',231,194,2,17,17.2,199,Caudoputamen,0,300,0.8878312914,3.56E+02,-4,0.4773176338,3.236555528,0,0.4558483226,0.6286847157,0.5608041448,1,0.4257095159,0.000009999900001,0.00001463574441
Caudoputamen',231,195,2,17,17.2,200,Caudoputamen,0,296,0.8825570714,3.56E+02,-4,0.7422322867,3.161035899,0,0.8302127966,0.1219431561,0.8154183666,1,0.4006677796,0.000009999900001,0.00001463574441
Caudoputamen',170,198,2,17,17.2,201,Caudoputamen,0,345,0.8984264356,1.289085387,1.289085387,0.4547645439,3.722038857,0,0.3970415828,0.8617316362,0.5536227181,1,0.4373956594,0.000009999900001,0.00001463574441
Caudoputamen',234,202,2,17,17.2,202,Caudoputamen,0,322,0.8918700376,3.55E+02,-5,0.5453135167,3.463114415,0,0.5365634556,0.6070059324,0.633597698,1,0.4106844741,0.000009999900001,0.00001463574441
Caudoputamen',234,206,2,17,17.2,203,Caudoputamen,0,541,0.8908269282,6.446893133,6.446893133,0.7153032241,5.825799951,0,0.3701365385,3.148843274,0.8699319243,1,0.5993322204,0.000009999900001,0.00001463574441
Caudoputamen',235,211,2,17,17.2,204,Caudoputamen,0,271,0.7962524343,3.56E+02,-4,0.3568100788,2.912899975,0,0.3616806674,0.3224719016,0.4341498909,0.9411764706,0.3338898164,0.000009999900001,0.00001463574441
Caudoputamen',173,213,2,17,17.2,205,Caudoputamen,0,753,0.8738976833,3.57E+02,-3,3.792958461,8.102177339,0,2.419916559,13.47336382,3.923344014,1,0.6911519199,0.000009999900001,0.00001463574441
Caudoputamen',172,217,2,17,17.2,206,Caudoputamen,0,184,0.837698481,2.691058745,2.691058745,0.4409633993,1.974298872,0,0.4712226336,0.2276272246,0.4873577347,0.8823529412,0.2270450751,0.000009999900001,0.00001463574441
Caudoputamen',236,220,2,17,17.2,207,Caudoputamen,0,67,0.8495589176,4.810650183,4.810650183,0.250776895,0.7228307346,0,0.2621320034,0.1707204185,0.2650599334,0.5588235294,0.09515859766,0.000009999900001,0.00001463574441
Caudoputamen',237,222,2,17,17.2,208,Caudoputamen,0,378,0.8588807215,9.595055442,9.595055442,0.9953654747,4.067271447,0,0.9947179248,0.9999338797,1.088312584,1,0.4590984975,0.000009999900001,0.00001463574441
Caudoputamen',236,224,2,17,17.2,209,Caudoputamen,0,518,0.8387004642,0.2426057019,0.2426057019,4.016133067,5.566875508,0,2.618245172,13.87171146,4.063055408,1,0.5776293823,0.000009999900001,0.00001463574441
Caudoputamen',208,230,2,17,17.2,210,Caudoputamen,0,869,0.3318007365,3.23E+02,-37,6.479132451,9.375222513,0,6.337675372,7.476470391,6.566761922,1,0.6193656093,0.000009999900001,0.00001463574441
Caudoputamen',208,233,2,17,17.2,211,Caudoputamen,0,51,0.6709888566,7.91748893,7.91748893,0.6388920091,0.5502144398,0,0.6584048706,0.5013218638,0.6362091259,0.5882352941,0.05843071786,0.000009999900001,0.00001463574441
Primary somatosensory area unassigned layer 4',139,284,2,17,17.2,212,Somatosensory,4,176,0.8080612369,3.47E+02,-13,1.363283792,1.898779243,0,1.488617667,0.4796430805,1.379486796,0.8823529412,0.2387312187,0.000009999900001,0.00001463574441
Primary somatosensory area unassigned layer 2/3',140,287,2,17,17.2,213,Somatosensory,2,135,0.877298097,3.46E+02,-14,0.5490162628,1.456449988,0,0.5930640487,0.2384666163,0.5764727123,0.9117647059,0.16360601,0.000009999900001,0.00001463574441
Primary somatosensory area unassigned layer 2/3',204,291,2,17,17.2,214,Somatosensory,2,84,0.9421672396,3.55E+02,-5,0.2915071022,0.9062355479,0,0.3097923676,0.1625908747,0.310107065,0.8823529412,0.143572621,0.000009999900001,0.00001463574441
Primary somatosensory area unassigned layer 2/3',204,293,2,17,17.2,215,Somatosensory,2,556,0.7512901216,1.317152535,1.317152535,5.331281159,5.96605069,0,5.598555368,3.446926545,5.35048937,1,0.5141903172,0.000009999900001,0.00001463574441
Primary somatosensory area unassigned layer 2/3',223,296,2,17,17.2,216,Somatosensory,2,236,0.8753018619,3.58E+02,-2,1.634594097,2.546090349,0,1.592009909,1.93483141,1.662173868,0.9117647059,0.3372287145,0.000009999900001,0.00001463574441
Primary somatosensory area unassigned layer 2/3',223,297,2,17,17.2,217,Somatosensory,2,9,0.5871878555,3.54E+02,-6,0.1989384496,0.09709666584,0,0.2240805835,0.0216787833,0.1958570937,0.2058823529,0.01168614357,0.0382096179,0.04646669363
Primary somatosensory area unassigned layer 2/3',159,303,2,17,17.2,218,Somatosensory,2,280,0.8962820064,3.52E+02,-8,1.556163202,3.02078516,0,1.752287102,0.1734302664,1.600478884,0.9705882353,0.2954924875,0.000009999900001,0.00001463574441
Primary somatosensory area nose layer 4',122,306,2,17,17.2,219,Somatosensory,4,370,0.7850267844,3.38E+02,-22,1.894459551,3.991751818,0,2.064385616,0.6964309135,1.95791808,1,0.3823038397,0.000009999900001,0.00001463574441
Caudoputamen',168,307,2,17,17.2,220,Caudoputamen,0,698,0.8709587021,3.49E+02,-11,0.6584155795,7.530385862,0,0.7037590882,0.3387309891,0.8663412109,1,0.6794657763,0.000009999900001,0.00001463574441
Field CA1',81,21,1,18,18.1,221,Hipp,0,3238,0.02675345063,2.72E+02,-88,23.32751596,18.40902499,1,21.11551921,28.4997554,23.06001784,1,0.6179883946,0.230397696,0.2587950168
Prosubiculum',147,140,1,18,18.1,222,Hipp,0,2083,0.06001027145,1.26E+02,126,14.20663909,11.84615355,0,13.96820362,14.76418363,14.0782626,1,0.4429400387,0.008029919701,0.01029347907
Prosubiculum',214,153,1,18,18.1,223,Hipp,0,1377,0.06071876019,1.19E+02,119,8.132051351,7.831086627,0,8.485715222,7.305109719,8.115686129,1,0.3375241779,0.06063939361,0.07245184448
Prosubiculum',215,162,1,18,18.1,224,Hipp,0,2000,0.02215352651,1.46E+02,146,13.20080433,11.36275315,0,11.25171001,17.75829587,13.10084176,1,0.5096711799,0.3896761032,0.4237492311
Prosubiculum',190,164,1,18,18.1,225,Hipp,0,2961,0.1066588672,2.17E+02,-143,17.45344097,16.83939543,0,13.83464385,25.91512241,17.4200521,1,0.4912959381,0.000009999900001,0.00001463574441
Prosubiculum',190,167,1,18,18.1,226,Hipp,0,1277,0.06916605786,2.60E+02,-100,8.706440241,7.262380264,0,6.999279057,12.69822435,8.627904142,1,0.3394584139,0.0040899591,0.005330919476
Prosubiculum',151,171,1,18,18.1,227,Hipp,0,2826,0.06823264883,1.20E+02,120,18.60581686,16.07164184,0,15.04882357,26.92298733,18.46799572,1,0.4787234043,0.00008999910001,0.0001261444422
Primary visual area layer 5',199,194,1,18,18.1,228,Visual,5,1916,0.1146998282,3.22E+02,-38,7.429766075,10.89641393,0,9.783019547,1.92728231,7.618315015,0.8888888889,0.5483558994,0.000009999900001,0.00001463574441
Primary visual area layer 5',137,195,1,18,18.1,229,Visual,5,2622,0.3613962248,3.55E+02,-5,15.63410669,14.90579379,1,10.73194769,27.09660653,15.59450216,1,0.6247582205,0.000009999900001,0.00001463574441
Subiculum',24,23,1,20,20.1,230,Hipp,0,659,0.0514486037,2.00E+02,-160,5.939047117,4.664094377,1,5.227677095,8.332381208,5.880417239,1,0.2348837209,0.2066479335,0.2339861662
Subiculum',85,26,1,20,20.1,231,Hipp,0,35,0.09221573498,3.35E+02,-25,0.237452711,0.2477136619,0,0.1597690003,0.498811241,0.2379246694,0.28125,0.01627906977,0.8246117539,0.8418145388
Subiculum',22,29,1,20,20.1,232,Hipp,0,1653,0.2717449478,29.04392066,29.04392066,15.58624584,11.69916237,1,15.58477999,15.59120151,15.40749384,1,0.576744186,0.000009999900001,0.00001463574441
Subiculum',46,41,1,20,20.1,233,Hipp,0,0,NaN,NaN,NaN,0.3288856515,0,0,0.1433937842,0.9529528186,0.3137611235,0,0,0.000009999900001,0.00001463574441
Subiculum',76,45,1,20,20.1,234,Hipp,0,477,0.2243130396,1.45E+02,145,2.221001651,3.375983335,0,2.442562639,1.47558788,2.274117189,1,0.1302325581,0.000009999900001,0.00001463574441
Subiculum',13,47,1,20,20.1,235,Hipp,0,2340,0.1032191611,50.4225319,50.4225319,16.31293301,16.56142768,0,12.6969885,28.47839939,16.32436634,1,0.488372093,0.0000299997,0.00004295758569
Primary visual area layer 6b',12,49,1,20,20.1,236,Visual,6,768,0.09189641258,1.50E+02,150,6.526196709,5.435545495,1,4.613385205,12.96164732,6.476042608,1,0.2406976744,0.002299977,0.00303295151
Primary visual area layer 6b',74,54,1,20,20.1,237,Visual,6,258,0.3948836957,35.78063583,35.78063583,0.6837000473,1.818926032,0,0.877623068,0.03126876436,0.7359065355,0.96875,0.1476744186,0.000009999900001,0.00001463574441
Primary visual area layer 6b',10,59,1,20,20.1,238,Visual,6,190,0.1412361625,56.18777316,56.18777316,2.479265591,1.344731307,0,1.883149851,4.484834203,2.42709201,0.9375,0.09069767442,0.0273497265,0.03362328474
Primary visual area layer 6b',10,61,1,20,20.1,239,Visual,6,535,0.1511239583,1.33E+02,133,4.653868436,3.78648026,0,4.580634773,4.900262072,4.613981003,1,0.1918604651,0.000009999900001,0.00001463574441
Primary visual area layer 6a',72,68,1,20,20.1,240,Visual,6,7,0.2274549102,3.18E+02,-42,0.2579227723,0.04954273238,0,0.1495898119,0.6223973097,0.2483399764,0.1875,0.004651162791,0.7107528925,0.735926753
Primary visual area layer 6b',10,69,1,20,20.1,241,Visual,6,413,0.1538398104,2.74E+02,-86,7.043065757,2.92302121,0,6.907685752,7.498547491,6.853597487,1,0.188372093,0.0000199998,0.00002885868577
Primary visual area layer 6a',70,76,1,20,20.1,242,Visual,6,1154,0.09793513068,59.47226069,59.47226069,8.249093535,8.167473309,0,8.685945705,6.779365911,8.245342885,1,0.4186046512,0.0007399926001,0.001001035663
Primary visual area layer 6a',107,77,1,20,20.1,243,Visual,6,217,0.1290930587,1.935960103,1.935960103,2.325398963,1.535824704,0,1.87783897,3.831168129,2.289089192,0.9375,0.111627907,0.0171098289,0.02138491108
Primary visual area layer 5',4,85,1,20,20.1,244,Visual,5,1125,0.2835717786,19.36070269,19.36070269,11.75049752,7.955147313,1,10.25177042,16.79281545,11.57596278,1,0.5244186047,0.000009999900001,0.00001463574441
Primary visual area layer 4',0,93,1,20,20.1,245,Visual,4,907,0.2718121178,35.05151579,35.05151579,7.673543644,6.419322609,0,7.927374884,6.819568608,7.615867768,1,0.4872093023,0.000009999900001,0.00001463574441
Primary visual area layer 4',126,97,1,20,20.1,246,Visual,4,1082,0.1450688109,53.81524054,53.81524054,9.746819686,7.657890919,0,9.446729394,10.75645494,9.650758374,1,0.4593023256,0.000009999900001,0.00001463574441
Primary visual area layer 4',126,98,1,20,20.1,247,Visual,4,464,0.1904275921,69.81774817,69.81774817,3.017628203,3.283975403,0,3.164399867,2.523835981,3.029877903,0.9375,0.1906976744,0.000009999900001,0.00001463574441
Primary visual area layer 4',103,100,1,20,20.1,248,Visual,4,2031,0.1854176031,13.21554663,13.21554663,17.65679254,14.36739239,0,16.90807448,20.17579796,17.50552725,1,0.8034883721,0.000009999900001,0.00001463574441
Primary visual area layer 2/3',122,112,1,20,20.1,249,Visual,2,547,0.1126384153,3.28E+02,-32,5.743558032,3.871410659,0,6.040684446,4.74391825,5.657464573,1,0.2325581395,0.0028799712,0.00378890425
Primary visual area layer 2/3',100,115,1,20,20.1,250,Visual,2,2461,0.2591512323,13.28958472,13.28958472,26.46847159,17.40365413,1,23.4218699,36.71846329,26.05161212,1,0.6546511628,0.000009999900001,0.00001463574441
Primary visual area layer 1',56,118,1,20,20.1,251,Visual,2,1808,0.07898146646,3.28E+02,-32,20.11729391,12.79618002,1,19.28248081,22.92596023,19.78062087,1,0.3790697674,0.0004499955,0.0006157689183
Primary visual area layer 1',55,125,1,20,20.1,252,Visual,2,65,0.1839967421,2.87E+02,-73,1.524337231,0.4600396578,0,1.356487495,2.089051257,1.475393333,0.59375,0.03023255814,0.2092779072,0.2366070161
Primary visual area layer 1',55,127,1,20,20.1,253,Visual,2,17,0.5183502687,3.35E+02,-25,0.2357468726,0.1203180643,0,0.2496114021,0.1891015749,0.2304386675,0.4375,0.01279069767,0.008999910001,0.01149761488
Primary visual area layer 6b',1,54,1,22,22.1,254,Visual,6,884,0.455957298,30.5397336,30.5397336,7.21085674,7.200935144,0,4.510258693,9.229474991,7.210492764,0.9818181818,0.3781094527,0.000009999900001,0.00001463574441
Primary visual area layer 6b',127,58,1,22,22.1,255,Visual,6,568,0.04480968629,6.909689261,6.909689261,6.793258936,4.626845206,0,6.455486544,7.045739759,6.71291529,1,0.2276119403,0.4723052769,0.5065074695
Primary visual area layer 6b',103,59,1,22,22.1,256,Visual,6,844,0.3517427153,30.65341509,30.65341509,7.749561044,6.875100975,1,6.773823228,8.478901671,7.71713358,0.9818181818,0.4241293532,0.000009999900001,0.00001463574441
Primary visual area layer 6a',38,66,1,22,22.1,257,Visual,6,1210,0.1991684366,37.21711827,37.21711827,13.98089837,9.848337771,0,13.22710929,14.54379726,13.82733663,0.9818181818,0.6082089552,0.000009999900001,0.00001463574441
Primary visual area layer 6a',61,74,1,22,22.1,258,Visual,6,111,0.2152758202,3.36E+02,-24,4.19009667,0.9041898201,0,1.801462896,5.975528568,4.068232101,0.6,0.07213930348,0.005699943001,0.007365425772
Primary visual area layer 6a',124,77,1,22,22.1,259,Visual,6,183,0.1296710109,61.47360025,61.47360025,4.076833854,1.490691325,1,3.107816894,4.801147231,3.980921907,0.7090909091,0.08208955224,0.0451295487,0.05452851
Primary visual area layer 6a',124,78,1,22,22.1,260,Visual,6,646,0.3441005693,17.7278359,17.7278359,6.013910368,5.262221836,0,3.796568384,7.671308903,5.986035263,0.9818181818,0.4278606965,0.000009999900001,0.00001463574441
Postsubiculum',238,132,1,22,22.1,261,Hipp,0,459,0.2572624445,3.17E+02,-43,7.583274916,3.738947094,1,5.54595316,9.106115606,7.44070165,0.9818181818,0.2587064677,0.000009999900001,0.00001463574441
Postsubiculum',181,148,1,22,22.1,262,Hipp,0,1031,0.06675307568,2.19E+02,-141,24.37221261,8.398375717,1,12.05571831,33.57842437,23.77979245,1,0.302238806,0.05859941401,0.07012614616
Postsubiculum',187,160,1,22,22.1,263,Hipp,0,1147,0.4634076184,3.344434695,3.344434695,13.93728748,9.343294808,1,8.667706452,17.87614542,13.76691435,1,0.4664179104,0.000009999900001,0.00001463574441
Primary visual area layer 6a',194,178,1,22,22.1,264,Visual,6,593,0.2785810894,12.90811867,12.90811867,6.804553843,4.830491562,1,5.42492654,7.835239818,6.731041973,0.9818181818,0.2873134328,0.000009999900001,0.00001463574441
Primary visual area layer 6a',131,182,1,22,22.1,265,Visual,6,196,0.09075686929,1.57E+02,157,0.4470900602,1.59658743,0,1.043762908,0.001096527859,0.4897225781,0.4909090909,0.06592039801,0.2403175968,0.2691317962
Primary visual area layer 5',219,190,1,22,22.1,266,Visual,5,74,0.4127108853,60.55875805,60.55875805,0.7614649657,0.6027932134,0,0.2860629192,1.116813625,0.7555806093,0.4727272727,0.03980099502,0.000009999900001,0.00001463574441
Primary visual area layer 5',199,198,1,22,22.1,267,Visual,5,649,0.4637741126,25.2252678,25.2252678,7.037981916,5.278513545,0,4.148645823,9.197675683,6.972731093,1,0.4278606965,0.000009999900001,0.00001463574441
Primary visual area layer 4',137,202,1,22,22.1,268,Visual,4,145,0.07751131512,2.94E+02,-66,1.730944465,1.181148864,1,1.435449059,1.951819589,1.710554742,0.6,0.04353233831,0.6987530125,0.7248354982
Primary visual area layer 4',138,204,1,22,22.1,269,Visual,4,114,0.1870361441,3.28E+02,-32,2.360321771,0.9286273828,1,1.030560004,3.354278721,2.307224755,0.5636363636,0.0460199005,0.1002789972,0.1177741483
Primary visual area layer 2/3',203,211,1,22,22.1,270,Visual,2,1037,0.3506579255,23.70059674,23.70059674,7.339493178,8.447250842,1,6.231770671,8.167487759,7.380581482,1,0.4390547264,0.000009999900001,0.00001463574441
Primary visual area layer 2/3',206,224,1,22,22.1,271,Visual,2,4,0.2383721316,1.64E+02,164,0.1775810344,0.03258341694,0,0.09388731708,0.2401396012,0.1722034975,0.03636363636,0.001243781095,0.8891511085,0.8983501637
Primary visual area layer 2/3',206,226,1,22,22.1,272,Visual,2,468,0.09880001498,13.64274715,13.64274715,7.412282577,3.804113928,1,5.799742314,8.617612445,7.278467829,0.9272727273,0.1890547264,0.05307946921,0.06379171659
Primary visual area layer 2/3',159,228,1,22,22.1,273,Visual,2,216,0.04302383887,1.97E+02,-163,6.5250049,1.759504515,1,3.251581848,8.971790944,6.348266831,0.8909090909,0.08955223881,0.7268427316,0.7512043107
Primary visual area layer 2/3',159,229,1,22,22.1,274,Visual,2,118,0.2586060052,90.29178221,90.29178221,3.586446652,0.9612107998,0,1.475057771,5.164646217,3.489084549,0.7818181818,0.05472636816,0.0004099959,0.0005624014448
Primary visual area layer 2/3',159,230,1,22,22.1,275,Visual,2,13,0.1095126239,2.53E+02,-107,0.258214119,0.1058961051,0,0.1672367835,0.3262170381,0.2525651297,0.1454545455,0.003731343284,0.9295607044,0.9353782502
Primary visual area layer 2/3',159,231,1,22,22.1,276,Visual,2,4,0.8071920107,3.20E+02,-40,0.1678548647,0.03258341694,1,0.05207812119,0.2543944633,0.1628380442,0.07272727273,0.003731343284,0.07183928161,0.08542536867
Primary visual area layer 2/3',159,232,1,22,22.1,277,Visual,2,323,0.1246171404,2.72E+02,-88,8.826342157,2.631110918,1,5.109523834,11.60455433,8.596579863,0.9090909091,0.1293532338,0.0189698103,0.02361783351
Primary visual area layer 6a',126,234,1,22,22.1,278,Visual,6,769,0.3580571874,23.7104266,23.7104266,14.00035071,6.256016053,1,7.688491075,18.71827882,13.71313852,0.9818181818,0.4141791045,0.000009999900001,0.00001463574441
Primary visual area layer 2/3',205,237,1,22,22.1,279,Visual,2,65,0.2805440821,83.18239459,83.18239459,0.7015392103,0.5294805253,0,0.5867957317,0.7873070029,0.6951583295,0.3454545455,0.02114427861,0.0338896611,0.04145957997
brachium of the inferior colliculus',75,32,1,23,23.1,280,Excluded,0,3767,0.06318789487,1.12E+02,112,26.16311914,21.69209892,1,21.42340817,40.39265301,25.97962225,1,0.5538894096,0.00007999920001,0.000112268204
root',108,40,1,23,23.1,281,Excluded,0,92,0.4022072144,56.47910371,56.47910371,0.7467358411,0.5299185077,0,0.8012375033,0.5831128736,0.7378371587,0.6041666667,0.03748828491,0.000009999900001,0.00001463574441
root',108,41,1,23,23.1,282,Excluded,0,1810,0.100540017,55.42236642,55.42236642,13.95008066,10.41981066,1,13.26774374,15.99860448,13.80519093,0.8958333333,0.366447985,0.000009999900001,0.00001463574441
Postsubiculum',66,59,1,23,23.1,283,Hipp,0,6869,0.02572558685,2.78E+02,-82,46.15882642,39.55380862,0,42.45375644,57.2822066,45.88775014,1,0.7582005623,0.09251907481,0.1092084098
Postsubiculum',127,64,1,23,23.1,284,Hipp,0,151,0.2513625454,38.43191419,38.43191419,0.6123776261,0.8697575508,0,0.8107682201,0.01677312834,0.6229416575,0.8333333333,0.06466729147,0.00009999900001,0.0001399861623
Postsubiculum',127,66,1,23,23.1,285,Hipp,0,389,0.4578375183,44.11454123,44.11454123,1.720031682,2.24063369,0,2.284085582,0.02663967443,1.741399715,0.875,0.1349578257,0.000009999900001,0.00001463574441
Postsubiculum',102,76,1,23,23.1,286,Hipp,0,1889,0.1935393217,3.49E+02,-11,13.14393137,10.88060936,0,12.15330717,16.11798968,13.05104144,1,0.6326148079,0.000009999900001,0.00001463574441
Postsubiculum',61,79,1,23,23.1,287,Hipp,0,1108,0.1377713113,18.95834261,18.95834261,7.353215561,6.382062028,0,7.099726737,8.1142475,7.313358701,1,0.4311152765,0.000009999900001,0.00001463574441
Postsubiculum',101,86,1,23,23.1,288,Hipp,0,4055,0.1079243714,2.13E+02,-147,36.34303432,23.34521426,1,31.25910793,51.60598264,35.80957068,1,0.5548266167,0.000009999900001,0.00001463574441
Primary visual area layer 5',195,183,1,23,23.1,289,Visual,5,3151,0.1589513502,0.8842060852,0.8842060852,17.74514554,18.14970889,0,18.51752548,15.4263448,17.76175699,1,0.7225866917,0.000009999900001,0.00001463574441
Primary visual area layer 4',136,193,1,23,23.1,290,Visual,4,6581,0.190477272,23.5611568,23.5611568,39.25922391,37.8891733,0,37.21416271,45.3989385,39.20300695,1,0.8453608247,0.000009999900001,0.00001463574441
Primary visual area layer 4',137,196,1,23,23.1,291,Visual,4,592,0.1038159887,55.01146158,55.01146158,2.823248218,3.409910398,0,3.128375633,1.907203358,2.847328016,0.8125,0.2164948454,0.0008199918001,0.001104608942
Primary visual area layer 4',137,199,1,23,23.1,292,Visual,4,781,0.01337734609,3.31E+02,-29,9.124278711,4.498547332,0,8.26378877,11.70764358,8.934425473,1,0.2755388941,0.8501514985,0.865181312
Primary visual area layer 4',201,201,1,23,23.1,293,Visual,4,671,0.1632118389,55.21050151,55.21050151,2.516319819,3.864949116,0,2.927573289,1.281664336,2.571673378,0.7083333333,0.2539831303,0.000009999900001,0.00001463574441
Primary visual area layer 4',138,203,1,23,23.1,294,Visual,4,680,0.144180648,40.34123115,40.34123115,6.261585879,3.91678897,0,4.932967566,10.25035473,6.165349331,0.9791666667,0.2567947516,0.000009999900001,0.00001463574441
Primary visual area layer 4',202,207,1,23,23.1,295,Visual,4,541,0.2670965155,69.24685194,69.24685194,4.599241945,3.116151225,0,3.975294848,6.472454231,4.538372296,0.625,0.2043111528,0.000009999900001,0.00001463574441
Primary visual area layer 4',139,208,1,23,23.1,296,Visual,4,102,0.1122390076,75.52411496,75.52411496,1.411624109,0.5875183455,0,1.328713382,1.660539706,1.377800372,0.4583333333,0.03748828491,0.2621373786,0.2922591576
Primary visual area layer 4',138,226,1,23,23.1,297,Visual,4,1483,0.1925500454,36.26677334,36.26677334,9.43564463,8.536295962,0,8.666050749,11.74612311,9.398735688,1,0.5529522024,0.000009999900001,0.00001463574441
Presubiculum',12,38,1,24,24.1,298,Hipp,0,1417,0.07653509693,2.01E+02,-159,23.1790474,6.136793767,1,15.08604028,29.52945092,22.17799945,0.9857142857,0.2178217822,0.0111698883,0.01419730015
Presubiculum',3,59,1,24,24.1,299,Hipp,0,1237,0.08558611395,87.01357199,87.01357199,7.420495149,5.357243394,0,8.294801873,6.734457028,7.299304178,1,0.2567656766,0.00009999900001,0.0001399861623
Presubiculum',1,64,1,24,24.1,300,Hipp,0,3163,0.08006682775,2.41E+02,-119,15.64395836,13.69843238,1,13.53145647,17.30160246,15.52968748,0.9857142857,0.4877887789,0.000009999900001,0.00001463574441
Presubiculum',64,65,1,24,24.1,301,Hipp,0,2559,0.2588804653,53.99644894,53.99644894,5.864828989,11.0826078,0,3.334148908,7.850596089,6.171324715,1,0.5359735974,0.000009999900001,0.00001463574441
Presubiculum',0,74,1,24,24.1,302,Hipp,0,12521,0.06590872954,28.39861967,28.39861967,61.05286978,54.21772842,1,49.46330386,70.14697648,60.65140992,1,0.8468646865,0.000009999900001,0.00001463574441
Presubiculum',127,75,1,24,24.1,303,Hipp,0,1705,0.317054185,15.20196572,15.20196572,3.330249899,7.379743528,0,3.889840392,2.8911571,3.568119067,1,0.4765676568,0.000009999900001,0.00001463574441
Presubiculum',126,79,1,24,24.1,304,Hipp,0,1570,0.1590926474,1.74E+02,174,7.384549422,6.799411584,1,6.014253855,8.459793856,7.350182818,0.9857142857,0.2719471947,0.000009999900001,0.00001463574441
Presubiculum',103,80,1,24,24.1,305,Hipp,0,2134,0.353691673,68.78260936,68.78260936,2.292688678,9.237671916,0,2.996062274,1.740771767,2.700638245,0.9714285714,0.3471947195,0.000009999900001,0.00001463574441
Presubiculum',125,84,1,24,24.1,306,Hipp,0,106,0.175432762,2.71E+02,-89,0.571618125,0.4590685528,0,0.1647403959,0.8908854126,0.5650073042,0.6285714286,0.02904290429,0.05403945961,0.06484159039
Presubiculum',124,87,1,24,24.1,307,Hipp,0,1963,0.1634412306,20.47259953,20.47259953,11.17236409,8.497099062,0,10.42474766,11.75901217,11.0152257,1,0.5419141914,0.000009999900001,0.00001463574441
Presubiculum',60,96,1,24,24.1,308,Hipp,0,2320,0.0893542469,10.16775873,10.16775873,15.31639279,10.04753814,0,13.40544236,16.81588421,15.00690945,1,0.6052805281,0.000009999900001,0.00001463574441
Presubiculum',123,97,1,24,24.1,309,Hipp,0,2096,0.07012528607,89.37905563,89.37905563,10.11264084,9.077431006,0,10.02949365,10.17789556,10.05183864,1,0.4567656766,0.0002899971,0.0004004806578
Primary visual area layer 6b',101,99,1,24,24.1,310,Visual,6,2563,0.1835512502,14.10890658,14.10890658,13.90721223,11.0956003,0,13.33413682,14.35690542,13.74206644,1,0.7458745875,0.000009999900001,0.00001463574441
Presubiculum',123,100,1,24,24.1,311,Hipp,0,2189,0.05931614241,14.60149565,14.60149565,10.10642466,9.475867863,1,8.371025041,11.46816003,10.06939177,1,0.400660066,0.005199948001,0.006738677576
Presubiculum',123,104,1,24,24.1,312,Hipp,0,1858,0.04145187193,98.29961484,98.29961484,7.814276523,8.04669218,0,7.624775636,7.962981742,7.827933254,1,0.4402640264,0.0318196818,0.03903329904
Primary visual area layer 6b',122,106,1,24,24.1,313,Visual,6,1802,0.09045668158,3.26E+02,-34,11.33317392,7.804165397,1,9.191653506,13.01358334,11.12588674,0.9857142857,0.3828382838,0.000009999900001,0.00001463574441
Primary visual area layer 6b',101,109,1,24,24.1,314,Visual,6,1874,0.1537655575,13.89548775,13.89548775,11.71154998,8.115985547,0,10.77758717,12.44441995,11.50035353,1,0.5491749175,0.000009999900001,0.00001463574441
Primary visual area layer 6b',59,112,1,24,24.1,315,Visual,6,85,0.05997001292,2.47E+02,-113,0.6948606143,0.3681210093,0,0.4487331679,0.8879913615,0.6756683475,0.4428571429,0.02244224422,0.7443725563,0.7668570362
Primary visual area layer 6b',59,115,1,24,24.1,316,Visual,6,199,0.2326979657,54.74607509,54.74607509,0.7999951063,0.8618362453,0,0.648511633,0.9188612404,0.8036281287,0.6714285714,0.04620462046,0.00004999950001,0.00007096398141
Primary visual area layer 6b',101,116,1,24,24.1,317,Visual,6,173,0.1581825018,2.56E+02,-104,0.7772925425,0.7492345248,0,0.6509704449,0.8764151568,0.7756448764,0.4857142857,0.03432343234,0.0285697143,0.03509707402
Primary visual area layer 6b',101,117,1,24,24.1,318,Visual,6,1030,0.05558886119,8.492102956,8.492102956,4.947537303,4.45642963,0,4.534049104,5.271996513,4.918692583,1,0.2759075908,0.0454295457,0.05483212192
Primary visual area layer 6b',100,119,1,24,24.1,319,Visual,6,305,0.02807106669,1.42E+02,142,2.292688678,1.320904798,0,1.699653711,2.758030747,2.235607469,0.7285714286,0.08184818482,0.758702413,0.7801914717
Primary visual area layer 6b',36,120,1,24,24.1,320,Visual,6,329,0.0548746694,87.04558876,87.04558876,1.910528854,1.424844848,0,1.93754376,1.88933306,1.882000917,0.6571428571,0.08250825083,0.3300866991,0.3636931766
Primary visual area layer 6b',36,122,1,24,24.1,321,Visual,6,1513,0.1319200936,28.30116811,28.30116811,7.688601617,6.552553966,0,6.883443855,8.320397059,7.621874759,1,0.4356435644,0.000009999900001,0.00001463574441
Primary visual area layer 6b',36,123,1,24,24.1,322,Visual,6,1230,0.05805954371,3.49E+02,-11,8.855080968,5.326927547,0,7.906309596,9.599567667,8.647842548,1,0.3531353135,0.0134698653,0.01700542165
Primary visual area layer 6b',58,125,1,24,24.1,323,Visual,6,838,0.1061586556,78.10821197,78.10821197,4.701052324,3.629240068,0,4.386520392,4.947862784,4.63809688,0.9571428571,0.201980198,0.000009999900001,0.00001463574441
Primary visual area layer 6a',98,145,1,24,24.1,324,Visual,6,436,0.1629812983,2.99E+02,-61,1.890799245,1.888244236,0,1.513398711,2.186937986,1.890650286,0.9285714286,0.1102310231,0.0000299997,0.00004295758569
Primary visual area layer 6a',117,149,1,24,24.1,325,Visual,6,544,0.06901434921,3.09E+02,-51,1.872961516,2.35597446,0,1.530610395,2.141597852,1.9013348,0.9714285714,0.1108910891,0.127398726,0.14789816
Primary visual area layer 6a',117,150,1,24,24.1,326,Visual,6,2583,0.1776876251,3.54E+02,-6,9.298051231,11.18221701,1,8.477983358,9.941548045,9.408732618,1,0.4910891089,0.000009999900001,0.00001463574441
Primary visual area layer 6a',116,151,1,24,24.1,327,Visual,6,1345,0.1260709147,2.77E+02,-83,6.700499553,5.820642783,0,5.058390738,7.989028202,6.648820757,1,0.2686468647,0.000009999900001,0.00001463574441
Primary visual area layer 6a',98,152,1,24,24.1,328,Visual,6,365,0.08673613598,2.69E+02,-91,1.122425566,1.580754922,0,0.9429543555,1.263253327,1.149348492,0.8428571429,0.06798679868,0.1939180608,0.2204593712
Primary visual area layer 6a',98,153,1,24,24.1,329,Visual,6,160,0.1102529414,3.09E+02,-51,0.5456723377,0.6929336646,0,0.5532326727,0.5397405396,0.5543227896,0.6857142857,0.0396039604,0.2376876231,0.2664516134
Primary visual area layer 6a',116,154,1,24,24.1,330,Visual,6,63,0.164801533,20.55778542,20.55778542,0.1991879707,0.2728426304,0,0.2083843067,0.1919720597,0.2035145625,0.4,0.01386138614,0.2327776722,0.2612076471
Primary visual area layer 6a',98,156,1,24,24.1,331,Visual,6,326,0.03841446895,3.37E+02,-23,1.037290952,1.411852342,0,0.9952041079,1.070316584,1.059293298,0.9428571429,0.08118811881,0.6878331217,0.715405354
Primary visual area layer 6a',115,158,1,24,24.1,332,Visual,6,30,0.08010365752,1.52E+02,152,0.292160375,0.1299250621,0,0.3159573264,0.2734878338,0.2826308487,0.2571428571,0.008580858086,0.8461215388,0.8618188162
Primary visual area layer 6a',33,160,1,24,24.1,333,Visual,6,90,0.03889644161,69.84013961,69.84013961,0.6402663537,0.3897751863,0,0.607326534,0.6661141066,0.6255528865,0.5428571429,0.02310231023,0.8831211688,0.8938425139
Primary visual area layer 6a',33,161,1,24,24.1,334,Visual,6,51,0.2207428635,24.33177707,24.33177707,0.4613485292,0.2208726056,0,0.5593797024,0.3844264612,0.4472232511,0.3428571429,0.01782178218,0.1019789802,0.1194353197
Primary visual area layer 6a',33,162,1,24,24.1,335,Visual,6,157,0.1955438165,2.83E+02,-77,0.328106101,0.6799411584,0,0.4567243065,0.2271830153,0.3487730815,0.6857142857,0.0396039604,0.0030699693,0.004034151135
Primary visual area layer 6a',115,163,1,24,24.1,336,Visual,6,219,0.1099208984,2.30E+02,-130,0.5481047553,0.9484529534,0,0.4026304451,0.6622553717,0.5716215275,0.6,0.03894389439,0.1789682103,0.2047039845
Primary visual area layer 6a',114,165,1,24,24.1,337,Visual,6,1338,0.0312729527,2.08E+02,-152,8.812378526,5.790326935,0,7.923521279,9.509852082,8.634868494,1,0.2759075908,0.4080359196,0.4426452314
Primary visual area layer 6a',114,167,1,24,24.1,338,Visual,6,64,0.1304461593,2.41E+02,-119,0.3735112287,0.2771734658,0,0.386033465,0.3636857613,0.3678525717,0.3142857143,0.01584158416,0.3627563724,0.3960061078
Postsubiculum',148,211,1,24,24.1,339,Hipp,0,7133,0.3311009593,3.40E+02,-20,26.74929583,30.88318726,1,27.24302091,26.36191193,26.99213643,1,0.8237623762,0.000009999900001,0.00001463574441
Postsubiculum',187,218,1,24,24.1,340,Hipp,0,193,0.4391612603,3.46E+02,-14,0.6310772207,0.8358512329,0,0.40570396,0.8079226129,0.6431060175,0.8428571429,0.07392739274,0.000009999900001,0.00001463574441
Postsubiculum',129,234,1,24,24.1,341,Hipp,0,144,0.1253494962,3.44E+02,-16,0.5775640345,0.6236402981,0,0.9865982663,0.2566058687,0.5802708964,0.6571428571,0.04224422442,0.09819901801,0.1156098272
Postsubiculum',194,240,1,24,24.1,342,Hipp,0,1690,0.01473915525,3.06E+02,-54,12.25289802,7.310450161,1,9.74304207,14.22233204,11.96258598,1,0.3405940594,0.7038129619,0.7297480319
Primary visual area layer 6b',220,253,1,24,24.1,343,Visual,6,2553,0.1060537233,1.79E+02,179,21.52716561,11.05662279,1,18.51362404,23.89183928,20.91213887,0.9714285714,0.2858085809,0.000009999900001,0.00001463574441
Primary visual area layer 6b',199,255,1,24,24.1,344,Visual,6,837,0.02745315687,3.17E+02,-43,2.576200457,3.624909233,1,2.930289056,2.298358956,2.637803123,0.7285714286,0.1729372937,0.445495545,0.4805033406
Primary visual area layer 5',205,278,1,24,24.1,345,Visual,5,359,0.143336749,44.97748905,44.97748905,1.920528792,1.55476991,0,1.399063959,2.329711176,1.899045261,0.8714285714,0.08184818482,0.0011299887,0.001507767969
Primary visual area layer 5',159,283,1,24,24.1,346,Visual,5,1273,0.1100309542,3.519534165,3.519534165,12.10479082,5.508822634,1,10.4524093,13.4013862,11.71735094,0.9571428571,0.2726072607,0.000009999900001,0.00001463574441
Primary visual area layer 5',143,284,1,24,24.1,347,Visual,5,725,0.2214571231,3.51E+02,-9,2.169716457,3.139855668,0,2.275630394,2.08661088,2.226703707,0.9428571429,0.1848184818,0.000009999900001,0.00001463574441
Primary visual area layer 5',143,286,1,24,24.1,348,Visual,5,142,0.03921234434,1.42E+02,142,0.7908059734,0.6149786273,0,0.6509704449,0.9005322498,0.7804783472,0.5714285714,0.03366336634,0.8138918611,0.8323809992
Caudoputamen',29,20,1,25,25.1,349,Caudoputamen,0,298,0.8703427362,6.412898815,6.412898815,0.6489946167,2.890927629,0,0.2392448663,1.413178272,0.7590422335,1,0.362804878,0.000009999900001,0.00001463574441
Primary somatosensory area mouth layer 6b',83,38,1,25,25.1,350,Somatosensory,6,54,0.3022134448,2.41E+02,-119,4.283564777,0.523859369,0,4.524112728,3.834949769,4.099018536,0.303030303,0.01676829268,0.5892541075,0.6209789307
Primary somatosensory area mouth layer 6a',80,47,1,25,25.1,351,Somatosensory,6,399,0.8543561669,2.545912661,2.545912661,0.4862451951,3.861037571,0,0.6892713832,0.1076024065,0.6519001365,0.8787878788,0.3658536585,0.000009999900001,0.00001463574441
Primary somatosensory area mouth layer 6b',48,49,1,25,25.1,352,Somatosensory,6,19,0.7261995268,3.29E+02,-31,0.4932559394,0.1843208891,0,0.6215750867,0.2539416794,0.4780918459,0.4545454545,0.02286585366,0.0000299997,0.00004295758569
Primary somatosensory area mouth layer 6b',48,57,1,25,25.1,353,Somatosensory,6,218,0.6165810624,2.94E+02,-66,1.597948937,2.114839675,1,1.907804721,1.020070814,1.623321815,0.9090909091,0.1631097561,0.000009999900001,0.00001463574441
Primary somatosensory area mouth layer 6b',48,61,1,25,25.1,354,Somatosensory,6,49,0.4808196392,2.96E+02,-64,1.686584775,0.4753538719,0,2.030888897,1.044460693,1.627131312,0.303030303,0.02134146341,0.00004999950001,0.00007096398141
Primary somatosensory area mouth layer 6a',80,62,1,25,25.1,355,Somatosensory,6,610,0.3224612646,2.86E+02,-74,13.27183976,5.91767065,1,12.43996377,14.82330752,12.91086078,1,0.2926829268,0.000009999900001,0.00001463574441
Primary somatosensory area mouth layer 6a',80,65,1,25,25.1,356,Somatosensory,6,945,0.7695908005,0.3415354387,0.3415354387,9.795011345,9.157837858,0,9.379783455,10.56942572,9.763740248,1,0.5137195122,0.000009999900001,0.00001463574441
Primary somatosensory area mouth layer 6a',79,67,1,25,25.1,357,Somatosensory,6,470,0.3578284017,3.12E+02,-48,14.49922078,4.55951673,0,12.78306091,17.69987852,14.01132916,1,0.3399390244,0.000009999900001,0.00001463574441
Primary somatosensory area mouth layer 6a',80,68,1,25,25.1,358,Somatosensory,6,736,0.6965915403,3.41E+02,-19,7.639207467,7.140009177,1,7.375819221,8.130437837,7.614707877,1,0.6402439024,0.000009999900001,0.00001463574441
Primary somatosensory area mouth layer 6a',79,69,1,25,25.1,359,Somatosensory,6,304,0.7877048663,3.44E+02,-16,1.521331517,2.939433126,0,1.669329131,1.245318518,1.590941093,1,0.4100609756,0.000009999900001,0.00001463574441
Primary somatosensory area mouth layer 6a',79,73,1,25,25.1,360,Somatosensory,6,88,0.1735174285,3.26E+02,-34,3.474825344,0.8536967495,1,3.356351613,3.695783989,3.346166734,0.7272727273,0.05945121951,0.1865281347,0.2125948513
Primary somatosensory area mouth layer 6a',47,75,1,25,25.1,361,Somatosensory,6,694,0.7994687755,3.35E+02,-25,1.556886006,6.732563001,0,2.106277955,0.5322732376,1.810939532,1,0.8231707317,0.000009999900001,0.00001463574441
Primary somatosensory area mouth layer 6a',111,78,1,25,25.1,362,Somatosensory,6,76,0.4785383252,3.18E+02,-42,1.1277283,0.7372835563,0,1.392389736,0.6341368491,1.108563563,0.6666666667,0.05792682927,0.0000399996,0.0000569867719
Primary somatosensory area mouth layer 6a',15,79,1,25,25.1,363,Somatosensory,6,21,0.6391791004,3.13E+02,-47,1.725644637,0.2037230879,0,1.897804132,1.40457008,1.650940667,0.303030303,0.01829268293,0.008549914501,0.01094136301
Primary somatosensory area mouth layer 6a',78,87,1,25,25.1,364,Somatosensory,6,210,0.6770206031,3.12E+02,-48,1.890397128,2.037230879,0,1.793951859,2.070270302,1.897605584,0.9090909091,0.2225609756,0.000009999900001,0.00001463574441
Primary somatosensory area mouth layer 6a',78,88,1,25,25.1,365,Somatosensory,6,2534,0.780278657,3.35E+02,-25,11.8080965,24.57288485,0,11.58529803,12.22363338,12.43467368,1,0.8506097561,0.000009999900001,0.00001463574441
Primary somatosensory area mouth layer 6a',46,95,1,25,25.1,366,Somatosensory,6,28,0.471145298,3.55E+02,-5,0.4587029853,0.2716307839,0,0.5038758438,0.3744563747,0.4495206201,0.2121212121,0.02591463415,0.0235097649,0.02904526937
Primary somatosensory area mouth layer 6a',14,99,1,25,25.1,367,Somatosensory,6,122,0.7336717576,3.48E+02,-12,1.324529908,1.18353413,0,1.343925342,1.288359481,1.317609699,0.7272727273,0.137195122,0.000009999900001,0.00001463574441
Primary somatosensory area mouth layer 6a',14,100,1,25,25.1,368,Somatosensory,6,70,0.8261496121,3.39E+02,-21,0.6730314544,0.6790769598,0,0.956210189,0.1449045741,0.6733285559,0.6060606061,0.0868902439,0.000009999900001,0.00001463574441
Primary somatosensory area mouth layer 6a',14,101,1,25,25.1,369,Somatosensory,6,258,0.1327118946,11.42680902,11.42680902,12.16514369,2.502883652,0,10.74832563,14.80752584,11.69086943,0.8787878788,0.1234756098,0.6221937781,0.6529408832
Primary somatosensory area mouth layer 6a',110,103,1,25,25.1,370,Somatosensory,6,188,0.5936750818,3.42E+02,-18,2.55992321,1.823806692,0,2.531687636,2.61258643,2.523791617,1,0.2134146341,0.000009999900001,0.00001463574441
Primary somatosensory area mouth layer 6a',76,106,1,25,25.1,371,Somatosensory,6,413,0.1238783923,2.62E+02,-98,10.76099176,4.006554063,1,9.596719314,12.93237457,10.42944981,0.9696969697,0.1722560976,0.2742172578,0.3049718613
Primary somatosensory area mouth layer 6a',12,110,1,25,25.1,372,Somatosensory,6,118,0.1379432596,30.38641634,30.38641634,2.84686296,1.144729732,0,3.336350434,1.93397392,2.763313727,0.696969697,0.05945121951,0.4691053089,0.5033155626
Primary somatosensory area mouth layer 6a',75,111,1,25,25.1,373,Somatosensory,6,63,0.6315776168,3.17E+02,-43,1.627994984,0.6111692638,1,2.307059016,0.3615440859,1.578084041,0.8484848485,0.07469512195,0.000009999900001,0.00001463574441
Primary somatosensory area mouth layer 6a',75,112,1,25,25.1,374,Somatosensory,6,118,0.6071574741,3.06E+02,-54,1.062628531,1.144729732,0,1.432392093,0.373021676,1.066659098,0.7878787879,0.09603658537,0.000009999900001,0.00001463574441
Primary somatosensory area mouth layer 6a',75,115,1,25,25.1,375,Somatosensory,6,10,0.1939769284,3.37E+02,-23,0.886859156,0.09701099426,0,1.211609853,0.2812009557,0.8480892207,0.2121212121,0.00762195122,0.8224317757,0.8399700214
Primary somatosensory area mouth layer 6a',75,116,1,25,25.1,376,Somatosensory,6,351,0.4570885664,3.44E+02,-16,6.736323753,3.405085898,0,7.007335971,6.230896687,6.572810507,1,0.3368902439,0.000009999900001,0.00001463574441
Primary somatosensory area mouth layer 6a',44,119,1,25,25.1,377,Somatosensory,6,60,0.541796747,3.10E+02,-50,0.7982233171,0.5820659655,0,1.1039112,0.2281171018,0.7876134593,0.7272727273,0.05945121951,0.000009999900001,0.00001463574441
Primary somatosensory area mouth layer 6a',74,121,1,25,25.1,378,Somatosensory,6,595,0.8022040563,3.23E+02,-37,1.203344185,5.762453059,0,1.619326185,0.4275402286,1.427132731,1,0.5975609756,0.000009999900001,0.00001463574441
Primary somatosensory area mouth layer 6a',109,123,1,25,25.1,379,Somatosensory,6,63,0.7823583232,3.41E+02,-19,0.3159842617,0.6111692638,0,0.3284808936,0.2926785457,0.3304738457,0.4848484848,0.05792682927,0.000009999900001,0.00001463574441
Primary somatosensory area mouth layer 6a',74,125,1,25,25.1,380,Somatosensory,6,252,0.3650935479,3.20E+02,-40,2.081189527,2.444677055,0,2.34167644,1.595385014,2.099032726,0.9090909091,0.181402439,0.000009999900001,0.00001463574441
Primary somatosensory area mouth layer 6a',44,129,1,25,25.1,381,Somatosensory,6,394,0.7197412888,3.40E+02,-20,2.788273168,3.822233174,0,2.999407504,2.39451222,2.839027475,1,0.4512195122,0.000009999900001,0.00001463574441
Primary somatosensory area mouth layer 6a',44,130,1,25,25.1,382,Somatosensory,6,1104,0.8032395147,3.46E+02,-14,2.337081695,10.71001377,1,3.543285704,0.08751662397,2.74807574,1,0.8567073171,0.000009999900001,0.00001463574441
Primary somatosensory area mouth layer 6a',10,131,1,25,25.1,383,Somatosensory,6,73,0.7892028842,3.40E+02,-20,4.568501457,0.7081802581,0,3.745605318,6.103208498,4.379016549,0.8484848485,0.09756097561,0.000009999900001,0.00001463574441
Primary somatosensory area mouth layer 6a',44,133,1,25,25.1,384,Somatosensory,6,8,0.9027683714,3.17E+02,-43,0.2614006095,0.0776087954,0,0.3430971394,0.1090371053,0.2523791617,0.2121212121,0.01067073171,0.0007499925001,0.001013345209
Primary somatosensory area mouth layer 6a',73,134,1,25,25.1,385,Somatosensory,6,9,0.473011195,2.12E+02,-148,0.3039658429,0.08730989483,0,0.4469494126,0.0373021676,0.2933312521,0.1212121212,0.006097560976,0.8875811242,0.8979528587
Primary somatosensory area mouth layer 6a',44,135,1,25,25.1,386,Somatosensory,6,90,0.5035000913,3.43E+02,-17,1.704111636,0.8730989483,0,1.769335024,1.582472725,1.663321532,0.7878787879,0.09756097561,0.000009999900001,0.00001463574441
Primary somatosensory area mouth layer 6a',44,136,1,25,25.1,387,Somatosensory,6,612,0.8257513239,3.40E+02,-20,1.958000734,5.91767065,0,2.575536374,0.8063006996,2.152365681,1,0.7850609756,0.000009999900001,0.00001463574441
Primary somatosensory area mouth layer 6a',43,139,1,25,25.1,388,Somatosensory,6,14,0.3723989777,3.29E+02,-31,2.108230969,0.135815392,0,0.7223502554,4.692899623,2.0114143,0.303030303,0.01676829268,0.2533574664,0.2831716271
Primary somatosensory area mouth layer 6a',108,142,1,25,25.1,389,Somatosensory,6,293,0.740927682,3.39E+02,-21,5.786868666,2.842422132,1,6.411146995,4.622599384,5.642340919,0.9696969697,0.3353658537,0.000009999900001,0.00001463574441
Primary somatosensory area mouth layer 6a',72,145,1,25,25.1,390,Somatosensory,6,35,0.4520499531,3.37E+02,-23,0.7020759665,0.3395384799,1,0.8908217207,0.3500664959,0.6842808592,0.4242424242,0.0381097561,0.0016599834,0.002199307024
Primary somatosensory area mouth layer 6a',108,146,1,25,25.1,391,Somatosensory,6,491,0.7951613441,3.33E+02,-27,2.814813843,4.763239818,0,2.360139067,3.662785918,2.91045554,0.9696969697,0.4070121951,0.000009999900001,0.00001463574441
Primary somatosensory area mouth layer 6a',70,162,1,25,25.1,392,Somatosensory,6,1242,0.4680943212,3.20E+02,-40,26.20415918,12.04876549,0,25.151482,28.16744063,25.50934281,1,0.756097561,0.000009999900001,0.00001463574441
Primary somatosensory area mouth layer 6a',7,164,1,25,25.1,393,Somatosensory,6,370,0.5667339161,3.13E+02,-47,10.09947795,3.589406787,1,11.56068119,7.374351594,9.779930609,1,0.2957317073,0.000009999900001,0.00001463574441
Primary somatosensory area mouth layer 6a',7,166,1,25,25.1,394,Somatosensory,6,676,0.623375549,2.92E+02,-68,1.671060985,6.557943212,0,1.780874165,1.466262126,1.910938822,1,0.4131097561,0.000009999900001,0.00001463574441
Primary somatosensory area mouth layer 6a',7,170,1,25,25.1,395,Somatosensory,6,46,0.3961957916,2.91E+02,-69,1.829303499,0.4462505736,0,2.277057248,0.9942462363,1.761416074,0.6060606061,0.02743902439,0.0361196388,0.04397258353
Primary somatosensory area mouth layer 6a',106,176,1,25,25.1,396,Somatosensory,6,521,0.7614209889,3.32E+02,-28,3.765771233,5.054272801,0,3.892537053,3.529358934,3.829020451,1,0.5106707317,0.000009999900001,0.00001463574441
Primary somatosensory area mouth layer 6a',5,178,1,25,25.1,397,Somatosensory,6,1211,0.6579302494,3.10E+02,-50,16.4452031,11.7480314,0,15.67553904,17.88065057,16.21464686,1,0.8018292683,0.000009999900001,0.00001463574441
Primary somatosensory area mouth layer 6a',68,180,1,25,25.1,398,Somatosensory,6,170,0.752592322,3.26E+02,-34,4.661644203,1.649186902,0,4.871825524,4.269663491,4.513777497,0.8181818182,0.1783536585,0.000009999900001,0.00001463574441
Primary somatosensory area mouth layer 6a',68,181,1,25,25.1,399,Somatosensory,6,1117,0.7312377764,3.10E+02,-50,10.20764372,10.82642696,0,9.646722261,11.25377702,10.2380226,1,0.7271341463,0.000009999900001,0.00001463574441
Primary somatosensory area mouth layer 6a',106,182,1,25,25.1,400,Somatosensory,6,304,0.6806507932,3.23E+02,-37,2.873403635,2.949134225,1,3.754836631,1.229536832,2.877122443,0.9696969697,0.3582317073,0.000009999900001,0.00001463574441
Primary somatosensory area mouth layer 6a',5,183,1,25,25.1,401,Somatosensory,6,725,0.6075771176,3.10E+02,-50,9.869124927,7.033297084,0,10.0413609,9.547920206,9.729930964,1,0.6082317073,0.000009999900001,0.00001463574441
Primary somatosensory area mouth layer 6a',5,184,1,25,25.1,402,Somatosensory,6,513,0.6081532332,3.13E+02,-47,8.060853661,4.976664005,0,7.618910468,8.885089381,7.90946769,1,0.5091463415,0.000009999900001,0.00001463574441
Primary somatosensory area mouth layer 6a',4,189,1,25,25.1,403,Somatosensory,6,834,0.5669856199,3.27E+02,-33,16.71812136,8.090716921,0,16.70867683,16.73576096,16.29464629,1,0.6890243902,0.000009999900001,0.00001463574441
Primary somatosensory area mouth layer 6a',4,197,1,25,25.1,404,Somatosensory,6,100,0.5941919831,3.18E+02,-42,1.835312708,0.9701099426,0,2.154742349,1.239579723,1.792844422,0.7272727273,0.09298780488,0.000009999900001,0.00001463574441
Primary somatosensory area mouth layer 5',3,200,1,25,25.1,405,Somatosensory,5,324,0.7447816662,3.52E+02,-8,2.946014915,3.133455114,0,2.955558766,2.928220156,2.955217127,0.9696969697,0.3597560976,0.000009999900001,0.00001463574441
Primary somatosensory area mouth layer 5',3,202,1,25,25.1,406,Somatosensory,5,382,0.7277645737,3.345279203,3.345279203,2.906454287,3.696118881,0,3.142492858,2.466247158,2.945217198,1,0.4024390244,0.000009999900001,0.00001463574441
Primary somatosensory area mouth layer 5',3,205,1,25,25.1,407,Somatosensory,5,104,0.4879646156,0.196781573,0.196781573,2.742202563,1.00891434,0,2.730930146,2.7632298,2.657124004,0.7272727273,0.1082317073,0.000009999900001,0.00001463574441
Primary somatosensory area mouth layer 6a',105,208,1,25,25.1,408,Somatosensory,6,720,0.7067415754,3.34E+02,-26,6.343221304,6.975090487,1,8.571274277,2.187915599,6.374240488,1,0.618902439,0.000009999900001,0.00001463574441
Primary somatosensory area mouth layer 5',3,209,1,25,25.1,409,Somatosensory,5,586,0.6595765906,3.15E+02,-45,6.255587,5.684844263,0,5.794187565,7.116105818,6.227574861,1,0.5655487805,0.000009999900001,0.00001463574441
Primary somatosensory area mouth layer 5',65,212,1,25,25.1,410,Somatosensory,5,1206,0.4401325404,3.07E+02,-53,40.40942947,11.69952591,1,35.01283229,50.47413685,39.00019947,1,0.5960365854,0.000009999900001,0.00001463574441
Primary somatosensory area mouth layer 5',2,214,1,25,25.1,411,Somatosensory,5,62,0.1647711534,74.76912698,74.76912698,2.622018374,0.6014681644,0,2.886323917,2.12909295,2.522839243,0.4848484848,0.04115853659,0.8620713793,0.8752921402
Primary somatosensory area mouth layer 5',2,215,1,25,25.1,412,Somatosensory,5,225,0.4244211497,3.59E+02,-1,2.725176469,2.182747371,0,3.568671816,1.152063099,2.698552282,0.8787878788,0.1966463415,0.000009999900001,0.00001463574441
Primary somatosensory area mouth layer 5',40,216,1,25,25.1,413,Somatosensory,5,2301,0.6103357019,3.35E+02,-25,29.54277578,22.31252868,1,33.28811528,22.5577685,29.18788814,1,0.881097561,0.000009999900001,0.00001463574441
Primary somatosensory area mouth layer 5',2,217,1,25,25.1,414,Somatosensory,5,106,0.6220213288,3.45E+02,-15,3.206914757,1.028316539,0,2.696312721,4.159191687,3.099978005,0.7272727273,0.1204268293,0.000009999900001,0.00001463574441
Primary somatosensory area mouth layer 5',65,218,1,25,25.1,415,Somatosensory,5,40,0.4437537223,32.35449855,32.35449855,5.486408195,0.388043977,0,5.813419468,4.876541064,5.236153324,0.5151515152,0.03963414634,0.0009499905001,0.001274391309
Primary somatosensory area mouth layer 5',1,222,1,25,25.1,416,Somatosensory,5,67,0.4331308261,3.50E+02,-10,1.438704887,0.6499736615,0,1.677791168,0.9928115375,1.399990067,0.6363636364,0.05945121951,0.0000199998,0.00002885868577
Primary somatosensory area mouth layer 5',1,223,1,25,25.1,417,Somatosensory,5,195,0.5399061159,9.988331121,9.988331121,4.370197546,1.891714388,0,5.350315257,2.542286192,4.248541284,0.9393939394,0.1829268293,0.000009999900001,0.00001463574441
Primary somatosensory area mouth layer 5',0,228,1,25,25.1,418,Somatosensory,5,206,0.4724628297,3.20E+02,-40,2.853372937,1.998426482,0,2.358600514,3.77612712,2.811408624,0.9090909091,0.1493902439,0.000009999900001,0.00001463574441
Primary somatosensory area mouth layer 5',103,229,1,25,25.1,419,Somatosensory,5,157,0.3671911351,3.18E+02,-42,3.216429339,1.52307261,0,3.024024339,3.575269294,3.133311102,0.8787878788,0.1036585366,0.000009999900001,0.00001463574441
Primary somatosensory area mouth layer 5',0,230,1,25,25.1,420,Somatosensory,5,145,0.4163374102,2.72E+02,-88,1.221872581,1.406659417,1,1.501626942,0.7001329918,1.230943647,0.9393939394,0.09603658537,0.000009999900001,0.00001463574441
Primary somatosensory area mouth layer 5',39,231,1,25,25.1,421,Somatosensory,5,76,0.4380311739,3.43E+02,-17,0.9704873203,0.7372835563,0,1.140067176,0.6542226317,0.9590408144,0.6666666667,0.06097560976,0.0001399986,0.0001947693749
Primary somatosensory area mouth layer 5',127,232,1,25,25.1,422,Somatosensory,5,157,0.4067186562,3.02E+02,-58,2.886423588,1.52307261,0,2.768624674,3.106122802,2.819503804,0.8181818182,0.1112804878,0.000009999900001,0.00001463574441
Primary somatosensory area mouth layer 5',39,233,1,25,25.1,423,Somatosensory,5,440,0.4299086424,3.34E+02,-26,8.541089647,4.258782648,0,7.39966678,10.66985463,8.330893271,0.9696969697,0.2606707317,0.000009999900001,0.00001463574441
Primary somatosensory area mouth layer 5',39,236,1,25,25.1,424,Somatosensory,5,1482,0.6200773385,3.27E+02,-33,19.90200081,14.36732825,1,19.08573998,21.42435649,19.63033691,1,0.818597561,0.000009999900001,0.00001463574441
Primary somatosensory area mouth layer 5',126,239,1,25,25.1,425,Somatosensory,5,432,0.4366548303,2.92E+02,-68,6.183476487,4.190874952,0,5.901116943,6.710086071,6.085671106,0.9696969697,0.1951219512,0.000009999900001,0.00001463574441
Primary somatosensory area mouth layer 5',103,240,1,25,25.1,426,Somatosensory,5,46,0.3562245704,2.67E+02,-93,1.795251312,0.4462505736,1,1.239303793,2.83209534,1.729035351,0.6060606061,0.02743902439,0.0173798262,0.02171031564
Primary somatosensory area mouth layer 5',103,242,1,25,25.1,427,Somatosensory,5,70,0.1482125598,1.96E+02,-164,1.645021077,0.6790769598,0,1.789336202,1.375876105,1.597607712,0.7878787879,0.03506097561,0.3089169108,0.3412031238
Primary somatosensory area mouth layer 5',126,244,1,25,25.1,428,Somatosensory,5,104,0.6215509804,3.29E+02,-31,0.8933691329,1.00891434,0,0.9662107783,0.7575209419,0.8990412401,0.8787878788,0.08231707317,0.000009999900001,0.00001463574441
Primary somatosensory area mouth layer 5',103,247,1,25,25.1,429,Somatosensory,5,968,0.2996063228,3.02E+02,-58,23.17050997,9.390664244,1,23.21752189,23.08286825,22.49412611,1,0.4664634146,0.000009999900001,0.00001463574441
Primary somatosensory area mouth layer 5',103,252,1,25,25.1,430,Somatosensory,5,881,0.4606785724,3.15E+02,-45,13.18921313,8.546668594,1,12.41765476,14.62818849,12.96133661,1,0.487804878,0.000009999900001,0.00001463574441
Primary somatosensory area mouth layer 5',125,258,1,25,25.1,431,Somatosensory,5,536,0.1666193311,3.44E+02,-16,11.15409421,5.199789292,1,11.05065114,11.34703244,10.86182769,1,0.2210365854,0.007809921901,0.01001717048
Primary somatosensory area mouth layer 5',62,260,1,25,25.1,432,Somatosensory,5,907,0.355203353,3.29E+02,-31,15.04806191,8.798897179,1,15.79785394,13.64972394,14.74132398,1,0.4466463415,0.000009999900001,0.00001463574441
Primary somatosensory area mouth layer 5',102,267,1,25,25.1,433,Somatosensory,5,112,0.3203820154,3.20E+02,-40,1.537356075,1.086523136,0,1.566246134,1.483478511,1.515227344,0.7878787879,0.08841463415,0.00007999920001,0.000112268204
Primary somatosensory area mouth layer 5',124,269,1,25,25.1,434,Somatosensory,5,108,0.4518929387,3.31E+02,-29,0.5207981492,1.047718738,0,0.6469611979,0.285505052,0.546662788,0.7272727273,0.08384146341,0.0000199998,0.00002885868577
Primary somatosensory area mouth layer 4',37,272,1,25,25.1,435,Somatosensory,4,119,0.4738929814,3.32E+02,-28,1.351571351,1.154430832,0,1.403159602,1.255361409,1.341895241,0.8181818182,0.1051829268,0.000009999900001,0.00001463574441
Primary somatosensory area mouth layer 5',61,278,1,25,25.1,436,Somatosensory,5,122,0.5198455466,3.35E+02,-25,2.389662277,1.18353413,0,2.131664066,2.870832206,2.330459655,0.8787878788,0.1280487805,0.000009999900001,0.00001463574441
Primary somatosensory area mouth layer 4',123,282,1,25,25.1,437,Somatosensory,4,140,0.4418584601,3.38E+02,-22,1.317519164,1.35815392,0,1.518551016,0.9425970812,1.319514447,1,0.1295731707,0.000009999900001,0.00001463574441
Primary somatosensory area mouth layer 4',123,284,1,25,25.1,438,Somatosensory,4,50,0.6099124526,3.27E+02,-33,0.8598177136,0.4850549713,0,0.9469788758,0.6972635943,0.8414226013,0.5757575758,0.05792682927,0.000009999900001,0.00001463574441
Primary somatosensory area mouth layer 4',37,285,1,25,25.1,439,Somatosensory,4,130,0.5687507213,3.38E+02,-22,1.585930518,1.261142925,0,1.714716421,1.345747431,1.569988861,0.9393939394,0.1478658537,0.000009999900001,0.00001463574441
Primary somatosensory area mouth layer 4',123,286,1,25,25.1,440,Somatosensory,4,116,0.4501134636,3.37E+02,-23,1.413165747,1.125327533,0,1.422391504,1.395961887,1.399037693,0.8484848485,0.1051829268,0.000009999900001,0.00001463574441
Primary somatosensory area mouth layer 4',37,288,1,25,25.1,441,Somatosensory,4,57,0.4701992696,3.38E+02,-22,0.2388660742,0.5529626673,0,0.2900170887,0.1434698754,0.2542839101,0.6363636364,0.05792682927,0.0000399996,0.0000569867719
Primary somatosensory area mouth layer 4',60,294,1,25,25.1,442,Somatosensory,4,91,0.4089613045,3.21E+02,-39,0.7120913155,0.8828000477,0,0.8485115354,0.4576689024,0.7204710786,0.7878787879,0.07469512195,0.000009999900001,0.00001463574441
Primary somatosensory area mouth layer 4',123,297,1,25,25.1,443,Somatosensory,4,49,0.6074546859,3.33E+02,-27,0.5653664524,0.4753538719,0,0.6000353559,0.500709865,0.5609484009,0.6060606061,0.0625,0.0000199998,0.00002885868577
Primary somatosensory area mouth layer 4',123,298,1,25,25.1,444,Somatosensory,4,70,0.5220338232,3.26E+02,-34,1.039092461,0.6790769598,0,1.042369112,1.032983103,1.021421324,0.7575757576,0.07317073171,0.000009999900001,0.00001463574441
Primary somatosensory area mouth layer 4',60,299,1,25,25.1,445,Somatosensory,4,343,0.7868264821,3.38E+02,-22,1.442711027,3.308074904,0,1.684714653,0.9913768388,1.534274828,1,0.3658536585,0.000009999900001,0.00001463574441
Primary somatosensory area mouth layer 4',123,300,1,25,25.1,446,Somatosensory,4,232,0.5810284261,3.08E+02,-52,1.936968501,2.250655067,0,1.745487465,2.294083307,1.9523671,1,0.2408536585,0.000009999900001,0.00001463574441
Primary somatosensory area mouth layer 4',123,301,1,25,25.1,447,Somatosensory,4,132,0.6200414319,3.42E+02,-18,0.840287783,1.280545124,0,0.7692760973,0.972725755,0.8618986465,0.7878787879,0.1204268293,0.000009999900001,0.00001463574441
Primary somatosensory area mouth layer 4',59,307,1,25,25.1,448,Somatosensory,4,92,0.5485291013,3.13E+02,-47,0.6014217088,0.8925011472,0,0.6238829149,0.5595325139,0.6157099171,0.8787878788,0.09603658537,0.000009999900001,0.00001463574441
Primary somatosensory area mouth layer 4',122,310,1,25,25.1,449,Somatosensory,4,77,0.5974638377,3.26E+02,-34,0.4757290786,0.7469846558,0,0.4769511804,0.4734505887,0.4890441492,0.8181818182,0.08384146341,0.000009999900001,0.00001463574441
Primary somatosensory area mouth layer 4',122,312,1,25,25.1,450,Somatosensory,4,66,0.4496330585,3.21E+02,-39,0.497262079,0.6402725621,0,0.4277175101,0.6269633554,0.5042821363,0.696969697,0.05945121951,0.0000199998,0.00002885868577
Primary somatosensory area mouth layer 4',59,313,1,25,25.1,451,Somatosensory,4,269,0.6418685518,3.04E+02,-56,0.8112432709,2.609595745,0,0.8792825793,0.6843513055,0.8995174272,1,0.1981707317,0.000009999900001,0.00001463574441
Primary somatosensory area mouth layer 4',122,315,1,25,25.1,452,Somatosensory,4,141,0.8278960386,3.42E+02,-18,0.1802762824,1.367855019,0,0.1961654048,0.1506433691,0.2385697359,0.9393939394,0.1951219512,0.000009999900001,0.00001463574441
Primary somatosensory area mouth layer 4',122,316,1,25,25.1,453,Somatosensory,4,74,0.6324166878,3.25E+02,-35,0.4667152645,0.7178813575,0,0.5631101033,0.2869397507,0.4790442201,0.7575757576,0.07469512195,0.000009999900001,0.00001463574441
Primary somatosensory area mouth layer 4',101,317,1,25,25.1,454,Somatosensory,4,281,0.7574352076,3.41E+02,-19,1.306001513,2.726008939,0,1.260843524,1.390223092,1.375704525,1,0.2865853659,0.000009999900001,0.00001463574441
Primary somatosensory area mouth layer 4',59,320,1,25,25.1,455,Somatosensory,4,106,0.7528841215,3.47E+02,-13,0.4176400543,1.01861544,0,0.5146457091,0.2367252944,0.4471396846,0.9393939394,0.131097561,0.000009999900001,0.00001463574441
Primary somatosensory area mouth layer 4',101,321,1,25,25.1,456,Somatosensory,4,793,0.7734145673,3.32E+02,-28,2.216396739,7.683270745,0,2.078584015,2.473420651,2.484744275,1,0.6173780488,0.000009999900001,0.00001463574441
Primary somatosensory area mouth layer 4',122,322,1,25,25.1,457,Somatosensory,4,311,0.6803230071,3.37E+02,-23,4.544464619,3.007340822,0,4.374873166,4.860759377,4.46901591,0.9696969697,0.262195122,0.000009999900001,0.00001463574441
Primary somatosensory area mouth layer 4',58,329,1,25,25.1,458,Somatosensory,4,21,0.1986528138,3.18E+02,-42,0.8598177136,0.2037230879,0,0.9631336739,0.6671349205,0.8276131755,0.3333333333,0.01676829268,0.5738142619,0.6055583232
Primary somatosensory area mouth layer 4',58,333,1,25,25.1,459,Somatosensory,4,236,0.7813220522,3.35E+02,-25,0.8748407372,2.289459464,0,0.9662107783,0.7044370881,0.9442790144,1,0.2820121951,0.000009999900001,0.00001463574441
Primary somatosensory area mouth layer 4',121,335,1,25,25.1,460,Somatosensory,4,147,0.5786019928,3.41E+02,-19,1.015556391,1.426061616,0,1.18853157,0.692959498,1.035706937,0.9696969697,0.1539634146,0.000009999900001,0.00001463574441
Primary somatosensory area mouth layer 4',121,336,1,25,25.1,461,Somatosensory,4,197,0.5592689174,3.33E+02,-27,1.252920163,1.901415487,0,1.398543945,0.9813339475,1.284752789,0.9090909091,0.1966463415,0.000009999900001,0.00001463574441
Primary somatosensory area mouth layer 4',58,337,1,25,25.1,462,Somatosensory,4,441,0.6522249363,3.34E+02,-26,1.568403657,4.268483747,0,1.611633424,1.487782608,1.700940312,1,0.4359756098,0.000009999900001,0.00001463574441
Primary somatosensory area mouth layer 4',120,338,1,25,25.1,463,Somatosensory,4,89,0.5678668773,3.44E+02,-16,0.5137874049,0.8633978489,0,0.6592696154,0.2424640894,0.5309486137,0.7272727273,0.09146341463,0.000009999900001,0.00001463574441
Primary somatosensory area mouth layer 4',36,339,1,25,25.1,464,Somatosensory,4,251,0.6643578567,3.39E+02,-21,1.64251724,2.434975956,0,1.666252027,1.598254412,1.681416641,0.9696969697,0.2911585366,0.000009999900001,0.00001463574441
Primary somatosensory area mouth layer 4',57,344,1,25,25.1,465,Somatosensory,4,295,0.7125695399,3.55E+02,-5,1.277457768,2.861824331,0,1.519320292,0.8263864821,1.35522848,0.9696969697,0.3612804878,0.000009999900001,0.00001463574441
Primary somatosensory area mouth layer 4',57,345,1,25,25.1,466,Somatosensory,4,111,0.6747845237,3.29E+02,-31,0.2138277016,1.076822036,0,0.2654002536,0.1176452978,0.2561886585,0.8484848485,0.1295731707,0.000009999900001,0.00001463574441
Primary somatosensory area mouth layer 4',100,346,1,25,25.1,467,Somatosensory,4,55,0.6415936085,3.28E+02,-32,0.6154431975,0.5335604684,0,0.6623467198,0.5279691414,0.6114242332,0.5757575758,0.05945121951,0.000009999900001,0.00001463574441
Primary somatosensory area mouth layer 4',120,349,1,25,25.1,468,Somatosensory,4,55,0.5675625603,3.36E+02,-24,0.2789274703,0.5335604684,0,0.3407893111,0.1635556579,0.2914265037,0.6363636364,0.05335365854,0.000009999900001,0.00001463574441
Primary somatosensory area mouth layer 4',100,352,1,25,25.1,469,Somatosensory,4,91,0.344947058,3.16E+02,-44,0.8823522489,0.8828000477,0,0.8892831685,0.8694274447,0.8823746917,0.7575757576,0.08384146341,0.000009999900001,0.00001463574441
Primary somatosensory area mouth layer 4',57,355,1,25,25.1,470,Somatosensory,4,179,0.5607705986,3.39E+02,-21,1.170794301,1.736496797,0,1.160837631,1.189365267,1.198562924,0.9696969697,0.1692073171,0.000009999900001,0.00001463574441
Primary somatosensory area mouth layer 4',57,356,1,25,25.1,471,Somatosensory,4,136,0.4471340807,3.41E+02,-19,1.187319627,1.319349522,0,1.240073069,1.088936354,1.193801054,0.9393939394,0.125,0.000009999900001,0.00001463574441
Primary somatosensory area mouth layer 4',100,357,1,25,25.1,472,Somatosensory,4,71,0.7448749188,3.38E+02,-22,0.4797352182,0.6887780592,0,0.5046451199,0.4332790236,0.4899965234,0.8181818182,0.09603658537,0.000009999900001,0.00001463574441
Primary somatosensory area mouth layer 4',120,358,1,25,25.1,473,Somatosensory,4,651,0.7458652408,3.43E+02,-17,5.242534446,6.315415726,0,5.141841435,5.430334783,5.295200525,1,0.5579268293,0.000009999900001,0.00001463574441
Primary somatosensory area mouth layer 4',120,359,1,25,25.1,474,Somatosensory,4,454,0.6119954399,3.45E+02,-15,5.231016795,4.404299139,0,4.559499429,6.483403668,5.190439363,1,0.4085365854,0.000009999900001,0.00001463574441
Primary somatosensory area mouth layer 2/3',118,363,1,25,25.1,475,Somatosensory,2,290,0.6006459541,3.36E+02,-24,11.17813104,2.803617734,0,9.615181941,14.09304586,10.76706646,1,0.2759146341,0.000009999900001,0.00001463574441
Primary somatosensory area mouth layer 4',56,364,1,25,25.1,476,Somatosensory,4,44,0.533184299,3.20E+02,-40,4.551976131,0.4268483747,0,2.722468109,7.964012782,4.349492949,0.5454545455,0.04725609756,0.0007099929001,0.0009621878495
Primary somatosensory area mouth layer 4',56,365,1,25,25.1,477,Somatosensory,4,23,0.4027100025,50.79105068,50.79105068,0.5718764292,0.2231252868,0,0.6515768545,0.4232361323,0.5547579686,0.3636363636,0.01829268293,0.07853921461,0.09309729967
Primary somatosensory area mouth layer 4',56,370,1,25,25.1,478,Somatosensory,4,85,0.7557483233,3.44E+02,-16,0.9835072741,0.8245934512,0,1.006213135,0.9411623824,0.9757073628,0.7575757576,0.1143292683,0.000009999900001,0.00001463574441
Primary somatosensory area mouth layer 4',56,371,1,25,25.1,479,Somatosensory,4,206,0.4235925534,3.39E+02,-21,2.240934344,1.998426482,0,2.010887718,2.669974381,2.229031804,0.9393939394,0.1844512195,0.000009999900001,0.00001463574441
Primary somatosensory area mouth layer 4',56,372,1,25,25.1,480,Somatosensory,4,151,0.6828988617,3.58E+02,-2,3.025136172,1.464866013,0,2.505532249,3.99420133,2.948550508,0.8484848485,0.193597561,0.000009999900001,0.00001463574441
Primary somatosensory area mouth layer 2/3',99,377,1,25,25.1,481,Somatosensory,2,102,0.5138937073,5.064666319,5.064666319,1.006041809,0.9895121414,0,1.166222564,0.7073064856,1.005230963,0.7575757576,0.1051829268,0.000009999900001,0.00001463574441
Primary somatosensory area mouth layer 2/3',55,379,1,25,25.1,482,Somatosensory,2,73,0.3572562956,3.44E+02,-16,0.8002263869,0.7081802581,0,0.8492808115,0.7087411843,0.79570864,0.7878787879,0.06554878049,0.0000399996,0.0000569867719
Primary somatosensory area mouth layer 2/3',55,381,1,25,25.1,483,Somatosensory,2,66,0.5121569798,4.920607903,4.920607903,0.6244570116,0.6402725621,0,0.6646545481,0.5494896227,0.6252336591,0.696969697,0.06554878049,0.000009999900001,0.00001463574441
Primary somatosensory area mouth layer 2/3',55,383,1,25,25.1,484,Somatosensory,2,52,0.5886433659,3.59E+02,-1,0.8337778062,0.5044571701,0,0.956210189,0.605442874,0.8176132465,0.6363636364,0.06707317073,0.000009999900001,0.00001463574441
Primary somatosensory area mouth layer 2/3',118,385,1,25,25.1,485,Somatosensory,2,295,0.8290935247,3.56E+02,-4,1.808271266,2.852123231,0,1.999348577,1.451915139,1.859510616,1,0.3826219512,0.000009999900001,0.00001463574441
Primary somatosensory area mouth layer 2/3',99,386,1,25,25.1,486,Somatosensory,2,11,0.6760380455,3.37E+02,-23,0.3390195644,0.1067120937,0,0.3546362809,0.3098949308,0.3276167231,0.1818181818,0.01219512195,0.0125298747,0.01588105178
Primary somatosensory area mouth layer 2/3',54,390,1,25,25.1,487,Somatosensory,2,14,0.6607744548,6.15882706,6.15882706,0.358549495,0.135815392,0,0.3338658262,0.4045850485,0.3476165812,0.303030303,0.01676829268,0.0046399536,0.006037303789
Primary somatosensory area mouth layer 2/3',54,391,1,25,25.1,488,Somatosensory,2,25,0.6018748035,1.873222898,1.873222898,0.3234957734,0.2425274856,0,0.4331024428,0.1190799966,0.3195215424,0.3939393939,0.02896341463,0.00005999940001,0.00008478257967
Primary somatosensory area mouth layer 2/3',54,393,1,25,25.1,489,Somatosensory,2,47,0.5745477428,3.53E+02,-7,0.3450287738,0.455951673,0,0.4292560623,0.1879455367,0.3504737038,0.6060606061,0.05487804878,0.0000299997,0.00004295758569
Primary somatosensory area mouth layer 2/3',54,394,1,25,25.1,490,Somatosensory,2,93,0.8019296775,3.259876721,3.259876721,0.4141346821,0.9022022466,0,0.5438782008,0.1721638504,0.4380921297,0.8181818182,0.1341463415,0.000009999900001,0.00001463574441
Primary somatosensory area mouth layer 2/3',34,396,1,25,25.1,491,Somatosensory,2,251,0.7670678253,6.876471065,6.876471065,1.240400977,2.425274856,0,1.424699332,0.896686721,1.298562215,0.9696969697,0.3109756098,0.000009999900001,0.00001463574441
Primary somatosensory area mouth layer 2/3',117,397,1,25,25.1,492,Somatosensory,2,284,0.7293566555,16.53848309,16.53848309,1.179307347,2.745411137,0,1.350848827,0.8593845534,1.256181563,0.9696969697,0.3399390244,0.000009999900001,0.00001463574441
Primary somatosensory area mouth layer 2/3',54,398,1,25,25.1,493,Somatosensory,2,65,0.4377802305,24.50668443,24.50668443,0.7696795724,0.6305714627,0,1.026214314,0.291243847,0.7628517302,0.4848484848,0.05030487805,0.0006699933001,0.0009096229906
Primary somatosensory area mouth layer 2/3',117,399,1,25,25.1,494,Somatosensory,2,123,0.6453203787,28.13009969,28.13009969,0.7311204787,1.18353413,0,0.9177463841,0.3830645672,0.7533279883,0.7272727273,0.1295731707,0.000009999900001,0.00001463574441
Primary somatosensory area mouth layer 2/3',34,402,1,25,25.1,495,Somatosensory,2,119,0.7012596754,3.43E+02,-17,1.187820394,1.154430832,0,1.603171387,0.4131932411,1.18618206,0.7878787879,0.1387195122,0.000009999900001,0.00001463574441
Primary somatosensory area mouth layer 2/3',117,404,1,25,25.1,496,Somatosensory,2,148,0.7117726894,17.19508983,17.19508983,1.474760144,1.435762715,0,1.717024249,1.022940211,1.472846693,0.8484848485,0.1692073171,0.000009999900001,0.00001463574441
Primary somatosensory area mouth layer 2/3',117,413,1,25,25.1,497,Somatosensory,2,49,0.7385103661,17.23533205,17.23533205,0.6264600814,0.4753538719,0,0.7800459627,0.3400236046,0.6190432268,0.6363636364,0.06554878049,0.000009999900001,0.00001463574441
Caudoputamen',162,428,1,25,25.1,498,Caudoputamen,0,355,0.819643057,12.11678402,12.11678402,0.2068169573,3.443890296,0,0.2423219707,0.1406004779,0.3657116909,1,0.4466463415,0.000009999900001,0.00001463574441
Caudoputamen',162,430,1,25,25.1,499,Caudoputamen,0,588,0.8043946196,7.677646442,7.677646442,2.811308471,5.684844263,0,0.9131307275,6.351411383,2.952360005,1,0.550304878,0.000009999900001,0.00001463574441
Caudoputamen',163,441,1,25,25.1,500,Caudoputamen,0,418,0.836139386,6.116115846,6.116115846,1.38912891,4.05505956,0,1.228533927,1.688640433,1.519989215,1,0.4390243902,0.000009999900001,0.00001463574441
Caudoputamen',227,446,1,25,25.1,501,Caudoputamen,0,391,0.8768302993,2.608752188,2.608752188,0.1096680718,3.783428776,0,0.05461860291,0.2123354155,0.2899979424,1,0.5045731707,0.000009999900001,0.00001463574441
Caudoputamen',228,447,1,25,25.1,502,Caudoputamen,0,792,0.8243226435,7.844431358,7.844431358,1.810274336,7.673569646,0,0.6585003393,3.958333861,2.098080352,1,0.6493902439,0.000009999900001,0.00001463574441
Caudoputamen',226,450,1,25,25.1,503,Caudoputamen,0,78,0.8441167914,9.396388542,9.396388542,0.4481868688,0.7566857552,0,0.1215456234,1.057372981,0.4633300459,0.8484848485,0.1067073171,0.000009999900001,0.00001463574441
Caudoputamen',228,454,1,25,25.1,504,Caudoputamen,0,188,0.7691748738,19.0038774,19.0038774,0.5558518708,1.823806692,0,0.734658673,0.2223783068,0.6180908526,0.9696969697,0.2164634146,0.000009999900001,0.00001463574441
Caudoputamen',229,459,1,25,25.1,505,Caudoputamen,0,450,0.8022469243,10.73929175,10.73929175,2.075681085,4.355793642,0,0.2046274419,5.565196465,2.187603526,1,0.4466463415,0.000009999900001,0.00001463574441
Caudoputamen',231,460,1,25,25.1,506,Caudoputamen,0,260,0.8347964565,9.475904002,9.475904002,0.3520395182,2.522285851,0,0.2407834185,0.5595325139,0.4585681749,1,0.3216463415,0.000009999900001,0.00001463574441
Caudoputamen',229,461,1,25,25.1,507,Caudoputamen,0,581,0.8464029482,5.437059428,5.437059428,0.5939101971,5.626637667,0,0.1607787043,1.401700682,0.8409464142,1,0.5640243902,0.000009999900001,0.00001463574441
Caudoputamen',167,466,1,25,25.1,508,Caudoputamen,0,361,0.7134141079,15.48485341,15.48485341,5.320153401,3.502096893,1,2.661695297,10.27818187,5.230915266,0.9696969697,0.3414634146,0.000009999900001,0.00001463574441
Caudoputamen',167,467,1,25,25.1,509,Caudoputamen,0,195,0.7851587993,5.69603602,5.69603602,0.3340118899,1.891714388,0,0.1223148995,0.7288269669,0.4104732781,1,0.243902439,0.000009999900001,0.00001463574441
Caudoputamen',168,480,1,25,25.1,510,Caudoputamen,0,541,0.7252436728,17.11211858,17.11211858,12.17015137,5.248294789,1,5.98650659,23.70265811,11.83039225,1,0.449695122,0.000009999900001,0.00001463574441
Caudoputamen',170,481,1,25,25.1,511,Caudoputamen,0,97,0.801857389,4.349093579,4.349093579,0.328503448,0.9410066443,0,0.229244277,0.5136221538,0.3585688844,0.9393939394,0.137195122,0.000009999900001,0.00001463574441
Caudoputamen',168,487,1,25,25.1,512,Caudoputamen,0,255,0.7607106769,15.38148077,15.38148077,1.343559071,2.473780354,0,0.1623172565,3.546575319,1.399037693,1,0.2728658537,0.000009999900001,0.00001463574441
Caudoputamen',231,488,1,25,25.1,513,Caudoputamen,0,948,0.8189561164,8.46910184,8.46910184,2.688620445,9.148136758,0,0.8015856934,6.206506808,3.005216773,1,0.7576219512,0.000009999900001,0.00001463574441
Caudoputamen',168,489,1,25,25.1,514,Caudoputamen,0,307,0.829066081,10.74235111,10.74235111,2.008578247,2.978237524,0,0.5992660798,4.636946372,2.056175887,0.9696969697,0.3353658537,0.000009999900001,0.00001463574441
Caudoputamen',230,495,1,25,25.1,515,Caudoputamen,0,153,0.8442457387,19.75847144,19.75847144,0.7506504093,1.474567113,0,0.08154326632,1.998535364,0.786184898,0.9090909091,0.1966463415,0.000009999900001,0.00001463574441
Caudoputamen',168,496,1,25,25.1,516,Caudoputamen,0,118,0.8762982407,7.338192683,7.338192683,0.6855506406,1.144729732,0,0.3677139745,1.27831659,0.708090214,0.9696969697,0.1631097561,0.000009999900001,0.00001463574441
Caudoputamen',231,497,1,25,25.1,517,Caudoputamen,0,164,0.7979166026,6.330450103,6.330450103,2.596980002,1.581279206,0,3.2248054,1.424655862,2.546648598,1,0.1981707317,0.000009999900001,0.00001463574441
Caudoputamen',170,501,1,25,25.1,518,Caudoputamen,0,910,0.7734754638,12.48971883,12.48971883,3.353138853,8.828000477,0,0.7731224778,8.164870607,3.621879064,1,0.762195122,0.000009999900001,0.00001463574441
Caudoputamen',170,503,1,25,25.1,519,Caudoputamen,0,122,0.7967370138,14.61701682,14.61701682,1.993555223,1.18353413,0,0.205396718,5.328471171,1.953795661,0.9090909091,0.1600609756,0.000009999900001,0.00001463574441
Caudoputamen',169,504,1,25,25.1,520,Caudoputamen,0,262,0.7985982435,12.83596124,12.83596124,2.946014915,2.54168805,0,0.671578033,7.187840756,2.926169714,0.9696969697,0.2942073171,0.000009999900001,0.00001463574441
Caudoputamen',170,505,1,25,25.1,521,Caudoputamen,0,786,0.7294320239,19.3839288,19.3839288,7.624184444,7.625064149,0,2.500147316,17.17908288,7.623755431,1,0.6219512195,0.000009999900001,0.00001463574441
Caudoputamen',234,508,1,25,25.1,522,Caudoputamen,0,154,0.7803849239,10.77574283,10.77574283,0.4371699849,1.493969312,0,0.2069352702,0.8665580472,0.4890441492,0.9393939394,0.2057926829,0.000009999900001,0.00001463574441
Caudoputamen',235,515,1,25,25.1,523,Caudoputamen,0,327,0.8150461266,16.51305505,16.51305505,0.2749213307,3.172259512,0,0.06692702047,0.6628308242,0.4171398974,0.9696969697,0.3612804878,0.000009999900001,0.00001463574441
Caudoputamen',235,520,1,25,25.1,524,Caudoputamen,0,204,0.7847681641,19.65766486,19.65766486,0.7211051297,1.979024283,0,0.09077457949,1.896671752,0.7828515883,0.9393939394,0.2362804878,0.000009999900001,0.00001463574441
Caudoputamen',172,522,1,25,25.1,525,Caudoputamen,0,381,0.8054130773,5.037529784,5.037529784,1.184815789,3.696118881,0,0.7954314847,1.91101874,1.308085957,1,0.4024390244,0.000009999900001,0.00001463574441
Caudoputamen',236,531,1,25,25.1,526,Caudoputamen,0,574,0.8201095712,5.922507604,5.922507604,1.326032211,5.558729971,0,0.1923190243,3.440407611,1.533798641,1,0.5792682927,0.000009999900001,0.00001463574441
Caudoputamen',174,533,1,25,25.1,527,Caudoputamen,0,1316,0.7659879269,19.06729232,19.06729232,3.976093562,12.74724465,0,1.310077194,8.948216127,4.406635401,1,0.7271341463,0.000009999900001,0.00001463574441
Caudoputamen',239,549,1,25,25.1,528,Caudoputamen,0,314,0.8201047255,6.888024266,6.888024266,1.527841493,3.04614522,0,0.5523402379,3.347152192,1.602369583,1,0.3673780488,0.000009999900001,0.00001463574441
Caudoputamen',176,554,1,25,25.1,529,Caudoputamen,0,356,0.7885362668,19.3593364,19.3593364,1.785235963,3.443890296,0,0.6254214671,3.94829097,1.866653422,1,0.3734756098,0.000009999900001,0.00001463574441
Caudoputamen',239,556,1,25,25.1,530,Caudoputamen,0,449,0.7877736101,11.99882103,11.99882103,0.7611665258,4.355793642,0,0.1930883004,1.820632718,0.937612395,1,0.4649390244,0.000009999900001,0.00001463574441
Caudoputamen',176,559,1,25,25.1,531,Caudoputamen,0,276,0.7309925651,17.53838112,17.53838112,1.858848779,2.677503441,0,0.6361913325,4.139105904,1.899034145,0.9696969697,0.2804878049,0.000009999900001,0.00001463574441
corpus callosum body',144,563,1,25,25.1,532,Excluded,0,203,0.7599369711,13.13578047,13.13578047,1.234391767,1.969323183,0,1.383158423,0.9569440687,1.270467176,0.9696969697,0.237804878,0.000009999900001,0.00001463574441
corpus callosum body',240,564,1,25,25.1,533,Excluded,0,349,0.7999748937,14.62544614,14.62544614,2.99408859,3.3856837,0,0.7008105247,7.271053284,3.013311953,0.9696969697,0.368902439,0.000009999900001,0.00001463574441
corpus callosum body',177,565,1,25,25.1,534,Excluded,0,278,0.8068802964,18.28400193,18.28400193,0.9524596921,2.69690564,0,0.4477186887,1.893802355,1.038087873,1,0.3323170732,0.000009999900001,0.00001463574441
corpus callosum body',240,568,1,25,25.1,535,Excluded,0,583,0.5942263803,28.45712933,28.45712933,17.42069809,5.655740965,1,9.932892969,31.38546994,16.84321383,1,0.4161585366,0.000009999900001,0.00001463574441
corpus callosum body',240,569,1,25,25.1,536,Excluded,0,183,0.7893953806,26.462033,26.462033,1.487780097,1.775301195,0,1.719332078,1.055938283,1.501894106,0.9696969697,0.2164634146,0.000009999900001,0.00001463574441
corpus callosum body',240,570,1,25,25.1,537,Excluded,0,332,0.7460846165,17.04415709,17.04415709,2.525370256,3.21106391,0,1.668559855,4.123324218,2.559029462,1,0.3567073171,0.000009999900001,0.00001463574441
corpus callosum body',144,571,1,25,25.1,538,Excluded,0,257,0.7333236536,18.81305944,18.81305944,0.3310072852,2.493182552,0,0.118468519,0.7273922681,0.4371397555,0.9393939394,0.2743902439,0.000009999900001,0.00001463574441
corpus callosum body',240,574,1,25,25.1,539,Excluded,0,124,0.7460919683,11.58641852,11.58641852,0.2699136562,1.202936329,0,0.1353925931,0.5207956476,0.3157120457,0.9393939394,0.1524390244,0.000009999900001,0.00001463574441
corpus callosum body',240,577,1,25,25.1,540,Excluded,0,659,0.7822351208,12.08542478,12.08542478,2.388159975,6.383323422,0,0.5384932681,5.837789229,2.584267378,1,0.5640243902,0.000009999900001,0.00001463574441
corpus callosum body',209,581,1,25,25.1,541,Excluded,0,65,0.875933294,2.321298617,2.321298617,0.2428722138,0.6305714627,0,0.316172476,0.1061677078,0.2619029036,0.7575757576,0.08993902439,0.000009999900001,0.00001463574441
corpus callosum body',209,582,1,25,25.1,542,Excluded,0,213,0.7141003603,3.58E+02,-2,4.302093173,2.056633078,0,5.031834953,2.941132445,4.19187502,0.9696969697,0.237804878,0.000009999900001,0.00001463574441
corpus callosum body',209,583,1,25,25.1,543,Excluded,0,114,0.7417618851,5.703965658,5.703965658,3.543931252,1.105925335,0,1.7701043,6.852121248,3.424261418,0.9393939394,0.1493902439,0.000009999900001,0.00001463574441
Primary somatosensory area mouth layer 6b',241,584,1,25,25.1,544,Somatosensory,6,97,0.7057012951,9.371861501,9.371861501,1.943979245,0.9410066443,0,2.241670548,1.388788394,1.894748461,0.696969697,0.112804878,0.000009999900001,0.00001463574441
Primary somatosensory area mouth layer 6b',242,587,1,25,25.1,545,Somatosensory,6,24,0.443213336,41.48709741,41.48709741,2.483806558,0.2328263862,1,1.400851773,4.503519388,2.373316494,0.4545454545,0.01676829268,0.0240897591,0.02969663074
Primary somatosensory area mouth layer 6b',210,591,1,25,25.1,546,Somatosensory,6,134,0.4540419548,3.07E+02,-53,4.031177982,1.299947323,1,4.503342274,3.150598463,3.897115206,0.8484848485,0.09298780488,0.000009999900001,0.00001463574441
Primary somatosensory area mouth layer 6a',181,597,1,25,25.1,547,Somatosensory,6,28,0.6032097555,3.20E+02,-40,1.153768207,0.2716307839,0,0.8392802222,1.740289588,1.110468311,0.3939393939,0.01981707317,0.00007999920001,0.000112268204
Primary somatosensory area mouth layer 6a',181,599,1,25,25.1,548,Somatosensory,6,19,0.6224602505,3.38E+02,-22,1.172296603,0.1843208891,0,1.323154887,0.890947926,1.12380155,0.5151515152,0.03048780488,0.0005899941001,0.0008039205322
Primary somatosensory area mouth layer 6a',146,600,1,25,25.1,549,Somatosensory,6,8,0.6668971906,2.75E+02,-85,3.065698336,0.0776087954,0,2.370908932,4.361484211,2.919026908,0.2121212121,0.01067073171,0.0436595634,0.05283746087
Primary somatosensory area mouth layer 6a',244,601,1,25,25.1,550,Somatosensory,6,165,0.5741726602,3.51E+02,-9,2.084194132,1.600681405,0,1.860878879,2.500679928,2.060461571,0.8181818182,0.193597561,0.000009999900001,0.00001463574441
Primary somatosensory area mouth layer 6a',211,604,1,25,25.1,551,Somatosensory,6,81,0.6409813685,3.24E+02,-36,1.673064054,0.7857890535,0,2.024734688,1.017201416,1.629512248,0.6363636364,0.09603658537,0.000009999900001,0.00001463574441
Primary somatosensory area mouth layer 6a',182,607,1,25,25.1,552,Somatosensory,6,216,0.1787847932,7.53566329,7.53566329,2.651062886,2.095437476,0,3.478666512,1.107587438,2.623790907,0.9393939394,0.1432926829,0.008519914801,0.01090917418
Primary somatosensory area mouth layer 6a',246,612,1,25,25.1,553,Somatosensory,6,153,0.08546961316,5.886708622,5.886708622,3.212923967,1.484268212,1,3.582518785,2.523635108,3.128073044,0.6363636364,0.07926829268,0.6560634394,0.6856076147
Primary somatosensory area mouth layer 6a',147,615,1,25,25.1,554,Somatosensory,6,29,0.8417171659,3.32E+02,-28,0.2834343774,0.2813318833,0,0.4223325774,0.02438987881,0.283331323,0.4242424242,0.04115853659,0.000009999900001,0.00001463574441
Primary somatosensory area mouth layer 6a',147,616,1,25,25.1,555,Somatosensory,6,415,0.3543499319,2.30E+02,-130,6.314176792,4.025956262,1,5.12107098,8.539326982,6.201860758,0.9696969697,0.1448170732,0.000009999900001,0.00001463574441
Primary somatosensory area mouth layer 6a',247,622,1,25,25.1,556,Somatosensory,6,140,0.8357217892,3.48E+02,-12,0.9384382035,1.35815392,0,0.9092843471,0.9928115375,0.9590408144,0.8181818182,0.1798780488,0.000009999900001,0.00001463574441
Primary somatosensory area mouth layer 6a',184,626,1,25,25.1,557,Somatosensory,6,81,0.4488212566,3.54E+02,-6,3.041661498,0.7857890535,0,3.5402086,2.111876565,2.930931585,0.7575757576,0.08536585366,0.000009999900001,0.00001463574441
Primary somatosensory area mouth layer 6a',184,628,1,25,25.1,558,Somatosensory,6,51,0.4630659154,3.30E+02,-30,0.6274616163,0.4947560707,0,0.7400436056,0.4174973373,0.6209479752,0.5757575758,0.0487804878,0.0001099989,0.0001536026823
Primary somatosensory area upper limb layer 6a',185,631,1,25,25.1,559,Somatosensory,6,5,0.8387897391,3.32E+02,-28,0.2869397495,0.04850549713,0,0.3284808936,0.209466018,0.2752361424,0.1212121212,0.00762195122,0.0206597934,0.02562269694
Primary somatosensory area upper limb layer 6a',185,633,1,25,25.1,560,Somatosensory,6,291,0.6963615257,3.37E+02,-23,1.031080182,2.813318833,0,1.206994197,0.7030023893,1.118563492,1,0.3033536585,0.000009999900001,0.00001463574441
Primary somatosensory area upper limb layer 6a',185,636,1,25,25.1,561,Somatosensory,6,32,0.5812762885,21.46005126,21.46005126,0.3405218668,0.3104351816,0,0.4461801365,0.1434698754,0.3390452134,0.4242424242,0.03963414634,0.000009999900001,0.00001463574441
Primary somatosensory area upper limb layer 6a',248,637,1,25,25.1,562,Somatosensory,6,28,0.4810584969,3.762885184,3.762885184,1.039092461,0.2716307839,0,1.359310864,0.4418872161,1.001421466,0.4545454545,0.02134146341,0.0152398476,0.0191647469
Primary somatosensory area mouth layer 6a',148,638,1,25,25.1,563,Somatosensory,6,103,0.5942604367,2.95E+02,-65,1.045602438,0.9992132408,0,0.9139000036,1.291228878,1.043325931,0.696969697,0.05945121951,0.000009999900001,0.00001463574441
Primary somatosensory area mouth layer 6a',148,639,1,25,25.1,564,Somatosensory,6,88,0.3855427,3.30E+02,-30,0.7060821061,0.8536967495,0,1.005443859,0.1477739716,0.7133282721,0.6060606061,0.06859756098,0.0002499975,0.0003458785326
Primary somatosensory area mouth layer 6a',148,640,1,25,25.1,565,Somatosensory,6,178,0.4168226596,3.42E+02,-18,1.137743649,1.726795698,0,1.477779383,0.5035792625,1.166658389,1,0.1707317073,0.000009999900001,0.00001463574441
Primary somatosensory area upper limb layer 6a',249,645,1,25,25.1,566,Somatosensory,6,26,0.4835310558,3.27E+02,-33,0.9344320639,0.2522285851,0,0.6908099354,1.388788394,0.9009459885,0.3939393939,0.0243902439,0.0013099869,0.00174484054
Primary somatosensory area upper limb layer 6a',186,646,1,25,25.1,567,Somatosensory,6,68,0.8606492152,3.49E+02,-11,0.58940329,0.6596747609,0,0.5815727296,0.6040081753,0.5928529364,0.8181818182,0.09756097561,0.000009999900001,0.00001463574441
Primary somatosensory area upper limb layer 6a',186,647,1,25,25.1,568,Somatosensory,6,41,0.4017203427,3.45E+02,-15,1.219869511,0.3977450764,0,1.143144281,1.362963816,1.179515441,0.4848484848,0.03658536585,0.006789932101,0.008763840114
Primary somatosensory area upper limb layer 6a',249,648,1,25,25.1,569,Somatosensory,6,526,0.6049994988,3.09E+02,-51,13.22727145,5.102778298,1,12.82460182,13.97826996,12.82848041,0.9696969697,0.3445121951,0.000009999900001,0.00001463574441
Primary somatosensory area upper limb layer 6a',186,651,1,25,25.1,570,Somatosensory,6,373,0.6675311668,3.50E+02,-10,3.801325722,3.618510086,0,3.960233349,3.504969055,3.792354045,0.9393939394,0.3856707317,0.000009999900001,0.00001463574441
Primary somatosensory area upper limb layer 6a',187,653,1,25,25.1,571,Somatosensory,6,41,0.7624516055,3.08E+02,-52,0.3780794256,0.3977450764,0,0.5477245813,0.06169204641,0.3790449296,0.5151515152,0.05030487805,0.000009999900001,0.00001463574441
Primary somatosensory area upper limb layer 6a',250,654,1,25,25.1,572,Somatosensory,6,44,0.6081585143,3.14E+02,-46,0.5909055924,0.4268483747,0,0.695425592,0.395976856,0.5828530074,0.6666666667,0.05182926829,0.000009999900001,0.00001463574441
Primary somatosensory area upper limb layer 6a',250,658,1,25,25.1,573,Somatosensory,6,40,0.681520268,3.13E+02,-47,1.671060985,0.388043977,0,1.603940663,1.79624284,1.608083828,0.4848484848,0.0381097561,0.000009999900001,0.00001463574441
Primary somatosensory area upper limb layer 6a',250,659,1,25,25.1,574,Somatosensory,6,48,0.7412863518,3.24E+02,-36,0.7626688281,0.4656527724,0,0.6392684369,0.9928115375,0.7480899302,0.696969697,0.06554878049,0.000009999900001,0.00001463574441
Primary somatosensory area upper limb layer 6a',187,660,1,25,25.1,575,Somatosensory,6,740,0.7644208493,3.06E+02,-54,4.050207145,7.178813575,1,5.488784955,1.367267912,4.203779697,1,0.5777439024,0.000009999900001,0.00001463574441
Primary somatosensory area upper limb layer 6a',149,661,1,25,25.1,576,Somatosensory,6,85,0.6983257666,3.06E+02,-54,0.4191423566,0.8245934512,0,0.3754067355,0.500709865,0.4390445039,0.8484848485,0.09451219512,0.000009999900001,0.00001463574441
Primary somatosensory area upper limb layer 6a',187,663,1,25,25.1,577,Somatosensory,6,334,0.7845082277,3.44E+02,-16,3.388192575,3.230466109,0,3.092489911,3.939682778,3.380452205,1,0.4009146341,0.000009999900001,0.00001463574441
Primary somatosensory area upper limb layer 6a',188,665,1,25,25.1,578,Somatosensory,6,12,0.5899431624,25.57691687,25.57691687,0.5032712884,0.1164131931,0,0.6677316525,0.1965537293,0.4842822782,0.2424242424,0.01219512195,0.0189598104,0.02361783351
Primary somatosensory area upper limb layer 6a',188,666,1,25,25.1,579,Somatosensory,6,8,0.5922422181,3.05E+02,-55,0.2533883303,0.0776087954,0,0.2477069033,0.2639845707,0.2447601681,0.1515151515,0.00762195122,0.09828901711,0.115655294
Primary somatosensory area upper limb layer 6a',251,668,1,25,25.1,580,Somatosensory,6,75,0.5402654357,3.49E+02,-11,2.666586677,0.7275824569,0,2.713236795,2.579588359,2.571410327,0.696969697,0.06707317073,0.000009999900001,0.00001463574441
Primary somatosensory area upper limb layer 6a',251,673,1,25,25.1,581,Somatosensory,6,483,0.727747462,3.40E+02,-20,3.942041376,4.685631023,0,4.455647156,2.984173408,3.9785432,1,0.4466463415,0.000009999900001,0.00001463574441
Primary somatosensory area upper limb layer 6a',189,678,1,25,25.1,582,Somatosensory,6,102,0.7395267119,15.06341182,15.06341182,0.4862451951,0.9895121414,0,0.5646486555,0.3400236046,0.5109487556,0.696969697,0.137195122,0.000009999900001,0.00001463574441
Primary somatosensory area upper limb layer 6a',189,681,1,25,25.1,583,Somatosensory,6,2819,0.7736869273,3.40E+02,-20,32.8964154,27.33769818,1,28.54398959,41.01373327,32.62357805,1,0.9207317073,0.000009999900001,0.00001463574441
Primary somatosensory area upper limb layer 6a',189,682,1,25,25.1,584,Somatosensory,6,117,0.863357318,3.49E+02,-11,1.500800051,1.125327533,0,1.40931381,1.671424048,1.482370435,0.9090909091,0.1737804878,0.000009999900001,0.00001463574441
Primary somatosensory area upper limb layer 6a',150,683,1,25,25.1,585,Somatosensory,6,105,0.5446123276,3.39E+02,-21,2.033616619,1.01861544,0,1.697792347,2.659931489,1.983795448,0.7878787879,0.1051829268,0.000009999900001,0.00001463574441
Primary somatosensory area upper limb layer 5',190,692,1,25,25.1,586,Somatosensory,5,427,0.8983603352,3.30E+02,-30,0.9569665992,4.142369455,0,1.136990072,0.6212245603,1.113325434,1,0.5929878049,0.000009999900001,0.00001463574441
Primary somatosensory area upper limb layer 5',215,694,1,25,25.1,587,Somatosensory,5,159,0.2673469797,3.28E+02,-32,5.17292777,1.542474809,0,6.960410129,1.839283802,4.994726466,0.8787878788,0.1158536585,0.0035799642,0.004679732529
Primary somatosensory area upper limb layer 5',190,695,1,25,25.1,588,Somatosensory,5,36,0.8088093459,3.35E+02,-25,0.3490349135,0.3492395793,0,0.3723296311,0.3055908345,0.3490451425,0.6060606061,0.04573170732,0.000009999900001,0.00001463574441
Primary somatosensory area upper limb layer 5',215,697,1,25,25.1,589,Somatosensory,5,201,0.7374461787,3.41E+02,-19,2.062661131,1.949920985,0,2.50937863,1.229536832,2.057128261,0.9393939394,0.25,0.000009999900001,0.00001463574441
Primary somatosensory area upper limb layer 5',253,700,1,25,25.1,590,Somatosensory,5,53,0.5748473999,3.09E+02,-51,1.581423611,0.5141582696,0,2.009349166,0.7833455195,1.52903677,0.5151515152,0.04725609756,0.000009999900001,0.00001463574441
Primary somatosensory area upper limb layer 5',215,701,1,25,25.1,591,Somatosensory,5,220,0.7356669041,3.33E+02,-27,3.118278918,2.134241874,0,3.335581158,2.713015343,3.069978218,0.9696969697,0.2393292683,0.000009999900001,0.00001463574441
Primary somatosensory area upper limb layer 5',254,708,1,25,25.1,592,Somatosensory,5,16,0.2433456689,3.45E+02,-15,1.780228289,0.1552175908,0,1.793182583,1.756071274,1.700464125,0.3333333333,0.01676829268,0.5198548015,0.5540687301
Primary somatosensory area upper limb layer 5',191,713,1,25,25.1,593,Somatosensory,5,135,0.6870945395,3.38E+02,-22,2.820823052,1.309648422,0,3.447895468,1.651338265,2.746647179,0.9696969697,0.1539634146,0.000009999900001,0.00001463574441
Primary somatosensory area upper limb layer 5',151,714,1,25,25.1,594,Somatosensory,5,649,0.6337657178,3.26E+02,-34,11.82061568,6.296013527,0,10.29752984,14.66118656,11.54944186,1,0.6173780488,0.000009999900001,0.00001463574441
Primary somatosensory area upper limb layer 5',216,715,1,25,25.1,595,Somatosensory,5,764,0.71664059,3.21E+02,-39,10.17960075,7.411639961,0,9.672877648,11.12465414,10.04373826,1,0.7118902439,0.000009999900001,0.00001463574441
Primary somatosensory area upper limb layer 5',191,718,1,25,25.1,596,Somatosensory,5,955,0.7273005395,3.20E+02,-40,14.48469852,9.264549951,0,14.40084854,14.64110078,14.22847047,1,0.8018292683,0.000009999900001,0.00001463574441
Primary somatosensory area upper limb layer 5',254,719,1,25,25.1,597,Somatosensory,5,634,0.6311766593,3.30E+02,-30,17.18283355,6.150497036,0,15.51552961,20.29237917,16.6413105,1,0.6417682927,0.000009999900001,0.00001463574441
Primary somatosensory area upper limb layer 5',128,733,1,25,25.1,598,Somatosensory,5,701,0.714179813,3.28E+02,-32,9.333804522,6.790769598,0,8.929756938,10.08736694,9.208982279,1,0.6783536585,0.000009999900001,0.00001463574441
Primary somatosensory area upper limb layer 5',255,734,1,25,25.1,599,Somatosensory,5,772,0.7214181984,3.35E+02,-25,14.34248057,7.489248757,0,13.9131275,15.14324535,14.0060911,1,0.6326219512,0.000009999900001,0.00001463574441
Primary somatosensory area upper limb layer 5',192,736,1,25,25.1,600,Somatosensory,5,949,0.6030830283,3.40E+02,-20,19.67465239,9.206343355,0,19.20805487,20.54488615,19.16081643,1,0.7317073171,0.000009999900001,0.00001463574441
Primary somatosensory area upper limb layer 5',152,741,1,25,25.1,601,Somatosensory,5,69,0.5925273862,3.32E+02,-28,2.595978467,0.6693758604,0,3.257114996,1.362963816,2.501410823,0.696969697,0.06554878049,0.000009999900001,0.00001463574441
Primary somatosensory area upper limb layer 5',129,742,1,25,25.1,602,Somatosensory,5,621,0.6557283117,3.37E+02,-23,12.51067323,6.024382743,0,12.18225628,13.1231895,12.19229445,1,0.612804878,0.000009999900001,0.00001463574441
Primary somatosensory area upper limb layer 5',129,743,1,25,25.1,603,Somatosensory,5,955,0.6752183508,3.46E+02,-14,15.26639652,9.264549951,0,15.12242952,15.5349181,14.97179853,1,0.8079268293,0.000009999900001,0.00001463574441
Primary somatosensory area upper limb layer 5',152,744,1,25,25.1,604,Somatosensory,5,6,0.468029148,3.33E+02,-27,1.016057158,0.05820659655,0,1.115450341,0.8306905784,0.9690407435,0.09090909091,0.00762195122,0.4687253127,0.5031476772
Primary somatosensory area upper limb layer 5',129,747,1,25,25.1,605,Somatosensory,5,769,0.6392007233,3.33E+02,-27,12.53921698,7.460145458,0,11.15219558,15.12602896,12.2899128,1,0.7317073171,0.000009999900001,0.00001463574441
Primary somatosensory area upper limb layer 5',152,748,1,25,25.1,606,Somatosensory,5,695,0.6360797992,3.19E+02,-41,15.26138884,6.742264101,0,14.54547245,16.59659518,14.84322802,1,0.5899390244,0.000009999900001,0.00001463574441
Primary somatosensory area upper limb layer 5',130,750,1,25,25.1,607,Somatosensory,5,280,0.676221087,3.51E+02,-9,3.10225436,2.716307839,0,3.332504054,2.672843778,3.083311457,1,0.3170731707,0.000009999900001,0.00001463574441
Primary somatosensory area upper limb layer 5',130,751,1,25,25.1,608,Somatosensory,5,29,0.1646684871,3.44E+02,-16,0.5548503359,0.2813318833,0,0.5731106925,0.5207956476,0.5414247299,0.3939393939,0.01981707317,0.5786842132,0.6104115107
Primary somatosensory area upper limb layer 5',193,753,1,25,25.1,609,Somatosensory,5,86,0.292664402,9.524252892,9.524252892,2.66608591,0.8342945506,0,2.51322501,2.951175336,2.576172198,0.7272727273,0.08079268293,0.0001299987,0.00018108111
Primary somatosensory area upper limb layer 5',194,757,1,25,25.1,610,Somatosensory,5,113,0.3674250635,21.73713618,21.73713618,4.041193331,1.096224235,0,3.447895468,5.147699128,3.896639019,0.8181818182,0.1051829268,0.000009999900001,0.00001463574441
Primary somatosensory area upper limb layer 5',218,758,1,25,25.1,611,Somatosensory,5,33,0.3233283994,3.49E+02,-11,2.383653068,0.320136281,0,2.132433342,2.852181122,2.282364758,0.5757575758,0.03353658537,0.0439395606,0.05314774364
Primary somatosensory area upper limb layer 5',132,763,1,25,25.1,612,Somatosensory,5,43,0.3990193407,3.31E+02,-29,1.286471582,0.4171472753,0,1.147759937,1.545170558,1.243800699,0.6060606061,0.0381097561,0.007069929301,0.009104354037
Primary somatosensory area upper limb layer 5',132,765,1,25,25.1,613,Somatosensory,5,33,0.1609454042,3.21E+02,-39,0.8548100391,0.320136281,0,0.8677434378,0.8306905784,0.8285655497,0.5151515152,0.02896341463,0.4475855241,0.4822953637
Primary somatosensory area upper limb layer 5',218,767,1,25,25.1,614,Somatosensory,5,627,0.4567304521,3.60E+02,0,16.77220424,6.08258934,1,15.08935065,19.9107493,16.24750377,1,0.3216463415,0.000009999900001,0.00001463574441
Primary somatosensory area upper limb layer 5',218,768,1,25,25.1,615,Somatosensory,5,507,0.5786758228,3.28E+02,-32,8.011778451,4.918457409,0,7.785843381,8.433159274,7.859944232,0.9393939394,0.3765243902,0.000009999900001,0.00001463574441
Primary somatosensory area upper limb layer 5',132,769,1,25,25.1,616,Somatosensory,5,107,0.5942690692,17.32040239,17.32040239,3.783298093,1.038017639,0,3.354043784,4.583862518,3.648545541,0.7878787879,0.1356707317,0.000009999900001,0.00001463574441
Primary somatosensory area upper limb layer 4',154,773,1,25,25.1,617,Somatosensory,4,69,0.6472955449,3.57E+02,-3,1.577918239,0.6693758604,0,1.623172565,1.493521403,1.533322454,0.696969697,0.07317073171,0.000009999900001,0.00001463574441
Primary somatosensory area upper limb layer 4',196,774,1,25,25.1,618,Somatosensory,4,1244,0.6660971413,3.26E+02,-34,16.90590915,12.05846659,1,13.59080081,23.08860704,16.66797697,1,0.7637195122,0.000009999900001,0.00001463574441
Primary somatosensory area upper limb layer 4',133,776,1,25,25.1,619,Somatosensory,4,93,0.5576596145,7.044430789,7.044430789,2.103724062,0.9022022466,0,2.433989572,1.487782608,2.044747397,0.7575757576,0.09298780488,0.000009999900001,0.00001463574441
Primary somatosensory area upper limb layer 4',154,781,1,25,25.1,620,Somatosensory,4,110,0.5154006666,22.54526411,22.54526411,3.119280453,1.067120937,0,2.717852452,3.86794784,3.018550011,0.7878787879,0.1143292683,0.000009999900001,0.00001463574441
Primary somatosensory area upper limb layer 4',134,784,1,25,25.1,621,Somatosensory,4,118,0.4337453531,3.52E+02,-8,2.755723284,1.144729732,0,2.855552873,2.569545468,2.676647675,0.9090909091,0.1036585366,0.000009999900001,0.00001463574441
Primary somatosensory area upper limb layer 4',197,785,1,25,25.1,622,Somatosensory,4,130,0.6848263078,3.39E+02,-21,1.41066191,1.261142925,0,1.379312043,1.469131524,1.403323376,1,0.1417682927,0.000009999900001,0.00001463574441
Primary somatosensory area upper limb layer 4',134,787,1,25,25.1,623,Somatosensory,4,71,0.4337275269,2.76E+02,-84,0.8022294568,0.6887780592,0,0.5192613657,1.329965745,0.7966610142,0.6060606061,0.04573170732,0.0004399956,0.0006028180741
Primary somatosensory area upper limb layer 4',134,789,1,25,25.1,624,Somatosensory,4,60,0.7990573907,3.52E+02,-8,1.020063298,0.5820659655,0,0.9977510983,1.061677078,0.9985643435,0.7575757576,0.07012195122,0.000009999900001,0.00001463574441
Primary somatosensory area upper limb layer 4',197,790,1,25,25.1,625,Somatosensory,4,87,0.5026821664,3.60E+02,0,0.8528069693,0.84399565,0,0.8038935217,0.9440317799,0.8523749046,0.8181818182,0.06097560976,0.000009999900001,0.00001463574441
Primary somatosensory area upper limb layer 4',134,792,1,25,25.1,626,Somatosensory,4,981,0.7796955345,3.39E+02,-21,5.628626151,9.516778537,1,3.705602961,9.215070095,5.819482519,1,0.8338414634,0.000009999900001,0.00001463574441
Primary somatosensory area upper limb layer 4',135,794,1,25,25.1,627,Somatosensory,4,139,0.4826850233,3.26E+02,-34,2.156805412,1.34845282,0,1.906266169,2.62406402,2.117127836,0.9090909091,0.1341463415,0.000009999900001,0.00001463574441
Primary somatosensory area upper limb layer 4',198,796,1,25,25.1,628,Somatosensory,4,64,0.6852874402,16.53589691,16.53589691,1.140247486,0.6208703632,0,0.9969818222,1.407439477,1.114753995,0.5757575758,0.06707317073,0.000009999900001,0.00001463574441
Primary somatosensory area upper limb layer 4',220,803,1,25,25.1,629,Somatosensory,4,265,0.5793962239,3.34E+02,-26,2.460270488,2.561090248,0,2.263979554,2.826356545,2.465220604,1,0.2362804878,0.000009999900001,0.00001463574441
Primary somatosensory area upper limb layer 2/3',199,806,1,25,25.1,630,Somatosensory,2,329,0.7713292536,3.38E+02,-22,0.9304259243,3.181960612,0,0.9123614515,0.9641175625,1.040944995,1,0.3582317073,0.000009999900001,0.00001463574441
Primary somatosensory area upper limb layer 2/3',137,807,1,25,25.1,631,Somatosensory,2,1001,0.42150149,3.51E+02,-9,21.72629664,9.701099426,1,17.32255916,29.93929359,21.13604051,1,0.4298780488,0.000009999900001,0.00001463574441
Primary somatosensory area upper limb layer 2/3',137,809,1,25,25.1,632,Somatosensory,2,158,0.6356948322,3.49E+02,-11,1.556385238,1.532773709,0,1.2969995,2.040141628,1.555227061,0.9090909091,0.1615853659,0.000009999900001,0.00001463574441
Primary somatosensory area upper limb layer 2/3',201,811,1,25,25.1,633,Somatosensory,2,88,0.6810012569,3.48E+02,-12,1.301494606,0.8536967495,0,1.408544534,1.101848643,1.279514731,0.7878787879,0.1036585366,0.000009999900001,0.00001463574441
Primary somatosensory area upper limb layer 2/3',200,813,1,25,25.1,634,Somatosensory,2,94,0.7085200191,3.50E+02,-10,1.019562531,0.911903346,0,1.171607496,0.7360004606,1.014278518,0.6363636364,0.1158536585,0.000009999900001,0.00001463574441
Primary somatosensory area upper limb layer 2/3',137,815,1,25,25.1,635,Somatosensory,2,384,0.7636200425,3.41E+02,-19,2.117244783,3.725222179,0,2.535534017,1.337139238,2.196174894,1,0.3780487805,0.000009999900001,0.00001463574441
Primary somatosensory area upper limb layer 2/3',200,817,1,25,25.1,636,Somatosensory,2,192,0.6756158326,3.33E+02,-27,1.51281847,1.86261109,0,0.8792825793,2.694364259,1.529989144,0.9696969697,0.2057926829,0.000009999900001,0.00001463574441
Primary somatosensory area upper limb layer 2/3',200,818,1,25,25.1,637,Somatosensory,2,1964,0.7998843034,3.53E+02,-7,10.9357596,19.02385597,0,10.7590955,11.26381992,11.33230055,1,0.7713414634,0.000009999900001,0.00001463574441
Primary somatosensory area upper limb layer 2/3',201,822,1,25,25.1,638,Somatosensory,2,240,0.2763571027,7.887789851,7.887789851,8.466475297,2.328263862,1,6.384991608,12.34845217,8.165180161,0.8484848485,0.1509146341,0.0002599974,0.0003594927196
Primary somatosensory area upper limb layer 2/3',156,823,1,25,25.1,639,Somatosensory,2,49,0.5437597509,3.54E+02,-6,0.4792344508,0.4753538719,0,0.5461860291,0.3543705922,0.4790442201,0.6666666667,0.05945121951,0.000009999900001,0.00001463574441
Primary somatosensory area upper limb layer 2/3',221,825,1,25,25.1,640,Somatosensory,2,295,0.6398064292,3.47E+02,-13,4.528940828,2.861824331,0,2.834013143,7.68998532,4.447111304,1,0.318597561,0.000009999900001,0.00001463574441
Primary somatosensory area upper limb layer 2/3',201,826,1,25,25.1,641,Somatosensory,2,46,0.8019584107,39.13391038,39.13391038,0.8377839458,0.4462505736,0,0.7862001715,0.9339888886,0.8185656207,0.4848484848,0.04115853659,0.000009999900001,0.00001463574441
Primary somatosensory area upper limb layer 2/3',138,828,1,25,25.1,642,Somatosensory,2,82,0.6631889731,3.57E+02,-3,1.00203567,0.7954901529,0,0.987750509,1.028679006,0.9918977242,0.7272727273,0.1036585366,0.000009999900001,0.00001463574441
Primary somatosensory area upper limb layer 2/3',201,829,1,25,25.1,643,Somatosensory,2,323,0.8808493818,3.59E+02,-1,1.742169963,3.123754015,0,1.746256741,1.734550793,1.809987158,1,0.4192073171,0.000009999900001,0.00001463574441
Primary somatosensory area upper limb layer 2/3',201,830,1,25,25.1,644,Somatosensory,2,98,0.6166459521,0.1942237114,0.1942237114,1.365092072,0.9507077437,0,1.523935949,1.068850571,1.344752363,0.6666666667,0.1082317073,0.000009999900001,0.00001463574441
Primary somatosensory area upper limb layer 2/3',138,833,1,25,25.1,645,Somatosensory,2,118,0.7401518767,3.46E+02,-14,0.3124788895,1.144729732,0,0.2677080819,0.395976856,0.3533308264,0.8181818182,0.1463414634,0.000009999900001,0.00001463574441
Primary somatosensory area upper limb layer 2/3',138,834,1,25,25.1,646,Somatosensory,2,1084,0.7004889973,3.51E+02,-9,6.372766583,10.49658958,0,5.5034012,7.994141455,6.575191443,1,0.7134146341,0.000009999900001,0.00001463574441
Primary somatosensory area upper limb layer 2/3',139,838,1,25,25.1,647,Somatosensory,2,71,0.6435501186,1.169497384,1.169497384,1.040594764,0.6887780592,0,1.153914146,0.8292558796,1.023326073,0.7575757576,0.07469512195,0.000009999900001,0.00001463574441
Primary somatosensory area upper limb layer 2/3',203,840,1,25,25.1,648,Somatosensory,2,176,0.6588545777,6.662575697,6.662575697,1.596446634,1.707393499,0,1.599325006,1.591080918,1.601893396,0.9393939394,0.181402439,0.000009999900001,0.00001463574441
Primary somatosensory area upper limb layer 2/3',139,843,1,25,25.1,649,Somatosensory,2,560,0.8046197268,3.48E+02,-12,1.532849168,5.40351238,0,1.284691083,1.995665966,1.722844919,1,0.6448170732,0.000009999900001,0.00001463574441
Primary somatosensory area upper limb layer 2/3',202,844,1,25,25.1,650,Somatosensory,2,68,0.72628772,6.253830046,6.253830046,0.7266135716,0.6596747609,0,0.8477422593,0.500709865,0.7233282011,0.8484848485,0.08536585366,0.000009999900001,0.00001463574441
Primary somatosensory area upper limb layer 2/3',139,845,1,25,25.1,651,Somatosensory,2,78,0.7794139143,10.73205108,10.73205108,0.6319685234,0.7566857552,0,0.6623467198,0.5753142002,0.6380907107,0.6666666667,0.0868902439,0.000009999900001,0.00001463574441
Primary somatosensory area upper limb layer 2/3',202,846,1,25,25.1,652,Somatosensory,2,64,0.6716400827,24.14586856,24.14586856,0.7356273858,0.6208703632,0,0.6254214671,0.9411623824,0.7299948205,0.7272727273,0.07164634146,0.000009999900001,0.00001463574441
Primary somatosensory area upper limb layer 2/3',139,849,1,25,25.1,653,Somatosensory,2,586,0.8283170169,3.44E+02,-16,1.296486931,5.665442065,0,1.102372647,1.658511759,1.51094166,1,0.7667682927,0.000009999900001,0.00001463574441
Primary somatosensory area upper limb layer 2/3',139,850,1,25,25.1,654,Somatosensory,2,88,0.642599071,3.55E+02,-5,1.405153468,0.8536967495,0,1.394697564,1.424655862,1.37808546,0.7878787879,0.09451219512,0.000009999900001,0.00001463574441
Primary somatosensory area upper limb layer 2/3',202,851,1,25,25.1,655,Somatosensory,2,768,0.8524334862,3.51E+02,-9,3.202908618,7.450444359,0,2.931711207,3.708696278,3.411404367,1,0.6234756098,0.000009999900001,0.00001463574441
Primary somatosensory area upper limb layer 2/3',202,853,1,25,25.1,656,Somatosensory,2,612,0.3198600711,4.706751018,4.706751018,13.26833439,5.937072848,1,10.94218321,17.60662311,12.90847984,0.9393939394,0.2637195122,0.000009999900001,0.00001463574441
Primary somatosensory area upper limb layer 2/3',140,855,1,25,25.1,657,Somatosensory,2,27,0.1381186199,1.19E+02,119,0.5223004516,0.2619296845,0,0.300017678,0.9368582861,0.5095201944,0.3939393939,0.02134146341,0.9743902561,0.9769302441
Primary somatosensory area upper limb layer 2/3',140,856,1,25,25.1,658,Somatosensory,2,654,0.6280178073,3.47E+02,-13,7.238593506,6.334817925,0,5.167227546,11.10169896,7.194234669,1,0.4817073171,0.000009999900001,0.00001463574441
Primary somatosensory area upper limb layer 2/3',203,858,1,25,25.1,659,Somatosensory,2,109,0.6638484281,21.20114905,21.20114905,0.5042728233,1.057419837,0,0.5654179315,0.390238061,0.5314248008,0.7878787879,0.118902439,0.000009999900001,0.00001463574441
Primary somatosensory area upper limb layer 2/3',140,859,1,25,25.1,660,Somatosensory,2,83,0.8169292142,14.97631809,14.97631809,0.5102820327,0.8051912523,0,0.6377298847,0.2725927632,0.5247581815,0.7878787879,0.1082317073,0.000009999900001,0.00001463574441
Primary somatosensory area upper limb layer 2/3',203,860,1,25,25.1,661,Somatosensory,2,17,0.3944562508,53.52543342,53.52543342,0.6199501045,0.1649186902,0,0.560802275,0.7302616656,0.5976148074,0.2424242424,0.01219512195,0.1004489955,0.1178273522
Primary somatosensory area upper limb layer 2/3',140,862,1,25,25.1,662,Somatosensory,2,63,0.8379454869,3.46E+02,-14,0.4491884037,0.6014681644,0,0.3484820721,0.6370062466,0.4566634265,0.8181818182,0.08993902439,0.000009999900001,0.00001463574441
Primary somatosensory area upper limb layer 2/3',203,864,1,25,25.1,663,Somatosensory,2,193,0.8061605476,3.55E+02,-5,0.4411761245,1.872312189,0,0.3907922575,0.5351426351,0.5114249427,1,0.2240853659,0.000009999900001,0.00001463574441
Primary somatosensory area upper limb layer 2/3',141,868,1,25,25.1,664,Somatosensory,2,1279,0.7493733197,14.19032406,14.19032406,11.81811185,12.39800507,0,9.602104247,15.95098074,11.84658261,1,0.8292682927,0.000009999900001,0.00001463574441
Primary somatosensory area upper limb layer 2/3',205,872,1,25,25.1,665,Somatosensory,2,74,0.7222742803,5.888680332,5.888680332,0.8132463407,0.7178813575,0,0.8846675119,0.6800472092,0.8085656916,0.6363636364,0.09298780488,0.000009999900001,0.00001463574441
Primary somatosensory area upper limb layer 2/3',141,874,1,25,25.1,666,Somatosensory,2,1508,0.8198571195,3.55E+02,-5,5.098814188,14.60985573,0,4.579500607,6.067341029,5.565674796,1,0.862804878,0.000009999900001,0.00001463574441
Primary somatosensory area upper limb layer 2/3',142,877,1,25,25.1,667,Somatosensory,2,31,0.4346821886,10.87671058,10.87671058,0.8212586199,0.3007340822,0,0.813894111,0.8349946746,0.79570864,0.3939393939,0.02743902439,0.00005999940001,0.00008478257967
Primary somatosensory area upper limb layer 2/3',205,878,1,25,25.1,668,Somatosensory,2,30,0.5089051665,51.31324204,51.31324204,0.5974155692,0.2910329828,0,0.4684891433,0.8378640721,0.5823768203,0.3939393939,0.01829268293,0.0267697323,0.03292823356
Primary somatosensory area upper limb layer 2/3',205,879,1,25,25.1,669,Somatosensory,2,21,0.6288676019,31.37815537,31.37815537,0.3595510299,0.2037230879,0,0.3023255063,0.4662770949,0.3519022651,0.303030303,0.02134146341,0.0003399966,0.0004683796491
Primary somatosensory area upper limb layer 2/3',142,881,1,25,25.1,670,Somatosensory,2,29,0.4645690953,56.04152272,56.04152272,0.4491884037,0.2813318833,0,0.4784897325,0.3945421573,0.4409492523,0.3939393939,0.02286585366,0.0032599674,0.004273841944
Primary somatosensory area upper limb layer 2/3',141,882,1,25,25.1,671,Somatosensory,2,45,0.8482315162,25.49871668,25.49871668,0.3209919362,0.4365494742,0,0.2415526946,0.4691464925,0.3266643489,0.4242424242,0.05182926829,0.000009999900001,0.00001463574441
Primary somatosensory area upper limb layer 2/3',142,887,1,25,25.1,672,Somatosensory,2,24,0.8344488389,39.50322346,39.50322346,0.3620548672,0.2328263862,0,0.3900229814,0.3098949308,0.3557117619,0.4242424242,0.03048780488,0.000009999900001,0.00001463574441
Primary somatosensory area upper limb layer 2/3',141,888,1,25,25.1,673,Somatosensory,2,13,0.9607166967,3.54E+02,-6,0.3525402856,0.1261142925,0,0.1207763473,0.7847802183,0.3414261489,0.06060606061,0.02134146341,0.000009999900001,0.00001463574441
Primary somatosensory area upper limb layer 2/3',205,892,1,25,25.1,674,Somatosensory,2,8,0.5556042359,15.04594626,15.04594626,0.4997659163,0.0776087954,0,0.403100675,0.6800472092,0.4790442201,0.1212121212,0.006097560976,0.1021589784,0.1195839108
Primary somatosensory area upper limb layer 2/3',205,894,1,25,25.1,675,Somatosensory,2,40,0.7588185758,3.55E+02,-5,0.2659075166,0.388043977,0,0.2861707082,0.2281171018,0.2719028327,0.8181818182,0.05182926829,0.000009999900001,0.00001463574441
Primary somatosensory area upper limb layer 2/3',159,895,1,25,25.1,676,Somatosensory,2,142,0.5599289109,19.87165345,19.87165345,0.9850095764,1.377556118,0,1.109296132,0.7532168457,1.004278589,0.7878787879,0.118902439,0.000009999900001,0.00001463574441
Primary somatosensory area upper limb layer 2/3',159,898,1,25,25.1,677,Somatosensory,2,2,0.415415013,2.64E+02,-96,0.3350134248,0.01940219885,0,0.386945877,0.2381599931,0.3195215424,0.06060606061,0.003048780488,0.7379126209,0.7609603153
Primary somatosensory area upper limb layer 2/3',159,899,1,25,25.1,678,Somatosensory,2,274,0.6363356091,25.18497787,25.18497787,3.263000712,2.658101243,0,2.760162637,4.200797951,3.233310392,0.7878787879,0.2637195122,0.000009999900001,0.00001463574441
Primary somatosensory area upper limb layer 1',143,900,1,25,25.1,679,Somatosensory,2,57,0.6819508108,25.75867785,25.75867785,0.9840080415,0.5529626673,0,0.9692878827,1.011462621,0.9628503112,0.5151515152,0.06707317073,0.000009999900001,0.00001463574441
Primary somatosensory area upper limb layer 1',143,903,1,25,25.1,680,Somatosensory,2,146,0.8011409959,25.62702191,25.62702191,0.4161377519,1.416360516,0,0.3915615335,0.4619729987,0.4652347943,0.7878787879,0.1631097561,0.000009999900001,0.00001463574441
Primary somatosensory area upper limb layer 1',206,904,1,25,25.1,681,Somatosensory,2,64,0.4146263796,39.40078919,39.40078919,0.3645587044,0.6208703632,0,0.4254096818,0.2510722819,0.3771401812,0.5454545455,0.05945121951,0.0007599924001,0.001026240487
Primary somatosensory area upper limb layer 1',206,906,1,25,25.1,682,Somatosensory,2,32,0.6895003749,19.14575231,19.14575231,0.6374769653,0.3104351816,0,0.6569617871,0.6011387778,0.6214241623,0.4242424242,0.03506097561,0.0000199998,0.00002885868577
Primary somatosensory area upper limb layer 2/3',159,907,1,25,25.1,683,Somatosensory,2,10,0.6048839511,15.43394974,15.43394974,0.3660610068,0.09701099426,0,0.3546362809,0.3873686635,0.3528546393,0.2121212121,0.01219512195,0.021699783,0.02686810316
Primary somatosensory area upper limb layer 1',206,908,1,25,25.1,684,Somatosensory,2,144,0.5999894673,23.37229848,23.37229848,1.196333441,1.396958317,0,1.030060694,1.506433691,1.206181918,0.9696969697,0.1509146341,0.000009999900001,0.00001463574441
Primary somatosensory area upper limb layer 2/3',159,909,1,25,25.1,685,Somatosensory,2,104,0.6824679275,26.75495188,26.75495188,1.049608578,0.9992132408,0,1.439315578,0.3228072196,1.047135427,0.6060606061,0.1021341463,0.000009999900001,0.00001463574441
Primary somatosensory area upper limb layer 2/3',159,910,1,25,25.1,686,Somatosensory,2,148,0.6419658362,39.55495671,39.55495671,1.057120089,1.435762715,0,1.077755812,1.018636115,1.075706653,0.8181818182,0.1234756098,0.000009999900001,0.00001463574441
Primary somatosensory area upper limb layer 2/3',205,911,1,25,25.1,687,Somatosensory,2,41,0.5459674713,40.6864359,40.6864359,0.6259593139,0.3977450764,0,0.5561866184,0.7560862432,0.6147575429,0.4545454545,0.03353658537,0.0003799962,0.0005215679551
Primary somatosensory area upper limb layer 2/3',159,917,1,25,25.1,688,Somatosensory,2,159,0.6482426358,24.43557574,24.43557574,1.943478478,1.542474809,0,1.196224331,3.337109301,1.923795874,0.7575757576,0.1661585366,0.000009999900001,0.00001463574441
Primary somatosensory area mouth layer 6a',184,922,1,25,25.1,689,Somatosensory,6,45,0.8132759306,3.46E+02,-14,0.2904451217,0.4365494742,0,0.4046392272,0.0774737327,0.297616936,0.6666666667,0.07164634146,0.000009999900001,0.00001463574441
Primary somatosensory area mouth layer 6a',184,923,1,25,25.1,690,Somatosensory,6,43,0.7312453545,3.41E+02,-19,0.9624750411,0.4171472753,0,1.217764062,0.4863628775,0.9357076466,0.5454545455,0.05030487805,0.000009999900001,0.00001463574441
Primary somatosensory area mouth layer 6a',45,928,1,25,25.1,691,Somatosensory,6,67,0.2451901405,3.35E+02,-25,0.1937970036,0.6499736615,0,0.2715544624,0.04877975762,0.2161889423,0.4545454545,0.0381097561,0.1374786252,0.1589442144
Primary somatosensory area mouth layer 6a',45,929,1,25,25.1,692,Somatosensory,6,36,0.6588006269,3.39E+02,-21,0.5909055924,0.3492395793,0,0.8862060641,0.0401715651,0.5790435106,0.3939393939,0.03506097561,0.0000199998,0.00002885868577
Primary somatosensory area mouth layer 2/3',54,931,1,25,25.1,693,Somatosensory,2,17,0.453828683,3.197627512,3.197627512,0.4246507986,0.1649186902,0,0.5092607764,0.2668539682,0.4119018394,0.3333333333,0.01676829268,0.0451895481,0.05457171287
Primary somatosensory area mouth layer 5',124,932,1,25,25.1,694,Somatosensory,5,258,0.5694634882,3.24E+02,-36,0.9840080415,2.502883652,0,1.10775758,0.7532168457,1.058563918,1,0.2423780488,0.000009999900001,0.00001463574441
Primary somatosensory area mouth layer 5',124,933,1,25,25.1,695,Somatosensory,5,49,0.4005307624,3.49E+02,-11,0.3810840303,0.4753538719,0,0.4461801365,0.2596804744,0.385711549,0.5454545455,0.03506097561,0.0129198708,0.01634773984
Primary somatosensory area mouth layer 6b',48,939,1,25,25.1,696,Somatosensory,6,136,0.7203883019,3.44E+02,-16,2.049641178,1.319349522,0,2.303981912,1.575299232,2.013795235,0.8484848485,0.1661585366,0.000009999900001,0.00001463574441
Primary somatosensory area mouth layer 6a',107,940,1,25,25.1,697,Somatosensory,6,999,0.3759011593,3.08E+02,-52,30.06758007,9.681697227,0,28.42936745,33.12289013,29.06693662,1,0.6204268293,0.000009999900001,0.00001463574441
Primary somatosensory area mouth layer 5',124,941,1,25,25.1,698,Somatosensory,5,293,0.6034906708,3.38E+02,-22,2.845861425,2.842422132,0,2.568612889,3.362933879,2.845694095,0.9393939394,0.2515243902,0.000009999900001,0.00001463574441
Primary somatosensory area mouth layer 4',37,942,1,25,25.1,699,Somatosensory,4,228,0.3274647084,3.29E+02,-31,1.620483472,2.211850669,0,1.821645799,1.245318518,1.649512106,0.9090909091,0.1570121951,0.000009999900001,0.00001463574441
Primary somatosensory area mouth layer 4',60,943,1,25,25.1,700,Somatosensory,4,139,0.4256339267,3.35E+02,-25,0.9905180184,1.338751721,0,1.203917092,0.5925305853,1.007611898,0.8484848485,0.131097561,0.000009999900001,0.00001463574441
Primary somatosensory area mouth layer 4',59,944,1,25,25.1,701,Somatosensory,4,144,0.4175024013,3.30E+02,-30,1.217365674,1.396958317,0,1.367003625,0.9382929849,1.226181776,0.9090909091,0.1173780488,0.000009999900001,0.00001463574441
Primary somatosensory area mouth layer 4',57,945,1,25,25.1,702,Somatosensory,4,281,0.6462922698,3.38E+02,-22,1.203344185,2.726008939,0,1.278536874,1.063111776,1.27808617,1,0.2652439024,0.000009999900001,0.00001463574441
Primary somatosensory area mouth layer 4',56,946,1,25,25.1,703,Somatosensory,4,109,0.5308367101,3.56E+02,-4,1.228883325,1.057419837,0,1.297768776,1.100413944,1.220467531,0.8484848485,0.112804878,0.000009999900001,0.00001463574441
Primary somatosensory area mouth layer 2/3',99,947,1,25,25.1,704,Somatosensory,2,178,0.7645854702,1.767978828,1.767978828,1.197835743,1.726795698,0,1.434699922,0.7560862432,1.223800841,0.9393939394,0.2195121951,0.000009999900001,0.00001463574441
Primary somatosensory area mouth layer 2/3',117,950,1,25,25.1,705,Somatosensory,2,156,0.617183556,8.040674011,8.040674011,2.718666492,1.51337151,0,3.038640585,2.121919457,2.65950494,0.8787878788,0.1737804878,0.000009999900001,0.00001463574441
Primary somatosensory area mouth layer 2/3',54,951,1,25,25.1,706,Somatosensory,2,56,0.284475135,26.86919735,26.86919735,1.608465053,0.5432615678,0,1.840108425,1.176452978,1.556179435,0.5757575758,0.03658536585,0.0410295897,0.04976164139
Primary somatosensory area mouth layer 2/3',53,952,1,25,25.1,707,Somatosensory,2,121,0.6584396417,29.26227831,29.26227831,1.45773405,1.17383303,0,1.505473323,1.368702611,1.44379928,0.7575757576,0.125,0.000009999900001,0.00001463574441
Caudoputamen',165,953,1,25,25.1,708,Caudoputamen,0,444,0.7853598754,15.27879244,15.27879244,3.17486564,4.297587046,0,1.240073069,6.783255707,3.229977083,1,0.4298780488,0.000009999900001,0.00001463574441
Caudoputamen',231,954,1,25,25.1,709,Caudoputamen,0,485,0.8372243985,14.50660319,14.50660319,2.618513002,4.705033221,0,0.9831348524,5.668494776,2.720933075,1,0.4847560976,0.000009999900001,0.00001463574441
Primary somatosensory area mouth layer 6a',244,955,1,25,25.1,710,Somatosensory,6,193,0.1443979183,3.24E+02,-36,1.375107421,1.872312189,0,1.873187297,0.4461913124,1.39951388,0.8787878788,0.1173780488,0.08950910491,0.1057109104
Primary somatosensory area upper limb layer 5',253,956,1,25,25.1,711,Somatosensory,5,201,0.6397380873,3.30E+02,-30,4.021162633,1.949920985,0,4.501034446,3.126208584,3.919496,0.9090909091,0.1966463415,0.000009999900001,0.00001463574441
Primary somatosensory area upper limb layer 5',195,957,1,25,25.1,712,Somatosensory,5,2620,0.82453943,3.38E+02,-22,17.17632357,25.3974783,1,16.69713769,18.0700308,17.57987527,1,0.9481707317,0.000009999900001,0.00001463574441
Primary somatosensory area upper limb layer 2/3',221,958,1,25,25.1,713,Somatosensory,2,264,0.7894845998,3.48E+02,-12,1.513820005,2.561090248,0,1.578554552,1.39309249,1.56522699,0.9696969697,0.3216463415,0.000009999900001,0.00001463574441
Primary somatosensory area upper limb layer 2/3',204,959,1,25,25.1,714,Somatosensory,2,78,0.6985386508,7.328286767,7.328286767,0.7882079681,0.7566857552,0,0.8808211315,0.6154857653,0.7866610851,0.8181818182,0.09756097561,0.000009999900001,0.00001463574441
Primary somatosensory area upper limb layer 2/3',142,962,1,25,25.1,715,Somatosensory,2,92,0.7519999503,3.209937231,3.209937231,1.477764748,0.8925011472,0,1.13545152,2.116180662,1.449037338,0.7272727273,0.1234756098,0.000009999900001,0.00001463574441
Field CA3',94,1,1,26,26.1,716,Hipp,0,11,0.1570870526,1.75E+02,175,0.4071003291,0.1943098996,1,0.4051893626,0.4337410352,0.4044638835,0.5,0.003472222222,0.7733322667,0.7941473231
Dentate gyrus molecular layer',20,24,1,26,26.1,717,Hipp,0,958,0.1799849074,11.06444479,11.06444479,15.059388,16.9226258,0,14.22224163,26.72970517,15.08247572,1,0.6284722222,0.000009999900001,0.00001463574441
Dentate gyrus molecular layer',20,25,1,26,26.1,718,Hipp,0,146,0.142189665,2.96E+02,-64,2.191737754,2.579022303,0,2.094111729,3.552703288,2.196536545,0.9444444444,0.1805555556,0.0465195348,0.0560875591
Dentate gyrus molecular layer',48,29,1,26,26.1,719,Hipp,0,410,0.03630328549,1.49E+02,149,13.8724368,7.242459893,0,12.75562714,29.44141439,13.79029241,0.9444444444,0.3368055556,0.4280357196,0.4627802137
Field CA1',77,41,1,26,26.1,720,Hipp,0,17,0.2787915824,3.19E+02,-41,0.397349423,0.3002971175,0,0.3667129988,0.8244390669,0.3961469854,0.2777777778,0.01041666667,0.5482345177,0.5807415996
Field CA1',77,43,1,26,26.1,721,Hipp,0,476,0.4039474714,1.96E+02,-164,7.389857144,8.40831929,1,6.859955663,14.7769942,7.402476984,1,0.1319444444,0.000009999900001,0.00001463574441
Field CA1',77,44,1,26,26.1,722,Hipp,0,530,0.1530482608,2.15E+02,-145,11.25476174,9.362204252,1,10.60831353,20.26663264,11.2313142,1,0.3611111111,0.00004999950001,0.00007096398141
Field CA1',110,47,1,26,26.1,723,Hipp,0,119,0.08403894669,1.20E+02,120,1.697765717,2.102079823,0,1.684172198,1.887270153,1.70277544,0.7777777778,0.1145833333,0.5250347497,0.5587958494
Field CA1',75,52,1,26,26.1,724,Hipp,0,12,0.1913497152,2.31E+02,-129,0.8656145267,0.2119744359,0,0.9215326653,0.08608600698,0.8575159607,0.3333333333,0.01041666667,0.5445645544,0.5776695626
Field CA1',107,65,1,26,26.1,725,Hipp,0,54,0.3561243651,3.28E+02,-32,1.758044045,0.9538849615,0,1.821689573,0.8707930707,1.748080648,0.6666666667,0.08680555556,0.0008399916001,0.001130873859
Dorsal part of the lateral geniculate complex shell',162,112,1,26,26.1,726,Excluded,0,3,0.9941902428,2.81E+02,-79,0.4077651636,0.05299360897,0,0.4194398677,0.2450140199,0.4033695548,0.1111111111,0,0.05511944881,0.06610222656
fiber tracts',224,118,1,26,26.1,727,Excluded,0,686,0.05981558017,2.26E+02,-134,15.04941549,12.11787192,1,14.47780069,23.01476287,15.01287642,1,0.5,0.09846901531,0.1158065588
brachium of the superior colliculus',226,120,1,26,26.1,728,Excluded,0,153,0.09527623345,2.57E+02,-103,4.234330968,2.702674058,0,4.041443256,6.923301562,4.21535411,0.7222222222,0.1041666667,0.3728562714,0.4064404199
fiber tracts',228,124,1,26,26.1,729,Excluded,0,16,0.2702918588,1.89E+02,-171,0.738631136,0.2826325812,0,0.780215156,0.1589280129,0.7329813559,0.3888888889,0.01388888889,0.3367466325,0.3704871309
Dentate gyrus molecular layer',165,125,1,26,26.1,730,Hipp,0,11,0.4550431989,2.92E+02,-68,0.7450578696,0.1943098996,0,0.7168004082,1.138984092,0.7382341336,0.2222222222,0.01388888889,0.09343906561,0.1101788039
Dentate gyrus molecular layer',165,127,1,26,26.1,731,Hipp,0,206,0.176557955,1.61E+02,161,5.346155873,3.638894483,0,5.02472811,9.827048797,5.325003401,0.8888888889,0.1215277778,0.0233297667,0.02883871765
Dentate gyrus molecular layer',167,138,1,26,26.1,732,Hipp,0,294,0.08101949776,1.57E+02,157,7.189077124,5.193373679,1,6.756877009,13.21420207,7.164351061,1,0.2708333333,0.1530584694,0.1765033887
Dentate gyrus molecular layer',245,166,1,26,26.1,733,Hipp,0,159,0.1407117731,1.69E+02,169,1.602029548,2.808661275,0,1.600094218,1.629012132,1.616980071,0.8888888889,0.1215277778,0.09306906931,0.1098000393
Dentate gyrus molecular layer',245,167,1,26,26.1,734,Hipp,0,292,0.06885849254,1.32E+02,132,2.708979,5.158044606,0,2.556303112,4.837371392,2.739323574,1,0.1701388889,0.45799542,0.4925693696
Field CA1',151,194,1,26,26.1,735,Hipp,0,33,0.3546689514,6.504441127,6.504441127,0.5899298182,0.5829296987,1,0.3869012144,3.420263277,0.5898431634,0.6666666667,0.06944444444,0.005339946601,0.006912144795
Field CA1',254,195,1,26,26.1,736,Hipp,0,211,0.5275267594,5.004516468,5.004516468,5.497959752,3.727217164,0,5.50235754,5.436662441,5.47602076,1,0.3993055556,0.000009999900001,0.00001463574441
Field CA1',129,199,1,26,26.1,737,Hipp,0,328,0.2743746129,3.57E+02,-3,4.934623314,5.793967914,0,4.98268912,4.264568346,4.945271346,1,0.4791666667,0.000009999900001,0.00001463574441
Field CA1',129,207,1,26,26.1,738,Hipp,0,628,0.3885729736,3.45E+02,-15,9.087179638,11.09332881,0,8.588304427,16.0417963,9.112037262,1,0.78125,0.000009999900001,0.00001463574441
Field CA1',193,210,1,26,26.1,739,Hipp,0,509,0.4110360291,3.48E+02,-12,5.535633708,8.973584452,1,5.57907276,4.9300794,5.578231059,1,0.5625,0.000009999900001,0.00001463574441
corpus callosum posterior forceps',131,211,1,26,26.1,740,Excluded,0,274,0.251712549,3.57E+02,-3,4.546581574,4.822418416,0,3.916038811,13.33670908,4.549999823,1,0.2986111111,0.0000299997,0.00004295758569
corpus callosum posterior forceps',196,217,1,26,26.1,741,Excluded,0,578,0.1397436906,3.03E+02,-57,8.454700411,10.210102,1,7.321197012,24.25307697,8.476232293,1,0.3923611111,0.0006099939001,0.0008301670309
optic radiation',197,219,1,26,26.1,742,Excluded,0,29,0.324345572,3.40E+02,-20,0.8219570608,0.5122715534,0,0.7985033043,1.148917093,0.8181201279,0.5555555556,0.03819444444,0.1751782482,0.2005728569
Prosubiculum',92,4,1,27,27.1,743,Hipp,0,33,0.1866122346,1.21E+02,121,0.1725193465,0.1106647261,0,0.197835636,0.1002819048,0.1675586408,0.2,0.004074505239,0.4905850941,0.5251103409
Dentate gyrus molecular layer',30,9,1,27,27.1,744,Hipp,0,57,0.2728676421,1.21E+02,121,0.2538081233,0.1911481633,1,0.2037588587,0.3966205674,0.2487828936,0.2888888889,0.009895227008,0.0129198708,0.01634773984
Prosubiculum',83,40,1,27,27.1,745,Hipp,0,283,0.0694313363,2.47E+02,-113,1.08102377,0.9490338634,1,1.131730405,0.9363400327,1.070438829,0.6555555556,0.04481955763,0.3796262037,0.4136198377
Prosubiculum',20,42,1,27,27.1,746,Hipp,0,606,0.05160088444,1.34E+02,134,3.992799452,2.032206789,1,2.22160337,9.046779931,3.835559833,0.9111111111,0.121653085,0.2099079009,0.2372001431
Prosubiculum',80,50,1,27,27.1,747,Hipp,0,2577,0.09595111124,65.04129729,65.04129729,8.226248772,8.641909067,0,8.72451206,6.80452161,8.259592067,1,0.5,0.000009999900001,0.00001463574441
Prosubiculum',80,51,1,27,27.1,748,Hipp,0,283,0.05373748324,1.54E+02,154,2.691301806,0.9490338634,0,2.353098912,3.656345856,2.551571147,0.6444444444,0.03550640279,0.6252637474,0.6558568012
Prosubiculum',78,57,1,27,27.1,749,Hipp,0,46,0.1260779339,1.06E+02,106,0.2312928866,0.1542599213,0,0.2772068193,0.1002819048,0.2251148994,0.3111111111,0.008731082654,0.5165548345,0.5508123791
Prosubiculum',15,59,1,27,27.1,750,Hipp,0,137,0.1576046053,3.16E+02,-44,0.5187276622,0.4594262872,0,0.590347856,0.3143668702,0.5139720104,0.4222222222,0.02793946449,0.07347926521,0.08732936958
Prosubiculum',77,65,1,27,27.1,751,Hipp,0,40,0.2116958206,32.76362035,32.76362035,0.2637499162,0.134139062,0,0.3155103257,0.1160565865,0.2533551197,0.2,0.006402793946,0.2830471695,0.3140940104
Prosubiculum',110,69,1,27,27.1,752,Hipp,0,226,0.1029077834,2.30E+02,-130,0.8152270137,0.7578857001,0,0.9875986541,0.323380974,0.8106288013,0.6111111111,0.0302677532,0.2091379086,0.2365675539
Prosubiculum',110,71,1,27,27.1,753,Hipp,0,38,0.1530154454,75.09044299,75.09044299,0.1973738286,0.1274321089,0,0.2641757295,0.006760577854,0.1917645439,0.1444444444,0.004074505239,0.7216627834,0.7464621863
Prosubiculum',12,79,1,27,27.1,754,Hipp,0,1493,0.01941554162,1.79E+02,179,5.923554104,5.006740488,0,5.616794584,6.798887795,5.850028884,0.9444444444,0.2526193248,0.5959840402,0.6274836644
Prosubiculum',12,81,1,27,27.1,755,Hipp,0,79,0.09106845206,23.62070676,23.62070676,0.417262894,0.2649246474,0,0.3589472917,0.5836632214,0.4050454462,0.2555555556,0.01047729919,0.6442135579,0.6741630492
Prosubiculum',75,84,1,27,27.1,756,Hipp,0,436,0.05655804252,1.20E+02,120,1.415535858,1.462115775,0,1.483174948,1.222537829,1.419272789,0.7888888889,0.06868451688,0.3489765102,0.3822608879
Prosubiculum',75,86,1,27,27.1,757,Hipp,0,317,0.1358778451,27.73181661,27.73181661,1.52284874,1.063052066,0,1.856732855,0.5701420657,1.485973499,0.4888888889,0.04831199069,0.0320096799,0.03924498337
Prosubiculum',11,91,1,27,27.1,758,Hipp,0,166,0.111337085,2.46E+02,-114,1.509398079,0.5533236306,0,0.9706187492,3.046767086,1.432720512,0.3555555556,0.01920838184,0.4113758862,0.4458387674
Prosubiculum',73,95,1,27,27.1,759,Hipp,0,135,0.1136864392,59.01738697,59.01738697,1.129563111,0.4527193341,0,1.484359592,0.1171833495,1.075280009,0.3777777778,0.02386495925,0.3841561584,0.4181506347
Prosubiculum',10,96,1,27,27.1,760,Hipp,0,1354,0.005568052294,1.18E+02,118,5.198680443,4.540607248,0,5.507807288,4.31662896,5.145906057,0.9777777778,0.2159487776,0.9694203058,0.9733118235
Prosubiculum',72,102,1,27,27.1,761,Hipp,0,185,0.1901493806,1.01E+02,101,0.3944552516,0.6203931616,0,0.459247195,0.2095779135,0.4125761716,0.2666666667,0.02153667055,0.0113398866,0.01440523969
Prosubiculum',8,107,1,27,27.1,762,Hipp,0,161,0.2474582702,3.38E+02,-22,0.7658104551,0.5399097244,0,0.6472107933,1.104227716,0.7476934531,0.2555555556,0.02386495925,0.0018699813,0.002474619581
Prosubiculum',8,108,1,27,27.1,763,Hipp,0,1576,0.1007572072,3.05E+02,-55,8.983871868,5.285079041,1,6.354433243,16.48679586,8.687229689,1,0.2718277066,0.000009999900001,0.00001463574441
Primary visual area layer 6b',7,110,1,27,27.1,764,Visual,6,63,0.2296014407,3.46E+01,34.6,0.2348017547,0.2112690226,0,0.2918174352,0.07211283044,0.2329145793,0.2444444444,0.01047729919,0.2345076549,0.2630178033
Primary visual area layer 6a',2,121,1,27,27.1,765,Visual,6,473,0.2465057988,27.52372679,27.52372679,2.161170322,1.586194408,0,2.098005457,2.341413463,2.115058027,0.9111111111,0.1187427241,0.000009999900001,0.00001463574441
Primary visual area layer 6a',104,127,1,27,27.1,766,Visual,6,51,0.3778173214,53.6993764,53.6993764,0.2807094452,0.171027304,0,0.3703988555,0.02478878546,0.2719129788,0.3333333333,0.01222351572,0.0012799872,0.001705891763
Primary visual area layer 6a',64,129,1,27,27.1,767,Visual,6,1212,0.5220025281,16.9750661,16.9750661,5.182890537,4.064413578,0,4.942731848,5.867054814,5.092922024,0.9888888889,0.3998835856,0.000009999900001,0.00001463574441
Primary visual area layer 5',126,141,1,27,27.1,768,Visual,5,2255,0.4480955805,2.523429499,2.523429499,8.020395179,7.558736142,0,8.416899365,6.889028833,7.983375816,1,0.6536670547,0.000009999900001,0.00001463574441
Primary visual area layer 5',126,143,1,27,27.1,769,Visual,5,675,0.3564546126,3.59E+02,-1,2.383983444,2.263596671,0,2.211336451,2.876625877,2.374330145,0.8777777778,0.2083818393,0.000009999900001,0.00001463574441
Primary visual area layer 5',125,146,1,27,27.1,770,Visual,5,130,0.2379874623,23.83497036,23.83497036,0.5643429471,0.4359519514,0,0.7313205547,0.0878875121,0.5540462278,0.6222222222,0.03084982538,0.0030499695,0.004010211066
Primary visual area layer 5',38,148,1,27,27.1,771,Visual,5,631,0.3320052382,55.69097673,55.69097673,2.565567367,2.116043703,0,2.416674835,2.990428937,2.52951688,0.9777777778,0.1688009313,0.000009999900001,0.00001463574441
Primary visual area layer 5',125,149,1,27,27.1,772,Visual,5,245,0.2591222469,82.70563146,82.70563146,1.025759098,0.8216017545,0,1.213470877,0.4901418944,1.009386162,0.7333333333,0.04249126892,0.000009999900001,0.00001463574441
Primary visual area layer 5',61,153,1,27,27.1,773,Visual,5,317,0.4596411363,1.10E+02,110,1.038624947,1.063052066,0,1.078421401,0.925072403,1.040584881,0.7888888889,0.04074505239,0.000009999900001,0.00001463574441
Primary visual area layer 5',60,154,1,27,27.1,774,Visual,5,246,0.1162065826,1.09E+02,109,1.301790052,0.8249552311,0,1.280600734,1.362256438,1.263548145,0.6666666667,0.04016298021,0.046699533,0.05627443726
Primary visual area layer 5',102,156,1,27,27.1,775,Visual,5,684,0.1216221701,3.31E+02,-29,2.190118484,2.29377796,0,2.172638063,2.240004796,2.198433916,0.9666666667,0.1594877765,0.0001199988,0.0001673589212
Primary visual area layer 5',102,157,1,27,27.1,776,Visual,5,143,0.1674657312,3.33E+02,-27,0.9149373478,0.4795471465,0,0.9761470903,0.740283275,0.880019057,0.5333333333,0.03492433062,0.014299857,0.01801285848
Primary visual area layer 5',61,158,1,27,27.1,777,Visual,5,712,0.269252777,29.46704882,29.46704882,3.802735765,2.38096835,0,3.581575287,4.433812309,3.688710687,0.9777777778,0.1839348079,0.000009999900001,0.00001463574441
Primary visual area layer 5',61,159,1,27,27.1,778,Visual,5,644,0.03095019515,8.70E+01,87,3.653608872,2.159638898,0,3.294891311,4.677193112,3.533792907,0.8777777778,0.125145518,0.5384546155,0.5719968567
Primary visual area layer 5',61,160,1,27,27.1,779,Visual,5,74,0.05664326119,2.49E+02,-111,0.6842292726,0.2481572646,0,0.6152253911,0.8811286469,0.6492561136,0.2888888889,0.01455180442,0.774402256,0.794883483
Primary visual area layer 5',61,162,1,27,27.1,780,Visual,5,434,0.1366986468,30.07193093,30.07193093,2.289244006,1.455408822,0,2.251219483,2.397751612,2.222370864,0.6666666667,0.1012805588,0.00007999920001,0.000112268204
Primary visual area layer 5',37,165,1,27,27.1,781,Visual,5,66,0.1641432334,2.94E+02,-66,0.7055748867,0.2213294522,0,0.4837298486,1.338594415,0.6667381548,0.3111111111,0.01396973225,0.1831381686,0.2089427357
Primary visual area layer 4',122,172,1,27,27.1,782,Visual,4,2205,0.631837303,3.821362953,3.821362953,4.372049608,7.391062314,1,3.288178326,7.464804713,4.614183051,1,0.5483119907,0.000009999900001,0.00001463574441
Primary visual area layer 4',35,185,1,27,27.1,783,Visual,4,2043,0.7517214338,21.01985183,21.01985183,0.3991337423,6.84109216,1,0.501104635,0.1081692457,0.9157900028,0.9,0.4650756694,0.000009999900001,0.00001463574441
Dentate gyrus molecular layer',167,224,1,27,27.1,784,Hipp,0,25,0.1827514364,2.13E+02,-147,0.290651238,0.08383691373,0,0.3190642593,0.2095779135,0.2740646146,0.07777777778,0.004074505239,0.5913140869,0.6228582169
Subiculum',232,237,1,27,27.1,785,Hipp,0,1174,0.1063087062,1.27E+02,127,5.6191598,3.936981469,1,5.394081413,6.261421855,5.484250792,0.9111111111,0.1146682189,0.0001499985,0.0002084238417
Subiculum',171,243,1,27,27.1,786,Hipp,0,56,0.1254309909,1.92E+02,-168,0.1657940161,0.1877946868,0,0.2136308964,0.02929583737,0.1675586408,0.2444444444,0.005238649593,0.6610333897,0.6898405935
Subiculum',238,255,1,27,27.1,787,Hipp,0,1127,0.6100832743,26.30486958,26.30486958,3.171139513,3.779368071,0,3.00149435,3.655219093,3.219923029,0.9777777778,0.4220023283,0.000009999900001,0.00001463574441
Subiculum',179,268,1,27,27.1,788,Hipp,0,2996,0.2748388908,74.60625853,74.60625853,9.162824139,10.04701574,0,9.280110344,8.828187914,9.233745191,1,0.4860302678,0.000009999900001,0.00001463574441
Subiculum',246,278,1,27,27.1,789,Hipp,0,327,0.0388653959,2.61E+02,-99,1.37284463,1.096586832,0,1.308242439,1.557186432,1.350689396,0.8111111111,0.06228172293,0.704602954,0.7302307778
Subiculum',245,281,1,27,27.1,790,Hipp,0,132,0.03344474927,2.60E+02,-100,0.6845216783,0.4426589045,0,0.8493901259,0.2140849654,0.6651244279,0.5111111111,0.02095459837,0.896401036,0.9044369036
Subiculum',184,284,1,27,27.1,791,Hipp,0,58,0.2617390579,2.92E+02,-68,0.3850982701,0.1945016399,0,0.3028741174,0.6197196366,0.3698124094,0.1222222222,0.008149010477,0.1278587214,0.1483556608
Subiculum',212,285,1,27,27.1,792,Hipp,0,639,0.0747270775,2.87E+02,-73,1.665835114,2.142871515,0,1.795921103,1.294650659,1.704095582,0.6444444444,0.1100116414,0.005359946401,0.006934045602
Subiculum',186,295,1,27,27.1,793,Hipp,0,172,0.07946547202,1.73E+02,173,0.4769136511,0.5767979665,0,0.4663550622,0.507043339,0.4849249266,0.4,0.03434225844,0.4209457905,0.4557715125
Primary visual area layer 6b',187,301,1,27,27.1,794,Visual,6,1313,0.4433267727,32.38469693,32.38469693,2.917623796,4.403114709,0,3.00939198,2.655780334,3.036765028,0.9555555556,0.3521536671,0.000009999900001,0.00001463574441
Primary visual area layer 6b',187,303,1,27,27.1,795,Visual,6,106,0.07330328008,9.85E+01,98.5,0.9541197079,0.3554685142,0,0.5078176206,2.227610403,0.9061076416,0.4333333333,0.01571594878,0.6656133439,0.693976673
Primary visual area layer 6b',188,305,1,27,27.1,796,Visual,6,13366,0.1203059267,57.48921149,57.48921149,40.77012285,44.81250713,1,33.08435747,62.7009793,41.09436179,1,0.8236321304,0.000009999900001,0.00001463574441
Primary visual area layer 6a',254,310,1,27,27.1,797,Visual,6,1689,0.07172196474,42.42637792,42.42637792,7.91893041,5.664021891,1,6.504093335,11.95608193,7.738089331,0.8555555556,0.2852153667,0.0002299977,0.00031840395
Primary visual area layer 5',218,323,1,27,27.1,798,Visual,5,2899,0.08785006407,19.53758839,19.53758839,14.36384383,9.718375039,0,14.06449471,15.21806075,13.99128098,1,0.4755529686,0.000009999900001,0.00001463574441
Primary visual area layer 5',195,324,1,27,27.1,799,Visual,5,1501,0.2935031998,29.86912629,29.86912629,6.827380037,5.0335683,0,6.105263011,8.887906352,6.683518816,1,0.3661233993,0.000009999900001,0.00001463574441
Primary visual area layer 5',132,325,1,27,27.1,800,Visual,5,10739,0.3983001295,33.08976088,33.08976088,36.96153898,36.00963118,1,35.56776728,40.93867919,36.88522419,1,0.7677532014,0.000009999900001,0.00001463574441
Primary visual area layer 5',154,328,1,27,27.1,801,Visual,5,643,0.1454116258,3.50E+02,-10,3.229620648,2.156285421,0,3.355308182,2.870992062,3.143539957,0.9777777778,0.1635622817,0.0000199998,0.00002885868577
Primary visual area layer 5',154,331,1,27,27.1,802,Visual,5,1519,0.1098204762,68.39650648,68.39650648,7.906649372,5.093930878,0,7.752313785,8.347060123,7.681070981,1,0.3119906868,0.000009999900001,0.00001463574441
Prosubiculum',212,358,1,27,27.1,803,Hipp,0,851,0.2295099866,76.53739301,76.53739301,1.471092936,2.853808543,0,1.509237127,1.362256438,1.581990249,0.7111111111,0.1100116414,0.000009999900001,0.00001463574441
Prosubiculum',11,361,1,27,27.1,804,Hipp,0,196,0.1559282795,2.39E+01,23.9,1.128685894,0.6572814036,0,1.147920547,1.073805116,1.090879369,0.3888888889,0.0227008149,0.135498645,0.1568161696
Subiculum',178,362,1,27,27.1,805,Hipp,0,409,0.1441159332,3.00E+00,3,1.276058353,1.371571909,0,1.273887748,1.282256266,1.283719731,0.9666666667,0.1006984866,0.0007499925001,0.001013345209
Prosubiculum',212,363,1,27,27.1,806,Hipp,0,195,0.08160424453,2.63E+02,-97,0.7254584724,0.6539279271,0,0.6021943013,1.077185405,0.7197221872,0.4777777778,0.02153667055,0.5067449326,0.5413777139
Prosubiculum',31,6,2,27,27.2,807,Hipp,0,42,0.2113236052,2.57E+02,-103,0.499161702,0.2392191432,0,0.5786323054,0.1300058058,0.4752985662,0.2432432432,0.01217391304,0.2055379446,0.2328804442
Prosubiculum',91,12,2,27,27.2,808,Hipp,0,126,0.07886862577,2.01E+02,-159,0.5463719206,0.7176574295,0,0.6262102942,0.1755078379,0.5620967642,0.3243243243,0.03217391304,0.5437945621,0.5771247332
Primary visual area layer 6a',22,39,2,27,27.2,809,Visual,6,475,0.04289679383,2.99E+02,-61,3.591431023,2.705454595,0,2.996013944,6.357283906,3.510098212,0.9459459459,0.1634782609,0.4066259337,0.4413283399
Primary visual area layer 6b',171,168,2,27,27.2,810,Visual,6,254,0.1342361313,3.17E+02,-43,2.16936712,1.446706247,0,2.276047025,1.67382475,2.103026219,0.6756756757,0.1017391304,0.008409915901,0.01077445685
Primary visual area layer 6b',171,169,2,27,27.2,811,Visual,6,218,0.1136216278,73.20589237,73.20589237,1.511878465,1.241661267,0,1.586865863,1.163551962,1.487072742,0.8378378378,0.06608695652,0.1469185308,0.1696837418
Primary visual area layer 6b',172,172,2,27,27.2,812,Visual,6,789,0.2105931469,17.42961172,17.42961172,5.071068363,4.488206781,0,5.06915484,5.079976863,5.017563302,1,0.2991304348,0.000009999900001,0.00001463574441
Primary visual area layer 6b',174,176,2,27,27.2,813,Visual,6,956,0.198983398,41.63864352,41.63864352,6.35668322,5.445083354,1,6.27399744,6.740801033,6.272999888,0.972972973,0.2330434783,0.000009999900001,0.00001463574441
Primary visual area layer 6b',237,177,2,27,27.2,814,Visual,6,563,0.2187298893,40.14759698,40.14759698,4.501091333,3.206675657,1,5.053062285,1.937086507,4.382263238,0.9459459459,0.1782608696,0.000009999900001,0.00001463574441
Primary visual area layer 6b',237,179,2,27,27.2,815,Visual,6,566,0.07025088982,13.08745625,13.08745625,2.820522697,3.223762739,0,2.924646961,2.33685436,2.857543085,0.9459459459,0.1826086957,0.1100888991,0.1281334601
Primary visual area layer 6a',207,187,2,27,27.2,816,Visual,6,259,0.126979269,43.66180647,43.66180647,2.032342339,1.475184716,0,2.087834098,1.77457925,1.981195014,0.8378378378,0.1043478261,0.0202397976,0.02514336888
Primary visual area layer 6a',207,188,2,27,27.2,817,Visual,6,1066,0.07417212503,39.30276043,39.30276043,9.032120854,6.071609681,0,8.356234128,12.17179357,8.76034343,1,0.3295652174,0.008609913901,0.0110118842
Primary visual area layer 4',248,216,2,27,27.2,818,Visual,4,526,0.2053220615,1.09E+02,109,3.124510446,2.995934983,0,2.881966706,4.251189851,3.112708872,1,0.1373913043,0.000009999900001,0.00001463574441
Primary visual area layer 4',186,219,2,27,27.2,819,Visual,4,1762,0.2429925822,59.57879865,59.57879865,12.19002389,10.03581262,0,10.91005265,18.13580992,11.9922691,1,0.5434782609,0.000009999900001,0.00001463574441
Primary visual area layer 6b',235,269,2,27,27.2,820,Visual,6,811,0.06657407706,16.17313434,16.17313434,6.293352439,4.61920774,0,6.07319034,7.316076724,6.139665307,0.972972973,0.2156521739,0.1018289817,0.1193217271
Primary visual area layer 6b',233,273,2,27,27.2,821,Visual,6,379,0.1167379439,5.610817225,5.610817225,2.507323197,2.158667982,0,2.491547327,2.580615246,2.475317285,0.9189189189,0.1008695652,0.06037939621,0.07217951187
Primary visual area layer 6a',207,274,2,27,27.2,822,Visual,6,1100,0.09417442457,53.21579568,53.21579568,5.604198393,6.265263273,0,5.70376125,5.141729621,5.664889622,1,0.3460869565,0.0003799962,0.0005215679551
Primary visual area layer 6b',173,275,2,27,27.2,823,Visual,6,2979,0.2216676303,54.78067855,54.78067855,12.81066555,16.96747208,1,13.47226728,9.737434858,13.19228034,1,0.6660869565,0.000009999900001,0.00001463574441
Primary visual area layer 6b',232,278,2,27,27.2,824,Visual,6,584,0.06527020471,53.93970492,53.93970492,3.895994507,3.326285229,0,4.103601537,2.931630922,3.843696106,0.9459459459,0.1756521739,0.1819381806,0.2079953502
Rostrolateral area layer 5',44,61,1,29,29.1,825,Visual,5,472,0.4339333266,16.73168009,16.73168009,0.5692476461,2.869445692,1,0.4599375813,1.421884896,0.708958407,0.9803921569,0.2726358149,0.000009999900001,0.00001463574441
Rostrolateral area layer 5',11,63,1,29,29.1,826,Visual,5,632,0.6145650603,27.97365433,27.97365433,0.5295418365,3.842139147,0,0.5956568675,0.01383829582,0.7307441081,0.862745098,0.3319919517,0.000009999900001,0.00001463574441
Rostrolateral area layer 5',9,72,1,29,29.1,827,Visual,5,763,0.2783515315,26.36934788,26.36934788,0.8196694351,4.638531914,0,0.6302519797,2.297157107,1.051621637,0.9607843137,0.3279678068,0.000009999900001,0.00001463574441
Rostrolateral area layer 4',8,73,1,29,29.1,828,Visual,4,65,0.6871070948,3.47E+02,-13,1.19078116,0.3951567161,0,1.022329918,2.504731544,1.142456933,0.5294117647,0.05633802817,0.000009999900001,0.00001463574441
Rostrolateral area layer 5',72,76,1,29,29.1,829,Visual,5,624,0.44519239,14.75802752,14.75802752,4.50798533,3.793504475,0,4.386039287,5.459207702,4.464591719,0.9803921569,0.2575452716,0.000009999900001,0.00001463574441
Rostrolateral area layer 4',8,78,1,29,29.1,830,Visual,4,2147,0.7102920012,18.27080323,18.27080323,5.039099674,13.0340923,1,4.956415111,5.684080009,5.524706087,1,0.7625754527,0.000009999900001,0.00001463574441
Rostrolateral area layer 2/3',4,91,1,29,29.1,831,Visual,2,101,0.4269950814,3.52E+02,-8,2.139789321,0.6140127435,0,2.047320998,2.861067661,2.0471174,0.7058823529,0.06639839034,0.000009999900001,0.00001463574441
Rostrolateral area layer 1',62,124,1,29,29.1,832,Visual,2,21,0.9060733647,1.88744234,1.88744234,0.1898802576,0.127666016,0,0.128622853,0.6676977735,0.1861015818,0.2941176471,0.02112676056,0.000009999900001,0.00001463574441
Dentate gyrus molecular layer',162,161,1,29,29.1,833,Hipp,0,39,0.1070242696,79.66855984,79.66855984,0.5672820119,0.2370940297,0,0.6102932611,0.231791455,0.5472272704,0.3725490196,0.01307847082,0.6667333327,0.694822561
Field CA1',228,172,1,29,29.1,834,Hipp,0,156,0.1321644871,1.88E+02,-172,1.460073037,0.9483761187,0,1.531942532,0.8994892285,1.428994289,0.5882352941,0.04124748491,0.1052389476,0.1228697464
Field CA1',166,174,1,29,29.1,835,Hipp,0,352,0.1013974356,1.26E+02,126,2.154728141,2.139925601,0,2.147558118,2.210667758,2.153830411,0.9803921569,0.1227364185,0.0240397596,0.02966748841
Field CA1',170,182,1,29,29.1,836,Hipp,0,609,0.2290292226,1.43E+02,143,4.341692682,3.702314463,0,3.953156858,7.3723521,4.302860582,0.862745098,0.1267605634,0.000009999900001,0.00001463574441
Field CA1',235,193,1,29,29.1,837,Hipp,0,132,0.1341487516,1.10E+02,110,0.6345066994,0.8024721004,0,0.609406207,0.8302977494,0.6447090514,0.6862745098,0.04124748491,0.1827081729,0.2086636719
Field CA1',238,199,1,29,29.1,838,Hipp,0,22,0.5429281387,72.43241015,72.43241015,0.680895665,0.1337453501,0,0.7362549517,0.2490893248,0.6476630448,0.1568627451,0.005030181087,0.06427935721,0.07663815311
Field CA1',208,203,1,29,29.1,839,Hipp,0,133,0.1084226278,2.94E+02,-66,1.047289868,0.8085514345,0,1.12833289,0.4151488747,1.032789929,0.568627451,0.04325955734,0.2238677613,0.2522153807
Field CA1',208,205,1,29,29.1,840,Hipp,0,228,0.08792781566,81.63851137,81.63851137,2.216055926,1.386088173,0,2.384401578,0.9029488025,2.165646384,0.6078431373,0.06740442656,0.3081269187,0.3404976407
Field CA1',177,210,1,29,29.1,841,Hipp,0,368,0.1564092546,1.10E+02,110,2.119346726,2.237194947,0,1.880554816,3.981969623,2.126505972,0.8235294118,0.07746478873,0.009669903301,0.0123325509
Field CA1',144,212,1,29,29.1,842,Hipp,0,281,0.1753201233,1.11E+02,111,0.9855689563,1.70829288,0,1.019225228,0.7230509568,1.029466687,0.6274509804,0.06338028169,0.0033099669,0.004334342928
Field CA1',242,219,1,29,29.1,843,Hipp,0,2124,0.05147868156,1.13E+02,113,14.79218313,12.91250562,1,13.3537133,26.01253657,14.67802377,1,0.4265593561,0.05322946771,0.06393785048
Rostrolateral area layer 6b',147,229,1,29,29.1,844,Visual,6,986,0.1129227965,1.09E+02,109,7.708823958,5.994223417,1,7.157640006,12.0081812,7.604686663,1,0.2334004024,0.0000199998,0.00002885868577
Rostrolateral area layer 6b',247,233,1,29,29.1,845,Visual,6,657,0.3763807576,3.04E+02,-56,1.348425018,3.988043166,0,1.248972255,2.124178409,1.50875211,1,0.2535211268,0.000009999900001,0.00001463574441
Rostrolateral area layer 6b',184,234,1,29,29.1,846,Visual,6,317,0.1372635224,1.64E+02,164,2.255368609,1.927148908,0,1.892973575,5.082114141,2.235434477,0.9803921569,0.07947686117,0.0406895931,0.04937588899
Rostrolateral area layer 6b',185,238,1,29,29.1,847,Visual,6,50,0.5980915488,25.75706437,25.75706437,0.3502760032,0.3039667047,0,0.3783285987,0.1314638103,0.3474634693,0.4705882353,0.03722334004,0.000009999900001,0.00001463574441
Rostrolateral area layer 6a',187,249,1,29,29.1,848,Visual,6,257,0.6973540503,54.1726083,54.1726083,0.3231502521,1.562388862,0,0.3597004613,0.03805531351,0.3984198548,0.7058823529,0.1036217304,0.000009999900001,0.00001463574441
Rostrolateral area layer 6a',187,251,1,29,29.1,849,Visual,6,170,0.7504955942,27.7619135,27.7619135,0.3915543201,1.033486796,0,0.3681274758,0.5742892767,0.4305445326,0.7058823529,0.1086519115,0.000009999900001,0.00001463574441
Rostrolateral area layer 6a',187,255,1,29,29.1,850,Visual,6,291,0.7123700894,31.43091746,31.43091746,0.3707185982,1.769086221,0,0.4160284004,0.01729786978,0.4556534762,0.7058823529,0.1830985915,0.000009999900001,0.00001463574441
Rostrolateral area layer 6a',250,256,1,29,29.1,851,Visual,6,498,0.2794614765,3.112648149,3.112648149,2.361905979,3.027508379,0,2.015387048,5.064816271,2.402335102,1,0.1740442656,0.000009999900001,0.00001463574441
Rostrolateral area layer 6a',250,257,1,29,29.1,852,Visual,6,134,0.5974606892,3.52E+02,-8,0.4658552905,0.8146307686,1,0.3654663134,1.248906198,0.4870396557,0.8235294118,0.1026156942,0.000009999900001,0.00001463574441
Rostrolateral area layer 6a',251,260,1,29,29.1,853,Visual,6,375,0.4076842476,16.14128151,16.14128151,1.730544294,2.279750285,0,1.795397617,1.22468918,1.763903287,0.9215686275,0.2364185111,0.000009999900001,0.00001463574441
Rostrolateral area layer 6a',188,262,1,29,29.1,854,Visual,6,1197,0.4564830057,3.50E+02,-10,7.539779423,7.264804242,0,7.194896281,10.22996019,7.523082596,1,0.7042253521,0.000009999900001,0.00001463574441
Rostrolateral area layer 6a',251,263,1,29,29.1,855,Visual,6,974,0.3434714342,3.56E+02,-4,6.40757416,5.915192074,0,6.476382412,5.870897003,6.37767167,0.8823529412,0.509054326,0.000009999900001,0.00001463574441
Rostrolateral area layer 6a',252,265,1,29,29.1,856,Visual,6,315,0.1686103249,41.94361618,41.94361618,4.379825984,1.91499024,0,4.075126805,6.756547936,4.230118495,0.9411764706,0.1458752515,0.0000399996,0.0000569867719
Rostrolateral area layer 6a',150,267,1,29,29.1,857,Visual,6,838,0.712036843,3.51E+02,-9,3.400940184,5.094481971,1,2.907763532,7.247807437,3.503805377,1,0.4808853119,0.000009999900001,0.00001463574441
Rostrolateral area layer 6a',189,268,1,29,29.1,858,Visual,6,91,0.4213951839,3.35E+02,-25,0.9788858002,0.5532194026,0,1.06756968,0.2871446383,0.9530321086,0.5490196078,0.0523138833,0.000009999900001,0.00001463574441
Rostrolateral area layer 6a',189,269,1,29,29.1,859,Visual,6,485,0.3922122869,3.53E+02,-7,1.476977491,2.948477036,1,1.215707724,3.514927139,1.566354981,0.9803921569,0.2615694165,0.000009999900001,0.00001463574441
Rostrolateral area layer 6a',150,270,1,29,29.1,860,Visual,6,847,0.5919242201,16.2070998,16.2070998,2.621369685,5.143116644,1,2.597294576,2.809174052,2.774538266,1,0.3853118712,0.000009999900001,0.00001463574441
Rostrolateral area layer 5',253,272,1,29,29.1,861,Visual,5,634,0.2020803941,2.28E+02,-132,3.715048519,3.854297816,0,3.675952433,4.020024937,3.723508634,0.9607843137,0.1730382294,0.000009999900001,0.00001463574441
Rostrolateral area layer 5',191,280,1,29,29.1,862,Visual,5,52,0.4398574901,17.80536348,17.80536348,0.485118505,0.3161253729,0,0.3920779381,1.210850885,0.4748544331,0.4901960784,0.03521126761,0.0000199998,0.00002885868577
Rostrolateral area layer 5',254,281,1,29,29.1,863,Visual,5,345,0.2502953711,3.11E+02,-49,2.973218196,2.097370262,0,2.646969609,5.518020459,2.920022439,0.9411764706,0.1549295775,0.000009999900001,0.00001463574441
Primary visual area layer 4',132,299,1,29,29.1,864,Visual,4,215,0.3083122764,2.61E+02,-99,1.647594534,1.30705683,0,1.426826614,3.369625033,1.626911845,0.9215686275,0.07243460765,0.000009999900001,0.00001463574441
Primary visual area layer 2/3',133,302,1,29,29.1,865,Visual,2,2803,0.6423811635,3.59E+02,-1,7.711182719,17.0282148,1,7.194452754,11.74179401,8.277089402,1,0.7947686117,0.000009999900001,0.00001463574441
Primary visual area layer 2/3',134,308,1,29,29.1,866,Visual,2,118,0.2436823118,14.19829958,14.19829958,1.521007695,0.7173614231,0,1.349209375,2.861067661,1.472196442,0.6862745098,0.06136820926,0.0009999900001,0.001339867554
Primary visual area layer 2/3',134,309,1,29,29.1,867,Visual,2,17,0.1199838227,2.60E+02,-100,0.2795131743,0.1033486796,0,0.2545845435,0.4739616319,0.268813396,0.1568627451,0.008048289738,0.8501914981,0.865181312
Field CA1',239,340,1,29,29.1,868,Hipp,0,1615,0.03487941734,1.23E+02,123,9.085554108,9.818124562,0,9.505672364,5.808624672,9.130054986,1,0.3400402414,0.358396416,0.391626375
Rostrolateral area layer 5',73,343,1,29,29.1,869,Visual,5,692,0.4619172673,3.22E+02,-38,5.1845566,4.206899193,0,4.297333871,12.10504927,5.125178484,0.9803921569,0.2947686117,0.000009999900001,0.00001463574441
Primary visual area layer 2/3',135,344,1,29,29.1,870,Visual,2,195,0.6113171936,9.734432683,9.734432683,0.7968680791,1.185470148,0,0.7726241722,0.9859785774,0.8204716565,0.8235294118,0.1338028169,0.000009999900001,0.00001463574441
Field CA1',94,0,2,29,29.2,871,Hipp,0,1044,0.124714019,18.10845803,18.10845803,8.000085643,4.099470001,0,8.018586812,7.913126611,7.586196159,0.9677419355,0.2518072289,0.000009999900001,0.00001463574441
Field CA1',89,17,2,29,29.2,872,Hipp,0,381,0.08904949732,59.17108565,59.17108565,1.584821487,1.496070949,0,1.752264142,0.7974262624,1.575405486,0.4032258065,0.05060240964,0.1685083149,0.1931324933
Field CA1',89,19,2,29,29.2,873,Hipp,0,357,0.07937738146,35.45234708,35.45234708,1.668257677,1.401830259,0,1.83818161,0.8691946261,1.639988361,0.5967741935,0.05602409639,0.2432775672,0.2721758468
Field CA1',85,31,2,29,29.2,874,Hipp,0,168,0.1052663414,3.08E+02,-52,0.7691045453,0.6596848277,0,0.8066067518,0.5927535217,0.7574946239,0.7419354839,0.0343373494,0.213597864,0.2411277793
Field CA1',85,37,2,29,29.2,875,Hipp,0,273,0.1636036554,13.60221541,13.60221541,1.759617975,1.071987845,0,1.489989767,3.02756171,1.686654696,0.5,0.03795180723,0.07787922121,0.09241229675
Field CA1',23,40,2,29,29.2,876,Hipp,0,2139,0.2108982723,1.99E+02,-161,9.135097502,8.391348076,1,7.778922297,15.51259889,9.056185726,1,0.2240963855,0.000009999900001,0.00001463574441
Field CA1',23,46,2,29,29.2,877,Hipp,0,1522,0.07910985654,3.11E+02,-49,6.46047818,5.976430404,0,6.02270143,8.51917057,6.40912118,1,0.1548192771,0.0357396426,0.04359364636
Field CA1',84,49,2,29,29.2,878,Hipp,0,107,0.1499658664,3.29E+02,-31,1.14573271,0.4162297127,0,0.8286513652,2.636822841,1.068325751,0.4516129032,0.02168674699,0.2950870491,0.3267294381
Field CA1',22,51,2,29,29.2,879,Hipp,0,91,0.3138125979,3.56E+02,-4,1.058567529,0.3573292817,0,0.752343088,2.498602289,0.9841596819,0.3387096774,0.01626506024,0.0235497645,0.02907872731
Field CA1',22,52,2,29,29.2,880,Hipp,0,772,0.1023788066,1.13E+02,113,3.488005644,3.031408851,0,3.152379716,5.063656766,3.439142258,0.7258064516,0.07831325301,0.0357596424,0.04359364636
Field CA1',83,58,2,29,29.2,881,Hipp,0,8450,0.06246411634,2.52E+02,-108,25.8628883,33.18057616,1,24.93754497,30.21448108,26.63939427,1,0.8210843373,0.000009999900001,0.00001463574441
Field CA1',20,59,2,29,29.2,882,Hipp,0,293,0.06469869501,3.32E+02,-28,1.215185181,1.150521753,0,1.001051547,2.222161185,1.208324758,0.5,0.04337349398,0.5461545385,0.5788106714
Field CA1',84,61,2,29,29.2,883,Hipp,0,265,0.08132141247,1.91E+02,-169,1.13035062,1.040574282,0,1.040618802,1.552323124,1.120825379,0.5967741935,0.04397590361,0.3538064619,0.3871746941
Field CA1',83,62,2,29,29.2,884,Hipp,0,858,0.0492889811,2.52E+02,-108,3.724330495,3.369104656,0,3.882112944,2.982374222,3.686640502,0.9193548387,0.1596385542,0.1964680353,0.223245607
Field CA1',83,63,2,29,29.2,885,Hipp,0,2614,0.03143160436,3.47E+02,-13,17.01166029,10.26438178,1,15.38148769,24.67768473,16.29571768,1,0.4228915663,0.2020079799,0.2290780669
Field CA1',48,73,2,29,29.2,886,Hipp,0,107,0.2795302617,3.05E+02,-55,0.8031315948,0.4201564081,1,0.9688324965,0.02392278787,0.7624945884,0.2903225806,0.01024096386,0.1783782162,0.2041328748
Lateral visual area layer 6b',78,80,2,29,29.2,887,Visual,6,996,0.1571660378,3.41E+02,-19,7.168520486,3.910988621,0,6.27932334,11.3500338,6.822868243,1,0.2481927711,0.000009999900001,0.00001463574441
Lateral visual area layer 6b',111,86,2,29,29.2,888,Visual,6,947,0.1451649482,32.08102636,32.08102636,4.78010128,3.714653851,1,4.715851528,5.082263379,4.66705021,0.9838709677,0.2493975904,0.000009999900001,0.00001463574441
Lateral visual area layer 6b',77,92,2,29,29.2,889,Visual,6,3433,0.1309698832,0.7571944621,0.7571944621,19.23134262,13.48034532,1,17.68373667,26.50644896,18.62070118,1,0.6078313253,0.000009999900001,0.00001463574441
Lateral visual area layer 6a',13,97,2,29,29.2,890,Visual,6,3023,0.2246588591,24.63522241,24.63522241,8.906696758,11.86254681,1,7.882927653,13.72104789,9.220351228,1,0.6018072289,0.000009999900001,0.00001463574441
Lateral visual area layer 6b',110,101,2,29,29.2,891,Visual,6,67,0.07714233156,2.41E+02,-119,0.9676733551,0.263088592,0,0.971658729,0.9489372523,0.8929103295,0.3387096774,0.01506024096,0.6869431306,0.7148908862
Lateral visual area layer 6a',10,115,2,29,29.2,892,Visual,6,948,0.3788629098,15.25830359,15.25830359,5.03274047,3.718580547,0,5.204789748,4.223701103,4.893298605,1,0.3337349398,0.000009999900001,0.00001463574441
Lateral visual area layer 6a',10,116,2,29,29.2,893,Visual,6,1388,0.4400124831,4.685072172,4.685072172,5.599547213,5.450253219,0,5.548459619,5.837160241,5.583293707,1,0.5313253012,0.000009999900001,0.00001463574441
Lateral visual area layer 6a',10,118,2,29,29.2,894,Visual,6,2592,0.2337866564,3.47E+02,-13,12.88879381,10.17406779,0,12.25115258,15.88738924,12.6007439,1,0.6885542169,0.000009999900001,0.00001463574441
Lateral visual area layer 6a',73,120,2,29,29.2,895,Visual,6,2789,0.3154129631,3.51E+02,-9,13.19177438,10.94762678,0,12.54847224,16.214334,12.9532414,0.9838709677,0.7228915663,0.000009999900001,0.00001463574441
Lateral visual area layer 5',8,130,2,29,29.2,896,Visual,5,429,0.2477527244,11.49696556,11.49696556,4.02218371,1.684552328,0,3.79732597,5.079605292,3.774139881,0.935483871,0.1403614458,0.000009999900001,0.00001463574441
Lateral visual area layer 5',71,131,2,29,29.2,897,Visual,5,1940,0.09902487765,66.91162079,66.91162079,6.861810916,7.617789082,0,6.186057668,10.03959664,6.942034064,1,0.3879518072,0.000009999900001,0.00001463574441
Lateral visual area layer 5',70,134,2,29,29.2,898,Visual,5,592,0.4710153331,3.43E+02,-17,1.386718801,2.320676983,0,1.488859274,0.9064078516,1.485822788,1,0.2144578313,0.000009999900001,0.00001463574441
Lateral visual area layer 5',5,142,2,29,29.2,899,Visual,5,389,0.4600158718,31.90749356,31.90749356,1.549396066,1.527484512,0,1.500164204,1.780918653,1.547072353,0.935483871,0.1373493976,0.000009999900001,0.00001463574441
Lateral visual area layer 5',68,143,2,29,29.2,900,Visual,5,676,0.5575722047,1.209368311,1.209368311,0.7416032312,2.654446092,0,0.6958184383,0.9569115149,0.9445766295,0.9677419355,0.2536144578,0.000009999900001,0.00001463574441
Lateral visual area layer 5',4,146,2,29,29.2,901,Visual,5,115,0.5423003344,25.48240569,25.48240569,0.3146336776,0.4515699714,0,0.336321666,0.2126470033,0.3291643305,0.5322580645,0.04397590361,0.000009999900001,0.00001463574441
Lateral visual area layer 5',41,147,2,29,29.2,902,Visual,5,624,0.6249502535,21.41887189,21.41887189,0.9858521898,2.446331236,0,0.981833166,1.004757091,1.140825237,0.9032258065,0.2602409639,0.000009999900001,0.00001463574441
Lateral visual area layer 4',66,155,2,29,29.2,903,Visual,4,2497,0.2288745354,3.26E+02,-34,22.2299181,9.801031726,1,21.90104079,23.77659306,20.91110159,1,0.4813253012,0.000009999900001,0.00001463574441
Lateral visual area layer 4',66,157,2,29,29.2,904,Visual,4,1145,0.4269799986,49.27816174,49.27816174,2.026240884,4.496066237,0,1.964796825,2.315194249,2.288317093,0.9516129032,0.2951807229,0.000009999900001,0.00001463574441
Field CA1',232,247,2,29,29.2,905,Hipp,0,45,0.1885484266,3.13E+02,-47,0.3458639834,0.1767012931,0,0.3504528284,0.3242866801,0.3279143394,0.3064516129,0.01265060241,0.3560064399,0.3892037379
Field CA1',235,252,2,29,29.2,906,Hipp,0,306,0.08879081342,3.44E+02,-16,1.455239024,1.201568793,0,1.407463779,1.679911326,1.428323196,0.6612903226,0.05180722892,0.2397176028,0.2685934913
Field CA1',235,256,2,29,29.2,907,Hipp,0,921,0.0489165455,2.45E+02,-115,8.49091418,3.612559771,1,6.980794243,15.59234152,7.973276745,1,0.1554216867,0.2643473565,0.2942858059
Field CA1',172,257,2,29,29.2,908,Hipp,0,70,0.1924422579,1.17E+02,117,0.477310942,0.2748686782,0,0.3854981112,0.9090659392,0.4558300982,0.435483871,0.01445783133,0.09453905461,0.1114174932
Field CA1',237,261,2,29,29.2,909,Hipp,0,122,0.2796248303,2.79E+02,-81,0.6395220825,0.4790568392,0,0.6387285421,0.643257185,0.622495582,0.564516129,0.02108433735,0.0124498755,0.01578854634
Field CA1',174,262,2,29,29.2,910,Hipp,0,48,0.5056349806,3.37E+02,-23,0.3360753801,0.1884813793,0,0.325016736,0.3880807811,0.3204143926,0.2580645161,0.01024096386,0.0026699733,0.003518799707
Field CA1',174,263,2,29,29.2,911,Hipp,0,1986,0.1454331202,1.11E+02,111,5.433140957,7.798417071,0,5.395277818,5.6112228,5.684126325,0.935483871,0.2210843373,0.000009999900001,0.00001463574441
Field CA1',237,266,2,29,29.2,912,Hipp,0,1928,0.09387462803,2.09E+02,-151,5.965920651,7.570668737,0,5.766644767,6.903053345,6.13620645,1,0.2584337349,0.0000199998,0.00002885868577
Field CA1',237,269,2,29,29.2,913,Hipp,0,961,0.05446809093,88.52661518,88.52661518,3.420883792,3.773554282,0,3.25016736,4.223701103,3.458308789,0.8225806452,0.1475903614,0.2055679443,0.2328804442
Field CA1',237,270,2,29,29.2,914,Hipp,0,784,0.02046609593,2.03E+02,-157,4.236600734,3.078529196,0,4.299264859,3.941943824,4.113720804,0.9516129032,0.1506024096,0.7606523935,0.7814826735
Field CA1',237,273,2,29,29.2,915,Hipp,0,2614,0.06316626058,2.77E+02,-83,17.74207655,10.26045509,1,15.81050978,26.82541947,16.94821305,1,0.393373494,0.0021799782,0.002878082656
Field CA1',238,275,2,29,29.2,916,Hipp,0,417,0.05202501099,1.21E+02,121,2.039292355,1.637431983,0,1.894706259,2.719223555,1.996652496,0.5483870968,0.0734939759,0.4577054229,0.4924927854
Field CA1',175,278,2,29,29.2,917,Hipp,0,295,0.1011568861,2.75E+02,-85,1.681775272,1.158375144,0,1.569124277,2.211528834,1.626238458,0.5967741935,0.05481927711,0.1599284007,0.1839544354
Field CA1',174,281,2,29,29.2,918,Hipp,0,161,0.1160003699,3.31E+02,-29,1.208659446,0.6321979599,0,1.002747286,2.176973696,1.147491856,0.6290322581,0.03253012048,0.3298267017,0.3635846746
Field CA1',207,284,2,29,29.2,919,Hipp,0,5115,0.08646455821,2.57E+02,-103,25.53380478,20.08112029,1,22.75965022,38.57948258,24.95523955,1,0.6355421687,0.000009999900001,0.00001463574441
Field CA1',144,288,2,29,29.2,920,Hipp,0,912,0.2068163958,2.95E+02,-65,5.345043528,3.581146208,1,4.081079711,11.28889779,5.15788006,1,0.2,0.000009999900001,0.00001463574441
Field CA1',176,290,2,29,29.2,921,Hipp,0,171,0.2605784203,1.40E+02,140,0.6828716114,0.6714649139,0,0.659077416,0.7947681749,0.6816618288,0.3387096774,0.02048192771,0.0009299907001,0.001248305943
Field CA1',144,295,2,29,29.2,922,Hipp,0,823,0.0751423174,3.12E+02,-48,3.482412156,3.231670317,0,2.619917515,7.538336268,3.455808807,0.9838709677,0.2048192771,0.007439925601,0.009569870016
Primary visual area layer 6b',177,299,2,29,29.2,923,Visual,6,421,0.07954565519,47.92352388,47.92352388,2.050945454,1.653138765,0,1.809354038,3.187046962,2.008735744,0.9193548387,0.1012048193,0.09722902771,0.1145277558
Primary visual area layer 6b',240,300,2,29,29.2,924,Visual,6,936,0.03178924862,2.82E+02,-78,4.395549007,3.675386897,0,3.762280687,7.37353484,4.319136013,1,0.2156626506,0.3861261387,0.420091802
Primary visual area layer 6b',241,308,2,29,29.2,925,Visual,6,374,0.5268296506,3.40E+02,-20,0.8171153138,1.468584081,1,0.9038291493,0.4093454814,0.8862437101,0.9516129032,0.1451807229,0.000009999900001,0.00001463574441
Primary visual area layer 6b',209,311,2,29,29.2,926,Visual,6,3424,0.07037836642,2.95E+02,-65,11.44147889,13.44107836,0,11.05283001,13.26917301,11.65366729,1,0.6096385542,0.000009999900001,0.00001463574441
Primary visual area layer 6b',145,314,2,29,29.2,927,Visual,6,189,0.3245688276,27.5279636,27.5279636,0.5360425618,0.7421454312,1,0.5584635394,0.4306101817,0.557912707,0.8064516129,0.06084337349,0.000009999900001,0.00001463574441
Primary visual area layer 6a',180,319,2,29,29.2,928,Visual,6,1456,0.2243415654,29.90735343,29.90735343,10.35820679,5.717268507,1,9.615408167,13.85129418,9.865763314,0.9193548387,0.3512048193,0.000009999900001,0.00001463574441
Primary visual area layer 6a',243,320,2,29,29.2,929,Visual,6,543,0.141277104,1.75E+02,175,5.05977566,2.132195604,0,4.497101133,7.705795783,4.749132961,1,0.1144578313,0.0000199998,0.00002885868577
Primary visual area layer 6a',243,322,2,29,29.2,930,Visual,6,65,0.2658794803,3.45E+02,-15,2.039758479,0.2552352012,0,2.309031942,0.7735034746,1.850403534,0.5322580645,0.02168674699,0.007559924401,0.009713122047
Primary visual area layer 6a',181,327,2,29,29.2,931,Visual,6,1054,0.07111429107,31.88088257,31.88088257,3.684709958,4.138736955,1,3.958986468,2.394936875,3.732890174,0.8870967742,0.2030120482,0.004499955,0.005858530194
Primary visual area layer 6a',181,328,2,29,29.2,932,Visual,6,642,0.1206106681,2.80E+02,-80,4.725098652,2.520938449,0,4.55249529,5.536796349,4.491218125,0.9677419355,0.1475903614,0.00006999930001,0.00009872708291
Primary visual area layer 6a',182,334,2,29,29.2,933,Visual,6,5765,0.3058251254,5.501806542,5.501806542,21.18626654,22.6334723,1,22.74382332,13.85926844,21.33943188,1,0.7626506024,0.000009999900001,0.00001463574441
Primary visual area layer 6a',211,339,2,29,29.2,934,Visual,6,3879,0.08371599842,65.83594409,65.83594409,17.65025013,15.22772477,1,16.42154124,23.42838359,17.39320989,1,0.5542168675,0.000009999900001,0.00001463574441
Primary visual area layer 5',246,344,2,29,29.2,935,Visual,5,924,0.2394892191,48.98818326,48.98818326,3.408764569,3.628266552,0,2.849407593,6.039174894,3.432058975,1,0.2493975904,0.000009999900001,0.00001463574441
Primary visual area layer 5',247,351,2,29,29.2,936,Visual,5,1263,0.1885730299,1.17E+02,117,6.76718775,4.955489599,0,6.46641993,8.181593453,6.574953336,0.9838709677,0.1789156627,0.000009999900001,0.00001463574441
Primary visual area layer 5',247,354,2,29,29.2,937,Visual,5,1800,0.2046703243,35.13601613,35.13601613,9.432018469,7.068051726,0,8.6821862,12.95817676,9.181184839,1,0.4855421687,0.000009999900001,0.00001463574441
Primary visual area layer 5',148,356,2,29,29.2,938,Visual,5,1252,0.167632235,71.4733202,71.4733202,5.291905395,4.916222645,0,5.527545498,4.18382979,5.252046058,1,0.3192771084,0.000009999900001,0.00001463574441
Primary visual area layer 5',185,357,2,29,29.2,939,Visual,5,1376,0.08444231744,85.74661776,85.74661776,9.078696502,5.403132875,0,8.856282121,10.12465545,8.688688334,0.9838709677,0.2903614458,0.00004999950001,0.00007096398141
Primary visual area layer 5',248,359,2,29,29.2,940,Visual,5,809,0.2355436086,88.08675785,88.08675785,2.539909495,3.176696581,0,2.710922202,1.735731165,2.607481494,0.9677419355,0.1789156627,0.000009999900001,0.00001463574441
Primary visual area layer 5',185,360,2,29,29.2,941,Visual,5,2514,0.1883420934,19.43722039,19.43722039,12.28889226,9.871712243,0,11.66499197,15.22286735,12.0324146,1,0.6234939759,0.000009999900001,0.00001463574441
Primary visual area layer 5',248,361,2,29,29.2,942,Visual,5,2554,0.1303169289,35.81381772,35.81381772,13.71802834,10.02878006,0,13.13689385,16.45090379,13.32657209,1,0.5963855422,0.000009999900001,0.00001463574441
Primary visual area layer 5',185,362,2,29,29.2,943,Visual,5,1381,0.1863600638,59.10191293,59.10191293,8.240139485,5.418839656,0,8.137288577,8.723843311,7.940776976,1,0.3572289157,0.000009999900001,0.00001463574441
Primary visual area layer 5',248,366,2,29,29.2,944,Visual,5,4091,0.04118292691,47.56068803,47.56068803,22.54781465,16.05233081,0,20.93446928,30.13473846,21.85859486,1,0.6530120482,0.0036899631,0.004820723702
Primary visual area layer 5',213,368,2,29,29.2,945,Visual,5,4969,0.1035365967,39.86179081,39.86179081,30.13398221,19.50389607,1,29.67204963,32.30639598,29.00604414,1,0.6343373494,0.000009999900001,0.00001463574441
Primary visual area layer 5',186,376,2,29,29.2,946,Visual,5,660,0.138580947,1.35E+02,135,2.862933404,2.591618966,0,2.875974179,2.801624269,2.834146552,0.8870967742,0.1180722892,0.0000199998,0.00002885868577
Primary visual area layer 5',186,377,2,29,29.2,947,Visual,5,592,0.2647081068,85.05648793,85.05648793,2.942174479,2.324603679,0,2.974892316,2.788333831,2.87664625,0.9032258065,0.1325301205,0.000009999900001,0.00001463574441
Primary visual area layer 5',213,378,2,29,29.2,948,Visual,5,685,0.1498958906,67.74746733,67.74746733,3.460038206,2.689786351,0,3.607403146,2.767069131,3.378309357,0.9677419355,0.1698795181,0.000009999900001,0.00001463574441
Primary visual area layer 5',186,379,2,29,29.2,949,Visual,5,1733,0.2006844601,38.16738619,38.16738619,9.450197303,6.804963134,0,9.476922775,9.321913008,9.169101592,1,0.5036144578,0.000009999900001,0.00001463574441
Primary visual area layer 5',149,382,2,29,29.2,950,Visual,5,1152,0.3075200173,1.09E+02,109,4.521868602,4.519626409,0,4.079949218,6.600031365,4.521634576,0.9193548387,0.1668674699,0.000009999900001,0.00001463574441
Primary visual area layer 5',250,384,2,29,29.2,951,Visual,5,21468,0.08362812633,1.08E+02,108,99.39254569,84.28651683,1,98.00017673,1.06E+02,97.78972263,1,0.8096385542,0.000009999900001,0.00001463574441
Primary visual area layer 5',250,385,2,29,29.2,952,Visual,5,1485,0.0322149431,1.11E+02,111,7.668205378,5.831142674,0,7.298462774,9.406971809,7.473280294,1,0.2385542169,0.2855371446,0.3164668206
Primary visual area layer 5',214,388,2,29,29.2,953,Visual,5,401,0.08815950846,1.06E+02,106,2.757123264,1.570678161,0,2.676442165,3.136543299,2.631231326,0.8709677419,0.07951807229,0.0481095189,0.05791151179
Primary visual area layer 5',214,389,2,29,29.2,954,Visual,5,1370,0.04293586641,1.51E+02,151,6.227416197,5.379572702,0,6.123880553,6.71432913,6.137456441,1,0.2162650602,0.1006589934,0.1180121845
Primary visual area layer 5',214,390,2,29,29.2,955,Visual,5,3471,0.08791286948,39.2231551,39.2231551,17.34493893,13.62563305,1,17.14901348,18.26637758,16.95029637,1,0.5391566265,0.000009999900001,0.00001463574441
Primary visual area layer 4',191,400,2,29,29.2,956,Visual,4,661,0.1319372592,2.32E+02,-128,3.023746173,2.595545661,0,2.852233826,3.830304147,2.978312196,0.9677419355,0.1114457831,0.00006999930001,0.00009872708291
Primary visual area layer 2/3',255,405,2,29,29.2,957,Visual,2,104,0.1390066244,2.72E+02,-88,0.506210628,0.4044496265,0,0.5036346292,0.5183270706,0.4954131506,0.5161290323,0.02048192771,0.1316386836,0.1526628938
Primary visual area layer 2/3',128,406,2,29,29.2,958,Visual,2,310,0.3283920793,62.1464228,62.1464228,0.491760785,1.217275575,0,0.4623716349,0.6299667473,0.5687459635,0.7903225806,0.08072289157,0.000009999900001,0.00001463574441
Primary visual area layer 2/3',128,407,2,29,29.2,959,Visual,2,515,0.1351494462,2.42E+02,-118,3.641826553,2.022248133,1,3.610794625,3.787774747,3.469975373,0.6935483871,0.08373493976,0.0003599964,0.0004950225391
Field CA1',23,443,2,29,29.2,960,Hipp,0,414,0.02327109378,66.39373926,66.39373926,2.3571889,1.625651897,0,2.391557931,2.195580309,2.279567155,0.7903225806,0.05,0.9170208298,0.9231725795
Lateral visual area layer 6b',77,445,2,29,29.2,961,Visual,6,803,0.09078398807,36.59835967,36.59835967,4.086042693,3.153136409,0,4.057339358,4.221043016,3.987055036,1,0.1801204819,0.005119948801,0.006638827621
Primary visual area layer 6b',240,446,2,29,29.2,962,Visual,6,2652,0.07965595399,3.04E+02,-56,10.78191348,10.41359621,0,9.410223689,17.23238153,10.74284042,1,0.506626506,0.000009999900001,0.00001463574441
Primary visual area layer 6a',245,447,2,29,29.2,963,Visual,6,415,0.1178056227,77.82500695,77.82500695,2.930521379,1.629578592,0,2.877669918,3.1790727,2.792480181,0.9193548387,0.09036144578,0.0049399506,0.006416519793
Lateral visual area layer 6b',15,448,2,29,29.2,964,Visual,6,1471,0.1790980064,16.88551145,16.88551145,1.07394962,5.776168938,0,1.259934443,0.1993565656,1.572905503,0.9838709677,0.3704819277,0.000009999900001,0.00001463574441
Primary somatosensory area mouth layer 6b',31,2,1,30,30.1,965,Somatosensory,6,153,0.6627314967,3.28E+02,-32,2.850326481,1.938779346,1,2.572630539,3.61857701,2.833039983,0.9473684211,0.2291666667,0.000009999900001,0.00001463574441
Primary somatosensory area mouth layer 6b',30,3,1,30,30.1,966,Somatosensory,6,334,0.3748684861,3.17E+02,-43,5.92307445,4.232367985,0,5.124583986,8.132110599,5.891012142,1,0.3177083333,0.000009999900001,0.00001463574441
Primary somatosensory area mouth layer 6b',91,11,1,30,30.1,967,Somatosensory,6,177,0.758463081,3.33E+02,-27,3.308152211,2.242901597,0,2.927476131,4.361298707,3.28795089,1,0.2942708333,0.000009999900001,0.00001463574441
Primary somatosensory area mouth layer 6b',90,16,1,30,30.1,968,Somatosensory,6,401,0.5647119467,3.34E+02,-26,3.543311494,5.081375934,0,4.488596633,0.9281714616,3.572480481,1,0.421875,0.000009999900001,0.00001463574441
Primary somatosensory area mouth layer 6a',85,30,1,30,30.1,969,Somatosensory,6,273,0.8184337048,3.45E+02,-15,1.915568329,3.459390598,0,2.463242049,0.4004238711,1.944846262,1,0.5208333333,0.000009999900001,0.00001463574441
Primary somatosensory area mouth layer 6a',84,34,1,30,30.1,970,Somatosensory,6,306,0.8238326747,3.38E+02,-22,2.244546368,3.864886932,0,2.482585136,1.586010678,2.275275474,1,0.5078125,0.000009999900001,0.00001463574441
Primary somatosensory area mouth layer 6a',18,38,1,30,30.1,971,Somatosensory,6,304,0.8543826391,3.49E+02,-11,1.569198301,3.852215172,0,1.207275415,2.570462915,1.612494553,1,0.4635416667,0.000009999900001,0.00001463574441
Primary somatosensory area mouth layer 6a',83,40,1,30,30.1,972,Somatosensory,6,42,0.563593221,3.03E+02,-57,0.3434305368,0.5322139382,0,0.4522280284,0.0424412398,0.3470107503,0.7368421053,0.05989583333,0.0000199998,0.00002885868577
Primary somatosensory area mouth layer 6a',83,41,1,30,30.1,973,Somatosensory,6,20,0.5646645175,3.00E+02,-60,0.3899724783,0.2534352087,0,0.2991508418,0.6412317752,0.3873831922,0.2631578947,0.02604166667,0.007189928101,0.009253589568
Primary somatosensory area mouth layer 6a',81,47,1,30,30.1,974,Somatosensory,6,48,0.3531549919,3.15E+02,-45,0.4235316677,0.6082445008,0,0.5559469937,0.05720341016,0.4270346976,0.7894736842,0.0625,0.009569904301,0.0122119357
Primary somatosensory area mouth layer 6a',81,48,1,30,30.1,975,Somatosensory,6,76,0.6912774828,3.43E+02,-17,1.224787934,0.9630537929,0,1.262970165,1.119157041,1.219824493,0.8947368421,0.140625,0.000009999900001,0.00001463574441
Primary somatosensory area mouth layer 6a',48,53,1,30,30.1,976,Somatosensory,6,256,0.7772887298,3.24E+02,-36,3.226826292,3.243970671,0,2.47691561,5.301464432,3.227151915,0.9473684211,0.3932291667,0.000009999900001,0.00001463574441
Primary somatosensory area mouth layer 6a',48,54,1,30,30.1,977,Somatosensory,6,142,0.5717109886,2.98E+02,-62,0.6956795467,1.799389981,1,0.938806711,0.02306589119,0.7166108431,0.9473684211,0.1354166667,0.000009999900001,0.00001463574441
Primary somatosensory area mouth layer 6a',79,63,1,30,30.1,978,Somatosensory,6,562,0.7352780478,3.32E+02,-28,10.48051035,7.121529363,0,10.05206859,11.66580513,10.41681094,1,0.7942708333,0.000009999900001,0.00001463574441
Primary somatosensory area mouth layer 6a',79,65,1,30,30.1,979,Somatosensory,6,251,0.7715273088,3.54E+02,-6,3.629046649,3.180611869,0,3.684858028,3.474645849,3.620542911,0.8947368421,0.4166666667,0.000009999900001,0.00001463574441
Primary somatosensory area mouth layer 6a',79,69,1,30,30.1,980,Somatosensory,6,204,0.7117206213,3.20E+02,-40,7.965040894,2.585039128,0,7.273667626,9.877737245,7.863013677,1,0.265625,0.000009999900001,0.00001463574441
Primary somatosensory area mouth layer 6a',111,77,1,30,30.1,981,Somatosensory,6,630,0.6810761811,3.18E+02,-42,1.635826765,7.983209073,1,2.181766786,0.1254784481,1.756201221,1,0.6588541667,0.000009999900001,0.00001463574441
Primary somatosensory area mouth layer 6a',15,79,1,30,30.1,982,Somatosensory,6,357,0.7411881071,3.16E+02,-44,5.220781049,4.523818474,0,5.211294375,5.247028929,5.207564376,1,0.5520833333,0.000009999900001,0.00001463574441
Primary somatosensory area mouth layer 5',13,82,1,30,30.1,983,Somatosensory,5,1282,0.809174505,3.40E+02,-20,22.43003136,16.23252511,1,22.84085045,21.29350811,22.31250287,1,0.9166666667,0.000009999900001,0.00001463574441
Primary somatosensory area mouth layer 5',76,87,1,30,30.1,984,Somatosensory,5,527,0.7413618977,3.39E+02,-21,6.804676805,6.678017748,0,6.776416895,6.882861932,6.80227583,1,0.7708333333,0.000009999900001,0.00001463574441
Primary somatosensory area mouth layer 6a',110,89,1,30,30.1,985,Somatosensory,6,122,0.6917067695,3.43E+02,-17,1.778392081,1.545954773,0,1.821585171,1.658898895,1.77398432,1,0.2213541667,0.000009999900001,0.00001463574441
Primary somatosensory area mouth layer 5',13,90,1,30,30.1,986,Somatosensory,5,497,0.7437451778,3.38E+02,-22,7.799694523,6.285193175,0,7.678538442,8.134878506,7.770974122,1,0.6536458333,0.000009999900001,0.00001463574441
Primary somatosensory area mouth layer 5',13,92,1,30,30.1,987,Somatosensory,5,325,0.809451116,3.34E+02,-26,3.044822805,4.118322141,0,2.74438381,3.875992356,3.065181524,1,0.5677083333,0.000009999900001,0.00001463574441
Primary somatosensory area mouth layer 5',45,98,1,30,30.1,988,Somatosensory,5,145,0.833665394,3.44E+02,-16,0.9673375105,1.837405263,0,0.9948349623,0.8912660357,0.9838379583,1,0.3046875,0.000009999900001,0.00001463574441
Primary somatosensory area mouth layer 5',11,102,1,30,30.1,989,Somatosensory,5,150,0.7195014365,3.43E+02,-17,1.22111357,1.900764065,0,1.569791541,0.2564927101,1.234002911,1,0.2838541667,0.000009999900001,0.00001463574441
Primary somatosensory area upper limb layer 5',8,111,1,30,30.1,990,Somatosensory,5,208,0.9396139952,3.47E+02,-13,0.2047845426,2.63572617,0,0.2724707222,0.01753007731,0.2508858887,1,0.4453125,0.000009999900001,0.00001463574441
Primary somatosensory area upper limb layer 4',7,117,1,30,30.1,991,Somatosensory,4,706,0.9122764798,3.50E+02,-10,3.07985174,8.946262866,0,3.724878208,1.294457814,3.19086478,1,0.8489583333,0.000009999900001,0.00001463574441
Caudoputamen',162,171,1,30,30.1,992,Caudoputamen,0,188,0.9374798359,1.060474202,1.060474202,0.8585763419,2.35694744,0,0.0980494398,2.962583065,0.8869921602,1,0.2682291667,0.000009999900001,0.00001463574441
Caudoputamen',162,176,1,30,30.1,993,Caudoputamen,0,106,0.9229509983,3.58E+02,-2,0.1109657868,1.343206606,0,0.0817078665,0.1919082147,0.1343344941,1,0.2005208333,0.000009999900001,0.00001463574441
Caudoputamen',162,178,1,30,30.1,994,Caudoputamen,0,248,0.9317697905,3.57E+02,-3,0.2772919883,3.142596587,0,0.07470433508,0.8377531681,0.3316307725,1,0.328125,0.000009999900001,0.00001463574441
Caudoputamen',224,188,1,30,30.1,995,Caudoputamen,0,86,0.8911979744,3.59E+02,-1,0.3125658808,1.089771397,0,0.3024858568,0.340452554,0.3273051537,0.8947368421,0.1666666667,0.000009999900001,0.00001463574441
Caudoputamen',164,197,1,30,30.1,996,Caudoputamen,0,56,0.9068592671,3.57E+02,-3,0.227075683,0.7096185842,0,0.0977159383,0.5849510007,0.2362268473,0.6842105263,0.109375,0.000009999900001,0.00001463574441
Caudoputamen',229,208,1,30,30.1,997,Caudoputamen,0,625,0.7374911736,3.14E+02,-46,10.57481902,7.91985027,1,9.027218491,14.8562792,10.52447078,1,0.5625,0.000009999900001,0.00001463574441
Caudoputamen',167,210,1,30,30.1,998,Caudoputamen,0,160,0.6460974102,3.03E+02,-57,0.9695421288,2.027481669,1,1.236623547,0.2306589119,0.98960545,0.9473684211,0.2005208333,0.000009999900001,0.00001463574441
Caudoputamen',167,212,1,30,30.1,999,Caudoputamen,0,103,0.6618480844,3.11E+02,-49,1.005550894,1.305191325,1,1.124233543,0.6772145654,1.011233544,1,0.1510416667,0.000009999900001,0.00001463574441
Primary motor area Layer 6b',170,221,1,30,30.1,1000,Somatosensory,6,10,0.580385716,3.51E+02,-9,0.4017304424,0.1267176043,0,0.363183129,0.5083722419,0.396515054,0.4210526316,0.02083333333,0.0213797862,0.02648646051
Primary motor area Layer 6b',232,223,1,30,30.1,1001,Somatosensory,6,56,0.737170102,3.55E+02,-5,1.590019696,0.7096185842,0,1.001838494,3.217230504,1.573323672,1,0.1223958333,0.000009999900001,0.00001463574441
Primary motor area Layer 6b',232,227,1,30,30.1,1002,Somatosensory,6,221,0.4899888565,3.20E+02,-40,12.51953731,2.800459056,1,10.31286676,18.62432319,12.33522286,1,0.2604166667,0.000009999900001,0.00001463574441
Primary motor area Layer 6a',171,230,1,30,30.1,1003,Somatosensory,6,685,0.6074211012,15.77758986,15.77758986,6.434300934,8.680155896,0,7.156942102,4.435109559,6.476893173,1,0.7057291667,0.000009999900001,0.00001463574441
Primary motor area Layer 6a',236,241,1,30,30.1,1004,Somatosensory,6,99,0.9266856414,3.53E+02,-7,0.3380414699,1.254504283,0,0.05836276178,1.111775956,0.3554216757,0.9473684211,0.2265625,0.000009999900001,0.00001463574441
Primary motor area Layer 6a',207,247,1,30,30.1,1005,Somatosensory,6,349,0.8161294026,3.47E+02,-13,5.883636279,4.422444391,1,4.2581471,10.38057367,5.855926568,1,0.5651041667,0.000009999900001,0.00001463574441
Primary motor area Layer 6a',239,249,1,30,30.1,1006,Somatosensory,6,111,0.9358708758,3.53E+02,-7,0.1869026388,1.406565408,0,0.1450731507,0.3026244925,0.2100328226,1,0.265625,0.000009999900001,0.00001463574441
Primary motor area Layer 6a',208,252,1,30,30.1,1007,Somatosensory,6,41,0.8746506286,3.56E+02,-4,1.485667764,0.5195421777,0,0.1574127061,5.160301178,1.467346012,0.7894736842,0.08854166667,0.000009999900001,0.00001463574441
Primary motor area Layer 6a',239,255,1,30,30.1,1008,Somatosensory,6,467,0.8784464922,3.49E+02,-11,8.447117425,5.917712122,1,7.137932517,12.06899691,8.399150093,1,0.6744791667,0.000009999900001,0.00001463574441
Primary motor area Layer 6a',144,259,1,30,30.1,1009,Somatosensory,6,105,0.9235944,3.54E+02,-6,0.7245845419,1.330534845,0,0.8847794686,0.2814038726,0.7360761276,0.9473684211,0.2447916667,0.000009999900001,0.00001463574441
Primary motor area Layer 6a',144,260,1,30,30.1,1010,Somatosensory,6,49,0.926747971,3.57E+02,-3,0.1582426011,0.6209162612,0,0.1083879862,0.2961660429,0.167016947,0.8947368421,0.125,0.000009999900001,0.00001463574441
Primary motor area Layer 6a',177,261,1,30,30.1,1011,Somatosensory,6,175,0.9158356774,3.43E+02,-17,8.103441931,2.204886315,1,1.917967103,25.21563225,7.99158068,0.9473684211,0.359375,0.000009999900001,0.00001463574441
Primary motor area Layer 6a',209,265,1,30,30.1,1012,Somatosensory,6,155,0.8343047269,3.44E+02,-16,1.053562581,1.964122867,1,0.3131579047,3.101901048,1.070830958,1,0.2890625,0.000009999900001,0.00001463574441
Primary motor area Layer 6a',209,266,1,30,30.1,1013,Somatosensory,6,643,0.8833002388,3.42E+02,-18,4.916298768,8.147941958,1,1.665172969,13.91057766,4.977585645,1,0.7890625,0.000009999900001,0.00001463574441
Primary motor area Layer 6a',242,271,1,30,30.1,1014,Somatosensory,6,75,0.9063031945,3.48E+02,-12,0.8539221478,0.9503820325,0,0.69334961,1.298148356,0.8557515802,0.9473684211,0.1692708333,0.000009999900001,0.00001463574441
Primary motor area Layer 6a',242,272,1,30,30.1,1015,Somatosensory,6,204,0.8546853044,3.42E+02,-18,6.527874732,2.585039128,0,4.892133443,11.05317506,6.45310227,0.9473684211,0.3776041667,0.000009999900001,0.00001463574441
Primary motor area Layer 6a',242,274,1,30,30.1,1016,Somatosensory,6,371,0.8290442733,3.45E+02,-15,1.960395568,4.701223121,0,0.7193627267,5.393727997,2.012373977,1,0.515625,0.000009999900001,0.00001463574441
Primary motor area Layer 6a',210,280,1,30,30.1,1017,Somatosensory,6,278,0.8393244829,3.51E+02,-9,3.696409986,3.5227494,0,2.458573028,7.120901929,3.693117182,1,0.5442708333,0.000009999900001,0.00001463574441
Primary motor area Layer 6a',210,281,1,30,30.1,1018,Somatosensory,6,375,0.7662333309,3.35E+02,-25,5.845177938,4.751910162,0,4.583978061,9.334304848,5.824445675,1,0.5625,0.000009999900001,0.00001463574441
Primary motor area Layer 6a',245,286,1,30,30.1,1019,Somatosensory,6,273,0.8793070973,3.48E+02,-12,2.0017934,3.459390598,0,1.304657852,3.930427859,2.02943614,1,0.4427083333,0.000009999900001,0.00001463574441
Primary motor area Layer 6a',245,287,1,30,30.1,1020,Somatosensory,6,131,0.9000734835,3.51E+02,-9,1.29827521,1.660000617,0,1.44472848,0.893111307,1.305135308,1,0.2473958333,0.000009999900001,0.00001463574441
Primary motor area Layer 6a',245,288,1,30,30.1,1021,Somatosensory,6,375,0.9355651395,3.42E+02,-18,1.421978792,4.739238402,1,0.6833445651,3.465419493,1.484888799,1,0.546875,0.000009999900001,0.00001463574441
Primary motor area Layer 5',212,295,1,30,30.1,1022,Somatosensory,5,57,0.5941163914,3.56E+02,-4,0.6246418465,0.7222903447,0,0.451894527,1.102549599,0.6264937854,0.7368421053,0.09635416667,0.000009999900001,0.00001463574441
Primary motor area Layer 5',212,296,1,30,30.1,1023,Somatosensory,5,419,0.9467652359,3.56E+02,-4,1.876130158,5.309467621,1,0.8761084297,4.642702579,1.94124158,1,0.6015625,0.000009999900001,0.00001463574441
Primary motor area Layer 5',250,305,1,30,30.1,1024,Somatosensory,5,246,0.949712075,3.51E+02,-9,0.3532288403,3.104581306,0,0.2284485247,0.6984351853,0.4054066037,1,0.53125,0.000009999900001,0.00001463574441
Primary motor area Layer 2/3',253,318,1,30,30.1,1025,Somatosensory,2,120,0.8927362276,3.54E+02,-6,0.1337468424,1.520611252,0,0.06970181264,0.3109282133,0.1600478945,1,0.2473958333,0.000009999900001,0.00001463574441
Primary motor area Layer 2/3',253,319,1,30,30.1,1026,Somatosensory,2,187,0.9376892029,3.52E+02,-8,0.7201753054,2.369619201,0,0.4495600165,1.468835951,0.7514561054,0.9473684211,0.3958333333,0.000009999900001,0.00001463574441
Primary motor area Layer 6b',170,363,1,30,30.1,1027,Somatosensory,6,368,0.7045573415,3.39E+02,-21,3.251567008,4.663207839,0,2.72203921,4.716513431,3.278338404,1,0.5755208333,0.000009999900001,0.00001463574441
Primary somatosensory area mouth layer 6a',17,365,1,30,30.1,1028,Somatosensory,6,337,0.7382303161,3.38E+02,-22,1.917772948,4.270383266,0,2.43456092,0.4880742577,1.962389049,1,0.5416666667,0.000009999900001,0.00001463574441
Primary somatosensory area mouth layer 6a',15,370,1,30,30.1,1029,Somatosensory,6,494,0.7547437866,3.30E+02,-30,6.177585383,6.259849654,0,6.694709029,4.746960408,6.179146415,1,0.5833333333,0.000009999900001,0.00001463574441
Primary motor area Layer 5',188,371,1,30,30.1,1030,Somatosensory,5,184,0.9322578671,3.50E+02,-10,0.6567312904,2.33160392,0,0.242789089,1.80190742,0.6884943211,1,0.3567708333,0.000009999900001,0.00001463574441
Caudoputamen',88,13,1,31,31.1,1031,Caudoputamen,0,1240,0.898724519,3.22E+02,-38,23.12415075,4.319249175,1,16.61564135,32.31820554,20.21455443,1,0.4803194524,0.000009999900001,0.00001463574441
Caudoputamen',89,15,1,31,31.1,1032,Caudoputamen,0,313,0.5168402072,3.35E+02,-25,3.425233347,1.09026209,0,3.434639717,3.411955823,3.063954513,0.8620689655,0.106103822,0.000009999900001,0.00001463574441
Caudoputamen',87,19,1,31,31.1,1033,Caudoputamen,0,240,0.7137730083,3.33E+02,-27,4.476012304,0.8359837113,0,4.616181916,4.278020354,3.912807346,0.8448275862,0.1118083286,0.000009999900001,0.00001463574441
Primary somatosensory area mouth layer 6b',23,23,1,31,31.1,1034,Somatosensory,6,25,0.5340499678,3.49E+02,-11,0.5368664331,0.0870816366,0,0.8690052297,0.06768532743,0.467273274,0.2931034483,0.01197946378,0.0007399926001,0.001001035663
Primary somatosensory area mouth layer 6b',84,27,1,31,31.1,1035,Somatosensory,6,575,0.8182715336,3.42E+02,-18,1.717079934,1.999394376,0,2.565634488,0.518408076,1.760763306,0.8620689655,0.2173416999,0.000009999900001,0.00001463574441
Primary somatosensory area mouth layer 6b',22,32,1,31,31.1,1036,Somatosensory,6,42,0.5857582618,1.844679609,1.844679609,0.6114666381,0.1462971495,0,0.6130951683,0.6091679468,0.5394931341,0.4137931034,0.01654306902,0.000009999900001,0.00001463574441
Primary somatosensory area mouth layer 6b',84,34,1,31,31.1,1037,Somatosensory,6,1339,0.8259659578,1.195617493,1.195617493,2.797826494,4.660609191,0,4.334136359,0.6276275816,3.086051634,0.9827586207,0.515687393,0.000009999900001,0.00001463574441
Primary somatosensory area mouth layer 6a',17,51,1,31,31.1,1038,Somatosensory,6,223,0.6913478667,3.52E+02,-8,0.9194315872,0.7767681984,0,1.037796972,0.7522301162,0.8973587095,0.7413793103,0.09754706218,0.000009999900001,0.00001463574441
Primary somatosensory area mouth layer 6a',79,56,1,31,31.1,1039,Somatosensory,6,460,0.8271636115,3.39E+02,-21,4.921700709,1.602302113,0,3.176551698,7.386930507,4.408106237,0.9655172414,0.233884769,0.000009999900001,0.00001463574441
Primary somatosensory area mouth layer 6a',79,57,1,31,31.1,1040,Somatosensory,6,336,0.770574972,3.46E+02,-14,0.8843631148,1.170377196,0,1.459231839,0.07230023611,0.928618052,0.9137931034,0.1711351968,0.000009999900001,0.00001463574441
Primary somatosensory area mouth layer 6a',79,59,1,31,31.1,1041,Somatosensory,6,130,0.7114353094,3.45E+02,-15,3.001861243,0.4528245103,0,2.409910493,3.838065726,2.607460322,0.7413793103,0.06560182544,0.000009999900001,0.00001463574441
Primary somatosensory area mouth layer 6a',15,65,1,31,31.1,1042,Somatosensory,6,52,0.5938263562,4.455650596,4.455650596,0.4278353641,0.1811298041,0,0.5532013242,0.2507433721,0.3896638721,0.4310344828,0.02224757558,0.000009999900001,0.00001463574441
Primary somatosensory area mouth layer 6a',111,71,1,31,31.1,1043,Somatosensory,6,834,0.8976582999,3.51E+02,-9,1.805707528,2.901560131,0,1.506057936,2.229000896,1.975267069,1,0.4552196235,0.000009999900001,0.00001463574441
Primary somatosensory area mouth layer 6a',15,73,1,31,31.1,1044,Somatosensory,6,358,0.7924794389,3.41E+02,-19,0.9066794154,1.243525771,0,0.9288990738,0.8752943478,0.958799486,0.9310344828,0.142612664,0.000009999900001,0.00001463574441
Primary somatosensory area mouth layer 6a',14,76,1,31,31.1,1045,Somatosensory,6,186,0.6868597157,3.43E+02,-17,0.7632174826,0.6478873763,0,0.920187242,0.5414826194,0.7453736308,0.7413793103,0.07872219053,0.000009999900001,0.00001463574441
Primary somatosensory area mouth layer 6a',13,80,1,31,31.1,1046,Somatosensory,6,1064,0.8338553059,3.54E+02,-6,9.012597424,3.699227923,1,7.525933762,11.11270012,8.190486672,1,0.4426697091,0.000009999900001,0.00001463574441
Primary somatosensory area mouth layer 6a',76,81,1,31,31.1,1047,Somatosensory,6,577,0.8090934291,3.39E+02,-21,3.13002057,2.009844173,0,3.280004701,2.918160594,2.956702631,0.9310344828,0.2612664005,0.000009999900001,0.00001463574441
Primary somatosensory area mouth layer 6a',45,85,1,31,31.1,1048,Somatosensory,6,2618,0.8544899175,3.32E+02,-28,16.66071247,9.115705719,0,13.53818674,21.07167307,15.49331581,1,0.893896178,0.000009999900001,0.00001463574441
Primary somatosensory area mouth layer 6a',12,88,1,31,31.1,1049,Somatosensory,6,39,0.4767543516,3.16E+02,-44,0.8129509527,0.1358473531,0,1.278461328,0.1553685925,0.7081857924,0.3793103448,0.01369081574,0.000299997,0.0004140363256
Caudoputamen',229,199,1,31,31.1,1050,Caudoputamen,0,1350,0.7643836146,3.53E+02,-7,4.729780523,4.698925111,0,0.7219930668,10.39123606,4.725011295,1,0.4466628637,0.000009999900001,0.00001463574441
Caudoputamen',230,211,1,31,31.1,1051,Caudoputamen,0,236,0.897533121,11.36828948,11.36828948,0.5604579509,0.8220506495,0,0.02722447461,1.313710673,0.6009339106,0.775862069,0.1135196805,0.000009999900001,0.00001463574441
Caudoputamen',232,215,1,31,31.1,1052,Caudoputamen,0,105,0.5648298529,3.38E+02,-22,0.6745898886,0.3657428737,1,0.9103864311,0.3415032429,0.6268037112,0.6724137931,0.04449515117,0.000009999900001,0.00001463574441
Caudoputamen',169,216,1,31,31.1,1053,Caudoputamen,0,440,0.8613407455,3.976986706,3.976986706,1.188502412,1.532636804,0,0.2722447461,2.482820874,1.24175043,0.8965517241,0.2219053052,0.000009999900001,0.00001463574441
Caudoputamen',233,220,1,31,31.1,1054,Caudoputamen,0,2028,0.2860023878,3.09E+02,-51,16.98780567,7.064062361,1,14.06416359,21.11782216,15.45235529,1,0.4318311466,0.000009999900001,0.00001463574441
Caudoputamen',172,227,1,31,31.1,1055,Caudoputamen,0,1060,0.4381104909,2.83E+02,-77,6.143358768,3.692261392,1,5.110578375,7.602292912,5.764114954,1,0.2224757558,0.000009999900001,0.00001463574441
Caudoputamen',238,237,1,31,31.1,1056,Caudoputamen,0,133,0.8390097746,3.46E+02,-14,2.618020872,0.4632743067,0,0.3615410229,5.80555513,2.284626769,0.8793103448,0.07073588135,0.000009999900001,0.00001463574441
Caudoputamen',207,242,1,31,31.1,1057,Caudoputamen,0,36,0.6736367494,1.793123861,1.793123861,0.5062612207,0.1253975567,0,0.8069334276,0.08153005349,0.4473319693,0.3965517241,0.01882487165,0.000009999900001,0.00001463574441
Caudoputamen',208,247,1,31,31.1,1058,Caudoputamen,0,95,0.5071787949,3.27E+02,-33,2.290927665,0.3309102191,1,1.422206554,3.518098723,1.987663015,0.6551724138,0.03536794067,0.000009999900001,0.00001463574441
Caudoputamen',239,252,1,31,31.1,1059,Caudoputamen,0,698,0.9136868056,3.55E+02,-5,1.843326435,2.420869497,0,0.5684470299,3.644239561,1.932689689,1,0.3793496863,0.000009999900001,0.00001463574441
Caudoputamen',144,259,1,31,31.1,1060,Caudoputamen,0,168,0.9190431369,3.45E+02,-15,2.75000585,0.5851885979,0,0.06751669704,6.539325611,2.41505368,0.7586206897,0.0855675984,0.000009999900001,0.00001463574441
Primary somatosensory area mouth layer 6b',178,269,1,31,31.1,1061,Somatosensory,6,2006,0.8658806019,3.51E+02,-9,13.06587523,6.959564397,0,5.591907086,23.62371757,12.12107951,1,0.7803764974,0.000009999900001,0.00001463574441
Primary somatosensory area mouth layer 6b',145,272,1,31,31.1,1062,Somatosensory,6,306,0.9177919076,3.56E+02,-4,0.7893594348,1.065879232,0,0.4584601525,1.256793466,0.8321452538,0.9310344828,0.1568739304,0.000009999900001,0.00001463574441
Primary somatosensory area mouth layer 6a',242,274,1,31,31.1,1063,Somatosensory,6,1263,0.9126347893,3.53E+02,-7,3.87155936,4.385431219,0,2.269432204,6.134751949,3.951073093,1,0.6748431261,0.000009999900001,0.00001463574441
Primary somatosensory area mouth layer 6a',243,279,1,31,31.1,1064,Somatosensory,6,96,0.7990307448,3.52E+02,-8,0.7536533538,0.3343934845,0,1.186987093,0.1415238664,0.6887834419,0.5862068966,0.04905875642,0.000009999900001,0.00001463574441
Primary somatosensory area mouth layer 6a',243,280,1,31,31.1,1065,Somatosensory,6,715,0.8929662855,3.49E+02,-11,3.778468506,2.487051541,0,2.174691032,6.043992079,3.578655754,0.9827586207,0.39132915,0.000009999900001,0.00001463574441
Primary somatosensory area mouth layer 6a',180,281,1,31,31.1,1066,Somatosensory,6,242,0.6515437753,3.39E+02,-21,3.509397681,0.8394669768,0,1.778302682,5.954770511,3.096291763,0.9137931034,0.1003993155,0.000009999900001,0.00001463574441
Primary somatosensory area mouth layer 6a',244,285,1,31,31.1,1067,Somatosensory,6,100,0.3284746449,1.97E+02,-163,3.268381634,0.3483265464,0,2.303190552,4.63183002,2.816574544,0.5172413793,0.01140901312,0.2000879991,0.2270151643
Primary somatosensory area mouth layer 6a',181,286,1,31,31.1,1068,Somatosensory,6,366,0.7873580305,3.42E+02,-18,6.229435927,1.27487516,0,2.04836947,12.13567155,5.462839567,0.9310344828,0.1819737593,0.000009999900001,0.00001463574441
Primary somatosensory area mouth layer 6a',146,289,1,31,31.1,1069,Somatosensory,6,2066,0.9005298985,3.56E+02,-4,11.78874523,7.17204359,1,8.597489083,16.29678088,11.07443049,1,0.8106103822,0.000009999900001,0.00001463574441
Primary somatosensory area mouth layer 6a',146,292,1,31,31.1,1070,Somatosensory,6,1843,0.8707626798,3.58E+02,-2,14.8224869,6.409208453,1,9.236719747,22.71304226,13.52074351,1,0.731317741,0.000009999900001,0.00001463574441
Primary somatosensory area mouth layer 6a',211,299,1,31,31.1,1071,Somatosensory,6,67,0.4863957053,3.19E+02,-41,1.451197152,0.2333787861,0,1.208766673,1.793661177,1.262769643,0.3965517241,0.0233884769,0.00005999940001,0.00008478257967
Primary somatosensory area upper limb layer 6a',184,318,1,31,31.1,1072,Somatosensory,6,38,0.8295384507,3.30E+02,-30,0.3079649491,0.1323640876,0,0.0914742347,0.6137828555,0.2807951277,0.4482758621,0.01825442099,0.000009999900001,0.00001463574441
Primary somatosensory area upper limb layer 6a',148,320,1,31,31.1,1073,Somatosensory,6,795,0.9237409272,3.38E+02,-22,3.05286993,2.769196044,0,1.748900249,4.894879815,3.008981186,1,0.3981745579,0.000009999900001,0.00001463574441
Primary somatosensory area upper limb layer 6a',148,322,1,31,31.1,1074,Somatosensory,6,1898,0.8126991992,3.40E+02,-20,12.12221452,6.61123785,0,10.26689387,14.74309496,11.2695319,1,0.6891043925,0.000009999900001,0.00001463574441
Primary somatosensory area upper limb layer 6a',187,329,1,31,31.1,1075,Somatosensory,6,1848,0.9124617899,3.50E+02,-10,6.746536494,6.430108046,0,6.75602562,6.733151776,6.697583594,1,0.7866514546,0.000009999900001,0.00001463574441
Primary somatosensory area upper limb layer 6a',214,333,1,31,31.1,1076,Somatosensory,6,747,0.9334628402,3.43E+02,-17,3.878573055,2.601999301,1,1.410227785,7.365394266,3.681057049,0.9827586207,0.3456930975,0.000009999900001,0.00001463574441
Primary somatosensory area upper limb layer 5',253,344,1,31,31.1,1077,Somatosensory,5,1454,0.8568453539,3.36E+02,-24,11.09821512,5.064667984,1,3.307229176,22.10387431,10.16467583,1,0.5419281232,0.000009999900001,0.00001463574441
Primary somatosensory area upper limb layer 5',128,358,1,31,31.1,1078,Somatosensory,5,989,0.8696748648,3.42E+02,-18,6.923154074,3.444949544,1,1.752167186,14.22776349,6.384990169,1,0.4483742156,0.000009999900001,0.00001463574441
Primary somatosensory area upper limb layer 4',131,368,1,31,31.1,1079,Somatosensory,4,565,0.9191410457,3.50E+02,-10,2.343849178,1.968044987,1,0.5216209336,4.917954359,2.285704677,0.9655172414,0.2578436965,0.000009999900001,0.00001463574441
Primary somatosensory area upper limb layer 4',194,370,1,31,31.1,1080,Somatosensory,4,941,0.79248153,2.838425766,2.838425766,4.477287521,3.274269536,0,1.348155983,8.897543951,4.29115318,0.9827586207,0.3702224758,0.000009999900001,0.00001463574441
Primary somatosensory area upper limb layer 2/3',135,393,1,31,31.1,1081,Somatosensory,2,871,0.867876947,3.57E+02,-3,6.31423787,3.019991157,0,3.824494194,9.831293809,5.804536517,0.9655172414,0.3702224758,0.000009999900001,0.00001463574441
Primary somatosensory area mouth layer 6b',22,421,1,31,31.1,1082,Somatosensory,6,1190,0.8896487945,3.46E+02,-14,1.465224541,4.138119371,0,2.154000431,0.4922569267,1.878794271,0.9827586207,0.4632059327,0.000009999900001,0.00001463574441
Caudoputamen',174,425,1,31,31.1,1083,Caudoputamen,0,97,0.7069632672,2.091775017,2.091775017,2.431201555,0.33787675,0,3.619766145,0.7522301162,2.107310843,0.6724137931,0.05134055904,0.000009999900001,0.00001463574441
Caudoputamen',236,426,1,31,31.1,1084,Caudoputamen,0,969,0.7637750204,3.45E+02,-15,2.852023225,3.371800969,0,2.662553617,3.119678273,2.932449693,1,0.4512264689,0.000009999900001,0.00001463574441
Primary somatosensory area mouth layer 6b',177,427,1,31,31.1,1085,Somatosensory,6,494,0.8854175473,2.144451817,2.144451817,1.83184948,1.720733139,0,0.8210901544,3.259663837,1.814658724,0.9310344828,0.2641186537,0.000009999900001,0.00001463574441
Primary somatosensory area mouth layer 6a',245,428,1,31,31.1,1086,Somatosensory,6,1588,0.8764286392,3.37E+02,-23,8.023666501,5.531425557,0,6.913927573,9.589780254,7.637519683,1,0.7090701654,0.000009999900001,0.00001463574441
Primary somatosensory area upper limb layer 6a',251,429,1,31,31.1,1087,Somatosensory,6,112,0.8529293373,3.52E+02,-8,2.658190213,0.3866424665,0,1.873043853,3.767303792,2.30672389,0.724137931,0.06103822019,0.000009999900001,0.00001463574441
Primary visual area layer unknown',93,8,1,32,32.1,1088,Visual,0,54,0.1834795501,91.26202408,91.26202408,3.463013814,0.1745268572,1,1.793000678,11.71278828,3.157641903,0.3033707865,0.01174586225,0.1970580294,0.2238030395
Primary visual area layer unknown',30,9,1,32,32.1,1089,Visual,0,274,0.007871392069,21.98668688,21.98668688,3.549365835,0.8855622011,1,1.702694231,12.67182195,3.302003252,0.5505617978,0.04911906033,0.9857501425,0.9861882537
Primary visual area layer unknown',30,12,1,32,32.1,1090,Visual,0,11,0.4009489166,63.32301068,63.32301068,0.3391219221,0.0355517672,0,0.1181542492,1.430689575,0.3109321368,0.04494382022,0.002669514148,0.2589574104,0.2888568538
Primary visual area layer unknown',31,15,1,32,32.1,1091,Visual,0,231,0.08296834754,3.50E+02,-10,5.176158509,0.7465871111,1,3.948420618,11.24113238,4.764824908,0.4831460674,0.03470368393,0.482095179,0.516514159
Primary visual area layer unknown',31,16,1,32,32.1,1092,Visual,0,1538,0.05928737879,1.99E+02,-161,6.31693157,4.97078345,0,5.710390886,9.31323887,6.191931385,0.9887640449,0.2450613988,0.0123698763,0.01569593661
Primary visual area layer unknown',90,23,1,32,32.1,1093,Visual,0,318,0.07313463226,32.82416109,32.82416109,0.9386233103,1.02776927,1,0.9146014106,1.057295318,0.9469024051,0.3258426966,0.05018686599,0.3159768402,0.3488297535
Primary visual area layer unknown',89,30,1,32,32.1,1094,Visual,0,1695,0.03940352573,3.41E+02,-19,4.298411719,5.474972148,1,4.332322471,4.130919626,4.407673129,0.9887640449,0.2172984517,0.1682283177,0.1929098029
Primary visual area layer unknown',89,31,1,32,32.1,1095,Visual,0,8,0.2184545385,1.46E+02,146,0.2216699393,0.02585583069,0,0.1603237792,0.5247171932,0.2034864756,0.08988764045,0.0005339028297,0.6984530155,0.7248354982
Primary visual area layer unknown',88,34,1,32,32.1,1096,Visual,0,27,0.1706435621,30.95787536,30.95787536,0.332504909,0.08726342858,1,0.3584410052,0.204384225,0.3097316266,0.1797752809,0.005872931127,0.5095949041,0.5441641978
Primary visual area layer unknown',88,38,1,32,32.1,1097,Visual,0,1729,0.07620606303,2.16E+02,-144,5.425289053,5.588091408,0,5.409634616,5.502652213,5.440412012,1,0.2536038441,0.0008899911001,0.001196041771
Primary visual area layer unknown',85,41,1,32,32.1,1098,Visual,0,819,0.0624124371,1.55E+02,155,2.811568873,2.646990667,1,2.884236723,2.452610701,2.796288339,0.8539325843,0.09877202349,0.06435935641,0.07669291227
Primary visual area layer unknown',21,46,1,32,32.1,1099,Visual,0,58,0.3493747839,49.66376152,49.66376152,0.8744382831,0.1874547725,0,0.2502323999,3.956013894,0.810344372,0.2921348315,0.008008542445,0.06325936741,0.07546202227
Primary visual area layer unknown',83,50,1,32,32.1,1100,Visual,0,98,0.4174830355,3.37E+02,-23,1.406115287,0.3167339259,1,1.092031697,2.957675564,1.304954567,0.4943820225,0.02989855846,0.000009999900001,0.00001463574441
Primary visual area layer unknown',80,63,1,32,32.1,1101,Visual,0,330,0.2716023957,31.50609208,31.50609208,1.420672716,1.066553016,1,0.9535883346,3.728046874,1.387789769,0.8988764045,0.09610250934,0.000009999900001,0.00001463574441
Primary visual area layer unknown',17,64,1,32,32.1,1102,Visual,0,649,0.02556711647,3.04E+02,-56,3.711151805,2.094322286,1,3.31189941,5.683453643,3.561013324,0.9101123596,0.1046449546,0.7789922101,0.7992303851
Primary visual area layer unknown',48,65,1,32,32.1,1103,Visual,0,582,0.1013863117,2.53E+02,-107,2.591553186,1.881011683,1,2.845647625,1.336358395,2.525573293,0.8426966292,0.08916177256,0.0396296037,0.04814152074
Primary visual area layer unknown',80,66,1,32,32.1,1104,Visual,0,812,0.2469063854,50.26504985,50.26504985,1.472285418,2.624366815,1,1.6203443,0.7408928158,1.579271143,0.9775280899,0.1484249867,0.000009999900001,0.00001463574441
Primary visual area layer unknown',80,67,1,32,32.1,1105,Visual,0,439,0.4327468311,25.4096449,25.4096449,1.029938091,1.418838709,1,1.178757712,0.29478494,1.066053041,0.8426966292,0.1398825414,0.000009999900001,0.00001463574441
Primary visual area layer unknown',48,68,1,32,32.1,1106,Visual,0,3959,0.2325163531,3.56E+02,-4,11.18440642,12.79217223,1,11.60139467,9.124576509,11.33371649,1,0.5872931127,0.000009999900001,0.00001463574441
Primary visual area layer unknown',79,72,1,32,32.1,1107,Visual,0,925,0.0663964294,3.42E+02,-18,4.388403098,2.989580423,1,4.273046434,4.95828269,4.258509739,0.9887640449,0.1751201281,0.0177098229,0.02211026697
Primary visual area layer unknown',16,75,1,32,32.1,1108,Visual,0,145,0.1196153462,3.35E+02,-25,1.3872568,0.4686369312,1,1.358177127,1.530916455,1.301953291,0.6966292135,0.03523758676,0.1504884951,0.1736287045
Primary visual area layer unknown',79,78,1,32,32.1,1109,Visual,0,267,0.1801552132,48.44964532,48.44964532,1.862358341,0.8629383492,1,1.643418194,2.943918934,1.769552007,0.5842696629,0.04378003203,0.0007199928001,0.0009751527033
Primary visual area layer unknown',15,79,1,32,32.1,1110,Visual,0,726,0.4569825893,7.49071364,7.49071364,3.914624959,2.343184656,1,3.53309053,5.799402386,3.768701585,1,0.2274426054,0.000009999900001,0.00001463574441
Primary visual area layer unknown',111,80,1,32,32.1,1111,Visual,0,1164,0.1562867074,12.35311536,12.35311536,4.102548131,3.762023365,1,3.748314263,5.852463675,4.070930023,1,0.2653497064,0.000009999900001,0.00001463574441
Primary visual area layer unknown',78,86,1,32,32.1,1112,Visual,0,1960,0.0504930512,3.39E+02,-21,6.884009594,6.33144654,1,7.150122294,5.569470133,6.832703694,0.9887640449,0.3016550988,0.02099979,0.02603002604
Primary visual area layer unknown',43,110,1,32,32.1,1113,Visual,0,369,0.532014464,42.81065082,42.81065082,0.9296903426,1.192600191,1,1.074527364,0.2142103897,0.9541054662,0.8539325843,0.1083822744,0.000009999900001,0.00001463574441
Primary visual area layer unknown',71,112,1,32,32.1,1114,Visual,0,28,0.03586423503,2.71E+02,-89,0.2828773107,0.09049540741,0,0.222384597,0.5817089482,0.2650126224,0.1685393258,0.005872931127,0.9737902621,0.9768279323
Primary visual area layer unknown',107,115,1,32,32.1,1115,Visual,0,1027,0.1258649301,1.26E+02,126,0.7070278513,3.319242265,0,0.8374232142,0.06288745386,0.949603553,0.8202247191,0.09983982915,0.00007999920001,0.000112268204
Primary visual area layer unknown',107,118,1,32,32.1,1116,Visual,0,46,0.2979194293,2.33E+02,-127,0.5892450179,0.1486710265,0,0.4411887622,1.320636531,0.5483330251,0.2247191011,0.004271222637,0.1063589364,0.1239844463
Primary visual area layer unknown',67,126,1,32,32.1,1117,Visual,0,1120,0.02030367085,1.72E+02,172,5.190054237,3.619816296,0,4.593296167,8.138029576,5.044243652,0.9887640449,0.2060864923,0.6127938721,0.6433764021
Primary visual area layer unknown',167,187,1,32,32.1,1118,Visual,0,206,0.4181631514,3.57E+02,-3,1.302228181,0.6625556614,1,1.03554044,2.6196555,1.242828165,0.6741573034,0.06940736786,0.000009999900001,0.00001463574441
Primary visual area layer unknown',235,207,1,32,32.1,1119,Visual,0,2691,0.5338952583,3.54E+02,-6,9.3594342,8.694023069,1,7.126650574,20.38929168,9.297651223,1,0.5851575013,0.000009999900001,0.00001463574441
Primary visual area layer unknown',238,215,1,32,32.1,1120,Visual,0,3126,0.1394648719,2.66E+02,-94,11.06662358,10.10316584,1,10.96129303,11.58701337,10.97716497,1,0.5029364656,0.000009999900001,0.00001463574441
Primary visual area layer unknown',208,220,1,32,32.1,1121,Visual,0,44,0.2177574004,3.59E+02,-1,0.3771697475,0.1422070688,0,0.4312431184,0.1100530443,0.3553510135,0.202247191,0.01121195942,0.2293177068,0.2577105133
Primary visual area layer unknown',176,221,1,32,32.1,1122,Visual,0,3615,0.565091197,19.98002139,19.98002139,15.12186007,11.67067558,1,11.4227709,33.39520323,14.80139015,0.9775280899,0.5136145222,0.000009999900001,0.00001463574441
Primary visual area layer unknown',209,235,1,32,32.1,1123,Visual,0,2527,0.3928336258,22.99983798,22.99983798,11.42129549,8.16397854,1,8.553651557,25.58733279,11.11882517,0.9887640449,0.4644954618,0.000009999900001,0.00001463574441
Primary visual area layer unknown',242,238,1,32,32.1,1124,Visual,0,215,0.3661539085,18.75117415,18.75117415,3.581789199,0.6948754498,1,1.70189858,12.86834525,3.313708227,0.4831460674,0.05178857448,0.000009999900001,0.00001463574441
Primary visual area layer unknown',251,262,1,32,32.1,1125,Visual,0,453,0.1892650379,1.28E+02,128,2.023482611,1.464086413,0,1.271848939,5.736514932,1.971537844,0.8764044944,0.06406833956,0.000009999900001,0.00001463574441
Primary visual area layer unknown',189,266,1,32,32.1,1126,Visual,0,1945,0.1429273266,1.90E+02,-170,4.942247096,6.282966857,1,4.689172174,6.192448972,5.066753218,0.9438202247,0.1922050187,0.000009999900001,0.00001463574441
Primary visual area layer unknown',252,268,1,32,32.1,1127,Visual,0,149,0.2630904467,2.62E+02,-98,0.7384586636,0.4815648466,0,0.3007562707,2.900683809,0.7146036851,0.3707865169,0.02189001602,0.0008199918001,0.001104608942
Primary visual area layer unknown',151,275,1,32,32.1,1128,Visual,0,194,0.1550746542,3.37E+02,-23,0.6233226354,0.6270038942,0,0.6631755335,0.4264555465,0.6236650389,0.6853932584,0.04538174052,0.0138598614,0.01746839195
Primary visual area layer unknown',152,284,1,32,32.1,1129,Visual,0,3205,0.2006688366,40.00106439,40.00106439,10.94817905,10.35849217,0,10.5547151,12.89192804,10.89342938,1,0.6529631607,0.000009999900001,0.00001463574441
Primary visual area layer unknown',132,296,1,32,32.1,1130,Visual,0,455,0.1655305284,1.64E+02,164,1.159300698,1.47055037,0,1.007692637,1.908241178,1.188204951,0.797752809,0.05232247731,0.00004999950001,0.00007096398141
Primary visual area layer unknown',196,300,1,32,32.1,1131,Visual,0,1438,0.1977714248,1.20E+02,120,3.309168259,4.647585566,1,2.026524396,9.645363236,3.433459117,0.9438202247,0.1436198612,0.000009999900001,0.00001463574441
Primary visual area layer unknown',154,301,1,32,32.1,1132,Visual,0,762,0.09025933961,2.11E+02,-149,2.074764462,2.462767873,0,1.872168003,3.07558954,2.110797025,0.9325842697,0.1030432461,0.0128098719,0.0162267989
Primary visual area layer unknown',220,310,1,32,32.1,1133,Visual,0,1169,0.1501347306,2.94E+02,-66,6.81618521,3.778183259,1,5.363089002,13.99442372,6.534076787,0.9887640449,0.1681793914,0.000009999900001,0.00001463574441
Primary visual area layer unknown',220,312,1,32,32.1,1134,Visual,0,35,0.3968483468,3.05E+02,-55,0.1766742502,0.1131192593,0,0.1261107643,0.4264555465,0.1707725732,0.2359550562,0.008542445275,0.0107298927,0.01366892387
Primary visual area layer unknown',46,333,1,32,32.1,1135,Visual,0,978,0.3816926738,7.597174433,7.597174433,3.940762161,3.160875302,1,2.928395382,8.939844613,3.868043803,0.9775280899,0.2610784837,0.000009999900001,0.00001463574441
Primary visual area layer unknown',24,14,2,32,32.2,1136,Visual,0,646,0.02465428576,2.41E+02,-119,5.748881203,9.062684269,0,7.959806505,4.887683639,5.808624627,1,0.3908730159,0.7440225598,0.7668474277
Primary visual area layer unknown',23,20,2,32,32.2,1137,Visual,0,1017,0.05327103957,1.64E+02,164,15.3403243,14.28953473,0,13.98165318,15.86955892,15.32138418,1,0.6091269841,0.0384096159,0.04668468974
Primary visual area layer unknown',85,22,2,32,32.2,1138,Visual,0,122,0.07362831057,1.30E+02,130,2.790087907,1.714182141,0,1.500860625,3.292268571,2.770691909,0.8620689655,0.09920634921,0.5215847842,0.5553866363
Primary visual area layer unknown',23,23,2,32,32.2,1139,Visual,0,475,0.02876028523,3.44E+02,-16,10.5265456,6.67406981,0,5.859889922,12.34430455,10.45709484,1,0.3353174603,0.6571334287,0.686407122
Primary visual area layer unknown',21,27,2,32,32.2,1140,Visual,0,360,0.04659574102,2.21E+02,-139,2.611064145,5.058242383,0,4.769442441,1.770333639,2.655183086,0.8275862069,0.2638888889,0.4531654683,0.4878409705
Primary visual area layer unknown',22,32,2,32,32.2,1141,Visual,0,687,0.02251158225,3.03E+02,-57,8.341630236,9.652812547,0,9.262822228,7.982810379,8.36527058,1,0.5138888889,0.6780632194,0.7059760901
Primary visual area layer unknown',79,52,2,32,32.2,1142,Visual,0,770,0.1091137195,3.29E+02,-31,17.60314338,10.81901843,0,13.17278961,19.32886039,17.48084189,1,0.494047619,0.0006599934001,0.0008976707816
Primary visual area layer unknown',44,72,2,32,32.2,1143,Visual,0,2546,0.1128206343,1.08E+02,108,43.45195612,35.77301418,1,30.14604174,48.6348896,43.313529,1,0.6785714286,0.000009999900001,0.00001463574441
Primary visual area layer unknown',105,105,2,32,32.2,1144,Visual,0,329,0.1073997111,2.66E+02,-94,6.088871574,4.622671511,1,5.030781753,6.501020693,6.062440068,0.9310344828,0.1904761905,0.07566924331,0.08983727146
Primary visual area layer unknown',40,125,2,32,32.2,1145,Visual,0,188,0.1635943521,2.82E+02,-78,5.558507231,2.641526578,1,2.488244715,6.754437555,5.505920583,0.8620689655,0.1488095238,0.0027499725,0.00361999304
Primary visual area layer unknown',225,205,2,32,32.2,1146,Visual,0,2475,0.3466034333,20.74757285,20.74757285,19.0224355,34.77541638,1,13.49302229,21.17625856,19.30643858,1,0.7301587302,0.000009999900001,0.00001463574441
Primary visual area layer unknown',165,212,2,32,32.2,1147,Visual,0,142,0.358859245,1.56E+02,156,12.93485373,1.995195606,1,2.756945698,16.89935616,12.73763418,0.6551724138,0.05158730159,0.000009999900001,0.00001463574441
Primary visual area layer unknown',230,224,2,32,32.2,1148,Visual,0,981,0.06967945835,2.46E+02,-114,13.21783509,13.76965982,0,12.97770533,13.31137484,13.22778675,1,0.6071428571,0.0119098809,0.01512077942
Primary visual area layer unknown',232,229,2,32,32.2,1149,Visual,0,705,0.1665967109,26.74750463,26.74750463,17.99395173,9.891673993,1,9.905128002,21.14471587,17.84788638,1,0.5277777778,0.000009999900001,0.00001463574441
Primary visual area layer unknown',238,243,2,32,32.2,1150,Visual,0,141,0.1110525891,38.69010608,38.69010608,2.338401153,1.981144933,1,6.411095019,0.7520064737,2.331961027,0.9655172414,0.09523809524,0.4965850341,0.5310275116
Primary visual area layer unknown',187,269,2,32,32.2,1151,Visual,0,666,0.1205854735,32.34181325,32.34181325,10.94082825,9.357748408,0,11.48236596,10.72989218,10.9122908,1,0.5873015873,0.000009999900001,0.00001463574441
Presubiculum',30,2,1,34,34.1,1152,Hipp,0,22,0.4043234749,2.89E+02,-71,1.239480649,0.1642450885,0,1.176184609,1.632301965,1.201024828,0.2,0.00630517024,0.139798602,0.1615434564
Presubiculum',29,6,1,34,34.1,1153,Hipp,0,13,0.2841541159,71.39245871,71.39245871,1.755100168,0.09705391594,1,1.517014485,3.232676264,1.695800063,0.1428571429,0.005044136192,0.3686663133,0.4022626618
Presubiculum',91,9,1,34,34.1,1154,Hipp,0,87,0.0430777432,1.00E+02,100,1.76146926,0.6495146682,0,1.558492837,3.021155472,1.721700332,0.7428571429,0.03278688525,0.8960410396,0.9044369036
Presubiculum',91,10,1,34,34.1,1155,Hipp,0,272,0.04302295959,3.37E+02,-23,1.975249211,2.030666549,0,1.730515463,3.494084036,1.977231848,0.9714285714,0.1122320303,0.6446735533,0.6743309333
Presubiculum',90,16,1,34,34.1,1156,Hipp,0,34,0.2958602996,67.50210823,67.50210823,1.080807188,0.2538333186,0,1.244993659,0.06185985444,1.051230491,0.4285714286,0.01513240858,0.2734172658,0.3042324594
Presubiculum',89,19,1,34,34.1,1157,Hipp,0,892,0.09348396714,2.13E+02,-147,9.774894419,6.659391771,0,7.336845382,24.90557559,9.663470333,1,0.2988650694,0.0005199948001,0.0007098291661
Subiculum',82,38,1,34,34.1,1158,Hipp,0,257,0.2148941701,1.35E+02,135,8.138868576,1.918681261,1,7.08733219,14.66477646,7.916403759,0.8857142857,0.07818411097,0.0009099909001,0.001222189449
Primary visual area layer 6b',68,73,1,34,34.1,1159,Visual,6,641,0.3826910159,97.85344854,97.85344854,4.725035369,4.785504624,0,4.36390856,6.966217801,4.727199546,1,0.2042875158,0.000009999900001,0.00001463574441
Primary visual area layer 6b',66,78,1,34,34.1,1160,Visual,6,152,0.09937887949,22.87528237,22.87528237,2.330810684,1.134784248,0,1.963630237,4.609556895,2.288035072,0.9714285714,0.07440100883,0.2795772042,0.3106260053
Postsubiculum',170,147,1,34,34.1,1161,Hipp,0,3884,0.09076828943,2.55E+02,-105,23.63736119,28.98179244,0,20.09963808,45.5927082,23.82851416,1,0.6141235813,0.000009999900001,0.00001463574441
Postsubiculum',234,149,1,34,34.1,1162,Hipp,0,910,0.06845076424,1.96E+02,-164,5.695352659,6.78630843,0,4.047515543,15.92192834,5.734372879,0.8,0.3127364439,0.00399996,0.005216633813
Postsubiculum',239,164,1,34,34.1,1163,Hipp,0,1412,0.2644610059,51.73212371,51.73212371,27.77173253,10.54154841,1,22.55007627,60.17766549,27.15549712,1,0.4148802018,0.000009999900001,0.00001463574441
Postsubiculum',144,167,1,34,34.1,1164,Hipp,0,2374,0.04239140384,2.10E+02,-150,34.82480941,17.7160725,1,33.55695203,42.69327696,34.21291981,0.9714285714,0.5069356873,0.1203087969,0.1398116169
Postsubiculum',241,172,1,34,34.1,1165,Hipp,0,188,0.09791750232,3.46E+02,-14,4.026096772,1.396083252,1,4.089636971,3.631772099,3.932034598,0.8857142857,0.09836065574,0.1635083649,0.1876885923
Primary visual area layer 6b',190,198,1,34,34.1,1166,Visual,6,641,0.2096786331,1.18E+02,118,4.208308181,4.778038939,1,2.83146027,12.75310741,4.228686128,1,0.1752837327,0.000009999900001,0.00001463574441
Primary visual area layer 6b',255,208,1,34,34.1,1167,Visual,6,772,0.3045957502,94.46136475,94.46136475,5.782304608,5.76350947,0,5.484467161,7.630712367,5.781634194,1,0.2496847415,0.000009999900001,0.00001463574441
Primary visual area layer 6a',129,212,1,34,34.1,1168,Visual,6,776,0.3347310953,1.03E+02,103,6.625793897,5.793372213,0,5.83430009,11.53786059,6.596024084,1,0.2559899117,0.000009999900001,0.00001463574441
Primary visual area layer 6a',129,216,1,34,34.1,1169,Visual,6,493,0.3197051587,1.26E+02,126,4.71368177,3.68058312,0,4.029187899,8.961696977,4.676734074,0.9714285714,0.1500630517,0.000009999900001,0.00001463574441
Primary visual area layer 6a',193,221,1,34,34.1,1170,Visual,6,430,0.4435031071,1.07E+02,107,2.469269201,3.202779226,0,2.363623034,3.124920389,2.495504234,1,0.1197982346,0.000009999900001,0.00001463574441
Primary visual area layer 6a',131,224,1,34,34.1,1171,Visual,6,155,0.04122986163,89.12033839,89.12033839,2.272935023,1.157181305,0,1.99289016,4.010913143,2.233030378,0.9428571429,0.08196721311,0.7531724683,0.7752131807
Primary visual area layer 6a',218,230,1,34,34.1,1172,Visual,6,457,0.4172963343,1.05E+02,105,4.945461328,3.41181843,1,3.22695154,15.61063359,4.89061155,0.9714285714,0.08701134931,0.000009999900001,0.00001463574441
Primary visual area layer 5',135,238,1,34,34.1,1173,Visual,5,204,0.1801582594,1.48E+02,148,1.885805008,1.522999912,0,1.563637439,3.885197955,1.872829734,0.9714285714,0.05926860025,0.005089949101,0.006603732234
Primary visual area layer 5',136,243,1,34,34.1,1174,Visual,5,18,0.3669020018,55.16174542,55.16174542,0.4092833778,0.1343823451,0,0.4096389261,0.4070777518,0.3994515658,0.4,0.01008827238,0.08739912601,0.1033274331
Prosubiculum',30,6,2,34,34.2,1175,Hipp,0,752,0.2077519948,2.29E+02,-131,1.209640804,1.898089265,1,1.340302294,0.8796345957,1.273728659,0.7931034483,0.07237936772,0.000009999900001,0.00001463574441
Prosubiculum',87,18,2,34,34.2,1176,Hipp,0,1008,0.1161487851,3.22E+02,-38,4.087233522,2.541723258,0,3.689628712,5.091467535,3.943366185,0.7816091954,0.09109816972,0.0015799842,0.002098256304
Prosubiculum',23,24,2,34,34.2,1177,Hipp,0,540,0.1807476101,9.881201341,9.881201341,1.347730019,1.362989632,0,1.43794979,1.119867097,1.349151441,0.6206896552,0.06114808652,0.00005999940001,0.00008478257967
Prosubiculum',85,30,2,34,34.2,1178,Hipp,0,103,0.09719165904,3.01E+02,-59,0.2116677097,0.259977652,0,0.2770295622,0.04658500974,0.2161649818,0.275862069,0.009983361065,0.6303136969,0.6605382363
Prosubiculum',83,45,2,34,34.2,1179,Hipp,0,67,0.06227281417,1.65E+02,165,0.2712559266,0.1691116766,0,0.2629249239,0.2922981003,0.2617475975,0.2988505747,0.007071547421,0.8715712843,0.8833439716
Prosubiculum',81,50,2,34,34.2,1180,Hipp,0,265,0.167582825,32.19458854,32.19458854,0.61842206,0.6688745416,0,0.51029858,0.891509206,0.6231190563,0.2068965517,0.02287853577,0.0199798002,0.02483408628
Prosubiculum',79,52,2,34,34.2,1181,Hipp,0,999,0.08741962788,3.40E+02,-20,2.321349668,2.521530819,0,2.415148063,2.084450828,2.339985928,0.908045977,0.1314475874,0.006979930201,0.008993602107
Prosubiculum',17,55,2,34,34.2,1182,Hipp,0,166,0.1266380997,3.40E+02,-20,0.4523522902,0.4189931091,0,0.3012606075,0.8339630175,0.4492472231,0.2873563218,0.02038269551,0.1997380026,0.2267323469
Prosubiculum',16,58,2,34,34.2,1183,Hipp,0,151,0.1687971129,2.66E+02,-94,0.7707606319,0.381132286,0,0.5594839853,1.304380273,0.7344910143,0.3563218391,0.01206322795,0.1661683383,0.1906447143
Primary visual area layer 6b',111,62,2,34,34.2,1184,Visual,6,599,0.06320658124,2.52E+02,-108,0.9754332031,1.509384815,0,0.8813590641,1.213037116,1.02513893,0.724137931,0.0653078203,0.2537174628,0.283433255
Primary visual area layer 5',7,80,2,34,34.2,1185,Visual,5,1656,0.6187844576,39.30631848,39.30631848,2.573433733,4.177310816,0,2.252402237,3.384263943,2.722738923,0.9885057471,0.4080698835,0.000009999900001,0.00001463574441
Subiculum',233,161,2,34,34.2,1186,Hipp,0,1960,0.06595558882,3.39E+02,-21,5.480043323,4.947147553,0,5.01835797,6.646128056,5.430440282,1,0.2811980033,0.0007899921001,0.001066110442
Subiculum',234,163,2,34,34.2,1187,Hipp,0,1057,0.1823502345,2.53E+02,-107,10.64245554,2.667926002,1,3.977869654,27.475108,9.900121205,0.7011494253,0.05740432612,0.0001299987,0.00018108111
Subiculum',233,164,2,34,34.2,1188,Hipp,0,3081,0.04971246338,89.27187597,89.27187597,7.398524829,7.774089012,0,6.539850618,9.567282197,7.433490793,1,0.3926788686,0.0016199838,0.002147575697
Subiculum',235,171,2,34,34.2,1189,Hipp,0,260,0.1023149924,2.05E+02,-155,0.5580566054,0.6562542672,0,0.5967346967,0.460369508,0.5671981153,0.5517241379,0.03369384359,0.08487915121,0.1005065594
Subiculum',207,183,2,34,34.2,1190,Hipp,0,3311,0.02833745654,1.18E+02,118,13.98146832,8.352097578,0,9.336185572,25.71401195,13.45744493,1,0.3319467554,0.2640073599,0.2940527299
Subiculum',176,187,2,34,34.2,1191,Hipp,0,3874,0.01126628257,3.22E+02,-38,15.16442397,9.775664527,0,10.67684952,26.49864966,14.66279966,1,0.4409317804,0.6780332197,0.7059760901
Subiculum',208,189,2,34,34.2,1192,Hipp,0,669,0.1333289119,3.05E+02,-55,5.723836854,1.686068656,1,3.084575896,12.38978573,5.347968642,0.8850574713,0.08735440932,0.0014899851,0.00197990346
Subiculum',208,190,2,34,34.2,1193,Hipp,0,4087,0.05237276041,1.71E+02,171,11.10128481,10.31581227,0,8.645419954,17.30404754,11.02817346,1,0.3631447587,0.0037799622,0.004935437885
Subiculum',239,192,2,34,34.2,1194,Hipp,0,10334,0.02697971594,1.11E+02,111,21.91576895,26.0760109,1,21.94428557,21.84380241,22.30305696,1,0.5465890183,0.0358496415,0.04366750164
Primary visual area layer 6b',177,194,2,34,34.2,1195,Visual,6,2676,0.1675642798,25.69493378,25.69493378,9.572199351,6.754370843,0,8.007817972,13.5233543,9.30989682,0.9770114943,0.4018302829,0.000009999900001,0.00001463574441
Primary visual area layer 6b',240,195,2,34,34.2,1196,Visual,6,1898,0.07740932655,3.27E+02,-33,8.19234351,4.788132096,0,5.703698728,14.47789028,7.875454196,1,0.2579034942,0.0001399986,0.0001947693749
Primary visual area layer 6b',177,197,2,34,34.2,1197,Visual,6,3119,0.09634972567,2.48E+02,-112,13.02080264,7.864954987,0,9.766557869,21.24002415,12.54085841,1,0.3760399334,0.000009999900001,0.00001463574441
Primary visual area layer 6a',209,202,2,34,34.2,1198,Visual,6,5957,0.02611333044,1.40E+02,140,15.44630214,15.03579488,0,14.37588133,18.14988517,15.40809893,1,0.6231281198,0.05899941001,0.07056730708
Primary visual area layer 6a',209,205,2,34,34.2,1199,Visual,6,123,0.2484523863,3.15E+02,-45,0.3220354506,0.3104587495,0,0.3103020423,0.351671152,0.3209580056,0.2643678161,0.02121464226,0.0010799892,0.001443619768
Primary visual area layer 6a',145,206,2,34,34.2,1200,Visual,6,2805,0.06150672291,3.07E+02,-53,12.35807803,7.077449867,0,7.373470907,24.94764286,11.86651765,1,0.3506655574,0.0004499955,0.0006157689183
Primary visual area layer 6a',145,212,2,34,34.2,1201,Visual,6,2529,0.02824964654,2.72E+02,-88,8.262813053,6.383334776,0,6.689938436,12.23541579,8.087859787,1,0.2965890183,0.2850071499,0.3160350219
Primary visual area layer 6a',250,229,2,34,34.2,1202,Visual,6,5091,0.3968492333,36.85964656,36.85964656,9.706920537,12.84743931,1,8.800570975,11.99609672,9.999275142,1,0.5915141431,0.000009999900001,0.00001463574441
Primary visual area layer 6a',187,230,2,34,34.2,1203,Visual,6,4177,0.2880554964,51.12775849,51.12775849,10.46187734,10.5379291,1,8.961870172,14.25044582,10.46896405,1,0.493344426,0.000009999900001,0.00001463574441
Primary visual area layer 5',251,235,2,34,34.2,1204,Visual,5,2160,0.201890412,1.16E+02,116,5.002819429,5.451958528,0,3.982932857,7.578741683,5.044632782,0.9770114943,0.1846921797,0.000009999900001,0.00001463574441
Primary visual area layer 5',214,237,2,34,34.2,1205,Visual,5,859,0.5666818303,71.94942507,71.94942507,1.394105197,2.168163137,0,1.319687823,1.582063468,1.466162485,0.9425287356,0.1069051581,0.000009999900001,0.00001463574441
Primary visual area layer 5',190,247,2,34,34.2,1206,Visual,5,2141,0.3482490666,83.3932894,83.3932894,6.754453928,5.404001485,0,6.496090074,7.407016549,6.62874616,1,0.2861896839,0.000009999900001,0.00001463574441
Primary visual area layer 5',190,248,2,34,34.2,1207,Visual,5,1863,0.324150992,91.36944537,91.36944537,6.433972952,4.699790175,0,5.511296996,8.764375852,6.272543864,1,0.2416805324,0.000009999900001,0.00001463574441
Primary visual area layer 5',151,254,2,34,34.2,1208,Visual,5,834,0.3928144615,93.45366701,93.45366701,2.485605883,2.105061765,0,2.10086779,3.457338468,2.450183076,0.9885057471,0.09816971714,0.000009999900001,0.00001463574441
Primary visual area layer 5',191,255,2,34,34.2,1209,Visual,5,2101,0.2383931526,1.13E+02,113,7.397488512,5.30303929,0,6.589036023,9.439401778,7.202523209,1,0.2425124792,0.000009999900001,0.00001463574441
Primary visual area layer 5',254,256,2,34,34.2,1210,Visual,5,1911,0.2990726701,1.18E+02,118,5.927991267,4.820944809,0,5.422329277,7.205148173,5.824941374,0.9885057471,0.1896838602,0.000009999900001,0.00001463574441
Primary visual area layer 5',191,258,2,34,34.2,1211,Visual,5,408,0.02672249555,1.83E+02,-177,1.818476933,1.029814389,0,1.990200628,1.38476225,1.745062304,0.9770114943,0.0615640599,0.7462425376,0.7684318171
Primary visual area layer 5',254,262,2,34,34.2,1212,Visual,5,2035,0.147208814,88.46495615,88.46495615,6.458326398,5.128879504,0,6.278372324,6.912850073,6.334573815,1,0.2945091514,0.000009999900001,0.00001463574441
Primary visual area layer 5',254,264,2,34,34.2,1213,Visual,5,898,0.2926251166,1.50E+02,150,3.260770862,2.266601277,0,3.235025371,3.325804323,3.168226755,0.9655172414,0.08527454243,0.000009999900001,0.00001463574441
Primary visual area layer 5',255,268,2,34,34.2,1214,Visual,5,419,0.2094719559,1.22E+02,122,2.63949893,1.057578992,0,2.535579975,2.901972077,2.492241263,0.8620689655,0.05074875208,0.000009999900001,0.00001463574441
Primary visual area layer 5',128,270,2,34,34.2,1215,Visual,5,1371,0.2746497605,1.04E+02,104,4.089824315,3.460479232,0,3.861054316,4.66763529,4.031241949,0.9770114943,0.1767886855,0.000009999900001,0.00001463574441
Primary visual area layer 4',129,275,2,34,34.2,1216,Visual,4,8217,0.1687556118,95.26662958,95.26662958,38.24319946,20.7401589,1,33.24029255,50.87905152,36.61388364,1,0.3806156406,0.000009999900001,0.00001463574441
Primary visual area layer 4',193,278,2,34,34.2,1217,Visual,4,448,0.3070977408,75.07383914,75.07383914,1.872365407,1.128252529,0,1.559828331,2.661739576,1.803097903,0.8390804598,0.05324459235,0.000009999900001,0.00001463574441
Primary visual area layer 4',130,280,2,34,34.2,1218,Visual,4,431,0.1838716782,1.04E+02,104,1.453693414,1.087867651,0,1.48098702,1.38476225,1.419640022,0.8965517241,0.0503327787,0.000009999900001,0.00001463574441
Primary visual area layer 4',153,284,2,34,34.2,1219,Visual,4,1799,0.196755227,32.95793165,32.95793165,9.084353209,4.540774718,0,9.174886376,8.855719009,8.661401875,1,0.3011647255,0.000009999900001,0.00001463574441
Primary visual area layer 4',153,285,2,34,34.2,1220,Visual,4,3606,0.1109930198,81.03919222,81.03919222,15.90798128,9.099217821,1,13.21206784,22.71704299,15.27417062,0.9885057471,0.2608153078,0.000009999900001,0.00001463574441
Primary visual area layer 2/3',154,288,2,34,34.2,1221,Visual,2,1663,0.02306403574,1.81E+02,-179,10.30876153,4.197503255,1,8.816845558,14.07689383,9.739877164,0.9425287356,0.146422629,0.5876741233,0.6196039585
Primary visual area layer 2/3',132,290,2,34,34.2,1222,Visual,2,83,0.1598770637,90.49852406,90.49852406,0.5603883183,0.2094965545,0,0.4535183695,0.8303092913,0.5277245099,0.4482758621,0.009983361065,0.161298387,0.1853408214
Primary visual area layer 2/3',195,292,2,34,34.2,1223,Visual,2,455,0.3778921182,77.41028105,77.41028105,1.684532984,1.148444968,0,1.434694874,2.315549014,1.634630194,0.8735632184,0.06073211314,0.000009999900001,0.00001463574441
Primary visual area layer 2/3',154,293,2,34,34.2,1224,Visual,2,844,0.2226679723,84.9565465,84.9565465,2.315131767,2.130302314,0,2.189112193,2.633423198,2.297927741,0.9885057471,0.09858569052,0.000009999900001,0.00001463574441
Primary visual area layer 2/3',132,294,2,34,34.2,1225,Visual,2,360,0.1994728857,52.84791002,52.84791002,0.4691924385,0.9086597546,0,0.428202352,0.5718081588,0.5098674028,0.9310344828,0.0503327787,0.0000399996,0.0000569867719
Primary visual area layer 2/3',133,298,2,34,34.2,1226,Visual,2,86,0.5180215394,74.89377138,74.89377138,0.2414618181,0.2170687192,0,0.2477353135,0.2256175962,0.2391912516,0.5402298851,0.01206322795,0.000009999900001,0.00001463574441
Primary visual area layer 2/3',196,299,2,34,34.2,1227,Visual,2,167,0.566012859,98.60964115,98.60964115,0.3603791728,0.421517164,0,0.4148210285,0.2228773015,0.3660706975,0.6551724138,0.01247920133,0.000009999900001,0.00001463574441
Primary visual area layer 2/3',133,301,2,34,34.2,1228,Visual,2,331,0.2484420673,80.74139187,80.74139187,0.8264626608,0.8354621633,0,0.7395893665,1.04587914,0.8273009793,0.9195402299,0.05158069884,0.000009999900001,0.00001463574441
Primary visual area layer 2/3',154,302,2,34,34.2,1229,Visual,2,653,0.255943489,70.94911875,70.94911875,2.267461193,1.648207833,0,1.692556594,3.719493327,2.209817015,0.9770114943,0.08985024958,0.000009999900001,0.00001463574441
Primary visual area layer 2/3',154,303,2,34,34.2,1230,Visual,2,200,0.5050204994,87.85940867,87.85940867,0.3399119157,0.5048109748,0,0.403247992,0.179946018,0.3552624484,0.6896551724,0.018718802,0.000009999900001,0.00001463574441
Primary visual area layer 2/3',133,305,2,34,34.2,1231,Visual,2,6159,0.108593415,64.93758994,64.93758994,23.72673258,15.5380818,1,21.13417301,30.27386231,22.96423985,1,0.3394342762,0.000009999900001,0.00001463574441
Primary visual area layer 2/3',197,308,2,34,34.2,1232,Visual,2,145,0.3576076393,67.86333913,67.86333913,0.4142676472,0.3659879567,0,0.3837184928,0.4914261812,0.4097736177,0.5402298851,0.018718802,0.000009999900001,0.00001463574441
Primary visual area layer 2/3',197,315,2,34,34.2,1233,Visual,2,132,0.04106176078,1.68E+02,168,0.7673926023,0.3331752434,0,0.5663554758,1.275150463,0.7269722323,0.4942528736,0.01539101498,0.8207917921,0.8386755896
Primary visual area layer 2/3',197,316,2,34,34.2,1234,Visual,2,681,0.09295948977,1.55E+02,155,3.108691369,1.718881369,0,2.650225368,4.266638833,2.979317358,0.816091954,0.06946755408,0.0156198438,0.01960974255
Primary visual area layer 2/3',219,317,2,34,34.2,1235,Visual,2,74,0.2295555389,5.221057611,5.221057611,0.2976820054,0.1867800607,0,0.2582233778,0.3973427301,0.2873584486,0.4022988506,0.0149750416,0.015499845,0.01948082138
Primary visual area layer 2/3',155,325,2,34,34.2,1236,Visual,2,380,0.07948895123,2.99E+02,-61,1.419754038,0.9591408521,0,1.469775641,1.293419094,1.376876949,0.6781609195,0.04783693844,0.1566084339,0.1803199922
Primary visual area layer 2/3',135,326,2,34,34.2,1237,Visual,2,616,0.01236888401,1.36E+02,136,2.852202957,1.552293747,0,2.6762647,3.296574513,2.731197553,0.8045977011,0.08111480865,0.9129908701,0.9195268226
Primary visual area layer 2/3',198,327,2,34,34.2,1238,Visual,2,158,0.1678302291,3.49E+02,-11,0.6357803666,0.3988006701,0,0.5866082897,0.7599750609,0.6137205788,0.5287356322,0.02870216306,0.0133198668,0.01682548831
Primary visual area layer 2/3',155,328,2,34,34.2,1239,Visual,2,258,0.3817262941,90.94360872,90.94360872,0.6132404759,0.6512061575,0,0.7457375421,0.2785966269,0.616775084,0.6436781609,0.02787021631,0.000009999900001,0.00001463574441
Primary visual area layer 2/3',155,330,2,34,34.2,1240,Visual,2,595,0.3124462541,67.26518548,67.26518548,2.737949028,1.50181265,0,2.247700691,3.976167596,2.6228801,0.9885057471,0.09359400998,0.000009999900001,0.00001463574441
Primary visual area layer 2/3',199,335,2,34,34.2,1241,Visual,2,153,0.2209849383,75.65477604,75.65477604,0.3712604993,0.3861803957,0,0.4213308616,0.244799659,0.3726496317,0.2068965517,0.01913477537,0.0038399616,0.00501087163
Primary visual area layer 2/3',199,336,2,34,34.2,1242,Visual,2,36,0.01158728228,42.6033842,42.6033842,0.2018226999,0.09086597546,0,0.1092205324,0.4357068558,0.1914939785,0.2413793103,0.00540765391,0.995900041,0.995900041
Primary visual area layer 2/3',136,337,2,34,34.2,1243,Visual,2,36,0.06971694277,1.80E+02,180,0.1857597893,0.09086597546,0,0.1367064941,0.3096533,0.1769263384,0.2528735632,0.004575707155,0.8280917191,0.8449838892
Primary visual area layer 2/3',199,338,2,34,34.2,1244,Visual,2,179,0.2277305513,1.24E+02,124,0.7220537416,0.4518058224,0,0.7999861509,0.525223149,0.6968971044,0.5402298851,0.0224625624,0.0003099969,0.0004275753811
Primary visual area layer 2/3',199,341,2,34,34.2,1245,Visual,2,137,0.177801721,13.90250537,13.90250537,0.6287852281,0.3457955177,0,0.4690696373,1.032177667,0.6024424058,0.4827586207,0.02329450915,0.0136198638,0.01718515326
Primary visual area layer 2/3',136,342,2,34,34.2,1246,Visual,2,694,0.1777344491,1.19E+02,119,2.313836371,1.751694083,0,2.212258266,2.57039642,2.261508641,0.7356321839,0.0765391015,0.000009999900001,0.00001463574441
Primary visual area layer 2/3',136,343,2,34,34.2,1247,Visual,2,73,0.2250822154,80.13709845,80.13709845,0.2616699961,0.1842560058,0,0.2162711204,0.3763338042,0.2544637775,0.3563218391,0.009151414309,0.0368196318,0.04480053578
Primary visual area layer 2/3',136,347,2,34,34.2,1248,Visual,2,80,0.3964547451,1.34E+02,134,0.1463797503,0.2019243899,0,0.1453862716,0.1488893449,0.1515504492,0.367816092,0.00540765391,0.000009999900001,0.00001463574441
Primary visual area layer 5',215,370,2,34,34.2,1249,Visual,5,1074,0.2366961505,62.44676548,62.44676548,2.694164643,2.710834935,0,2.87734621,2.23151331,2.6957183,0.9655172414,0.1638935108,0.000009999900001,0.00001463574441
Prosubiculum',21,374,2,34,34.2,1250,Hipp,0,823,0.1490990891,3.14E+02,-46,2.121081443,2.077297161,0,2.219129757,1.873448137,2.11700705,0.6896551724,0.08111480865,0.00007999920001,0.000112268204
Prosubiculum',21,376,2,34,34.2,1251,Hipp,0,4620,0.04559965426,3.50E+02,-10,12.26610491,11.65860946,0,11.71263629,13.66402276,12.20956208,1,0.5095673877,0.0018599814,0.002462834195
Caudoputamen',91,5,1,35,35.1,1252,Caudoputamen,0,183,0.6040500775,3.26E+02,-34,0.6860420068,0.3475975155,1,0.7568846585,0.3229290381,0.6479759099,0.5810055866,0.0487804878,0.000009999900001,0.00001463574441
Primary somatosensory area mouth layer 6a',87,17,1,35,35.1,1253,Somatosensory,6,962,0.8146743332,3.51E+02,-9,3.771786738,1.827261256,1,4.075554906,2.214791851,3.553078588,0.8882681564,0.258286429,0.000009999900001,0.00001463574441
Primary somatosensory area mouth layer 6a',85,19,1,35,35.1,1254,Somatosensory,6,266,0.7817065929,3.42E+02,-18,0.4821551367,0.5033515935,0,0.5629887027,0.06782984363,0.4845398495,0.5865921788,0.07567229518,0.000009999900001,0.00001463574441
Primary somatosensory area nose layer 6a',20,26,1,35,35.1,1255,Somatosensory,6,901,0.8002145304,3.55E+02,-5,7.446805446,1.711395418,0,7.14049187,9.016945517,6.801717456,0.9329608939,0.2554721701,0.000009999900001,0.00001463574441
Primary somatosensory area nose layer 6a',81,34,1,35,35.1,1256,Somatosensory,6,1274,0.8560163992,3.48E+02,-12,2.143339659,2.414188209,0,2.350341186,1.080853813,2.173592782,0.9441340782,0.339587242,0.000009999900001,0.00001463574441
Primary somatosensory area nose layer 6a',111,44,1,35,35.1,1257,Somatosensory,6,409,0.4614670438,2.80E+02,-80,1.249559318,0.77687095,0,1.371367984,0.6252142108,1.19639469,0.6648044693,0.06003752345,0.000009999900001,0.00001463574441
Primary somatosensory area nose layer 6a',15,45,1,35,35.1,1258,Somatosensory,6,1247,0.4561225868,2.74E+02,-86,1.48353575,2.368601649,1,1.63488237,0.7077896726,1.583086545,0.9162011173,0.1500938086,0.000009999900001,0.00001463574441
Primary somatosensory area nose layer 6a',111,48,1,35,35.1,1259,Somatosensory,6,274,0.6777023424,3.28E+02,-32,1.201175303,0.5204465533,1,1.401574328,0.1739982945,1.124611009,0.6145251397,0.0722326454,0.000009999900001,0.00001463574441
Primary somatosensory area nose layer 6a',46,52,1,35,35.1,1260,Somatosensory,6,1084,0.9162941484,3.42E+02,-18,0.6814683934,2.058992933,0,0.7937076294,0.1046938891,0.8361944317,0.9832402235,0.3364602877,0.000009999900001,0.00001463574441
Primary somatosensory area nose layer 6a',14,54,1,35,35.1,1261,Somatosensory,6,1245,0.4197735177,2.75E+02,-85,1.676108945,2.364802769,1,1.953631211,0.2536246327,1.753572789,0.9273743017,0.1601000625,0.000009999900001,0.00001463574441
Primary somatosensory area nose layer 6a',14,55,1,35,35.1,1262,Somatosensory,6,6153,0.7751215565,3.40E+02,-20,17.85755308,11.68345529,0,17.55247456,19.4214537,17.1631364,1,0.935272045,0.000009999900001,0.00001463574441
Primary somatosensory area nose layer 6a',76,64,1,35,35.1,1263,Somatosensory,6,3936,0.828485515,3.44E+02,-16,13.09353295,7.466698543,0,13.02152306,13.4627494,12.46066434,1,0.8452157598,0.000009999900001,0.00001463574441
Primary somatosensory area nose layer 6a',12,66,1,35,35.1,1264,Somatosensory,6,2466,0.8364447062,3.53E+02,-7,4.516804286,4.67832066,0,4.932264337,2.387315583,4.534976802,0.8268156425,0.5131332083,0.000009999900001,0.00001463574441
Caudoputamen',170,169,1,35,35.1,1265,Caudoputamen,0,2501,0.8318708018,3.52E+02,-8,3.824022217,4.742901619,1,2.687789192,9.648057975,3.927379213,0.9720670391,0.4803001876,0.000009999900001,0.00001463574441
Caudoputamen',232,172,1,35,35.1,1266,Caudoputamen,0,262,0.937618029,3.59E+02,-1,0.564720894,0.4957538336,0,0.2807751527,2.020149691,0.5569644567,0.5754189944,0.07160725453,0.000009999900001,0.00001463574441
Caudoputamen',232,177,1,35,35.1,1267,Caudoputamen,0,935,0.9000746878,3.51E+02,-9,0.6797833779,1.774076937,0,0.5543583189,1.322681951,0.8028662939,0.8994413408,0.2388993121,0.000009999900001,0.00001463574441
Caudoputamen',234,179,1,35,35.1,1268,Caudoputamen,0,479,0.8166967926,3.59E+02,-1,0.4636199667,0.9098317482,0,0.4087925123,0.7446537181,0.5138087911,0.8379888268,0.126641651,0.000009999900001,0.00001463574441
Caudoputamen',172,184,1,35,35.1,1269,Caudoputamen,0,117,0.8928905308,3.33E+02,-27,0.4275124926,0.2222344771,1,0.4556842642,0.2831158691,0.4044241337,0.3240223464,0.03377110694,0.000009999900001,0.00001463574441
Primary somatosensory area unassigned layer 6b',207,192,1,35,35.1,1270,Somatosensory,6,351,0.9545907078,3.57E+02,-3,0.7582569549,0.6667034314,0,0.8843266592,0.1120666982,0.7479603233,0.7932960894,0.1138211382,0.000009999900001,0.00001463574441
Primary somatosensory area unassigned layer 6b',238,193,1,35,35.1,1271,Somatosensory,6,32,0.8637424812,11.1952716,11.1952716,1.827519619,0.06078207921,0,1.269241776,4.689106581,1.628805914,0.1340782123,0.01469668543,0.000009999900001,0.00001463574441
Primary somatosensory area unassigned layer 6b',238,195,1,35,35.1,1272,Somatosensory,6,142,0.7971396236,3.57E+02,-3,6.916266294,0.2697204765,0,5.960718405,11.81418929,6.16869648,0.4469273743,0.04596622889,0.000009999900001,0.00001463574441
Primary somatosensory area unassigned layer 6b',176,204,1,35,35.1,1273,Somatosensory,6,102,0.8313923624,24.33246564,24.33246564,0.4455662297,0.1937428775,0,0.3846274376,0.7579247744,0.4172426482,0.3296089385,0.03126954346,0.000009999900001,0.00001463574441
Primary somatosensory area unassigned layer 6b',240,207,1,35,35.1,1274,Somatosensory,6,434,0.9296651759,3.28E+02,-32,2.244681303,0.8243569493,1,2.218583993,2.378468212,2.08493139,0.7653631285,0.1228893058,0.000009999900001,0.00001463574441
Primary somatosensory area unassigned layer 6b',177,208,1,35,35.1,1275,Somatosensory,6,195,0.9720691249,3.58E+02,-2,1.09357503,0.3703907952,0,0.221513184,5.563521739,1.012235365,0.6312849162,0.06347717323,0.000009999900001,0.00001463574441
Primary somatosensory area unassigned layer 6b',240,210,1,35,35.1,1276,Somatosensory,6,871,0.8452886169,3.42E+02,-18,1.750008909,1.652512779,0,1.216884115,4.482667927,1.739045139,0.9273743017,0.234521576,0.000009999900001,0.00001463574441
Primary somatosensory area unassigned layer 6b',209,216,1,35,35.1,1277,Somatosensory,6,487,0.9720004824,3.47E+02,-13,0.2753796687,0.9231278281,0,0.3124198933,0.08552458544,0.3482363116,0.8491620112,0.1404002502,0.000009999900001,0.00001463574441
Primary somatosensory area unassigned layer 6a',242,224,1,35,35.1,1278,Somatosensory,6,3621,0.9577694825,3.38E+02,-22,2.565315672,6.877872151,1,2.141773578,4.736292559,3.050379176,1,0.7951844903,0.000009999900001,0.00001463574441
Primary somatosensory area unassigned layer 6a',243,227,1,35,35.1,1279,Somatosensory,6,405,0.8845694327,3.51E+02,-9,0.6391022905,0.7692731901,0,0.7105682655,0.2727939363,0.6537442415,0.7709497207,0.095684803,0.000009999900001,0.00001463574441
Primary somatosensory area unassigned layer 6a',243,232,1,35,35.1,1280,Somatosensory,6,270,0.9700647977,3.32E+02,-28,0.4243831782,0.5128487934,1,0.2042524164,1.552713594,0.4343340009,0.6480446927,0.08599124453,0.000009999900001,0.00001463574441
Primary somatosensory area upper limb layer 6a',186,248,1,35,35.1,1281,Somatosensory,6,3397,0.944387263,3.35E+02,-25,3.810301377,6.452397597,0,2.880246751,8.577526095,4.107479342,1,0.676985616,0.000009999900001,0.00001463574441
Primary somatosensory area upper limb layer 6a',186,249,1,35,35.1,1282,Somatosensory,6,2522,0.9179068811,3.35E+02,-25,1.723048661,4.788488178,1,1.483275294,2.950598198,2.067626395,1,0.5894308943,0.000009999900001,0.00001463574441
Primary somatosensory area upper limb layer 5',251,264,1,35,35.1,1283,Somatosensory,5,1118,0.8248619333,3.37E+02,-23,5.694148656,2.123573893,1,4.796767311,10.29391605,5.292551011,0.9776536313,0.2820512821,0.000009999900001,0.00001463574441
Primary somatosensory area upper limb layer 4',218,289,1,35,35.1,1284,Somatosensory,4,1041,0.9340004013,3.42E+02,-18,1.057708273,1.975417574,0,1.012631698,1.288767029,1.160930133,0.9217877095,0.2636022514,0.000009999900001,0.00001463574441
Primary somatosensory area nose layer 5',6,331,1,35,35.1,1285,Somatosensory,5,11173,0.866337649,3.46E+02,-14,17.52295715,21.19395125,1,19.61427324,6.803628228,17.93587918,1,0.9534083802,0.000009999900001,0.00001463574441
Caudoputamen',235,335,1,35,35.1,1286,Caudoputamen,0,168,0.8243266346,3.52E+02,-8,0.6140677752,0.3191059159,1,0.6513062968,0.4231992418,0.5808923505,0.4245810056,0.05190744215,0.000009999900001,0.00001463574441
Caudoputamen',235,336,1,35,35.1,1287,Caudoputamen,0,1974,0.9166249353,3.32E+02,-28,8.134291752,3.749494512,1,7.521954833,11.2730251,7.641116516,0.9944134078,0.4252657911,0.000009999900001,0.00001463574441
Primary somatosensory area nose layer 6a',12,337,1,35,35.1,1288,Somatosensory,6,2473,0.9013882523,3.42E+02,-18,7.41430872,4.693516179,0,7.22017908,8.409426048,7.108293595,0.9888268156,0.6088180113,0.000009999900001,0.00001463574441
Caudoputamen',91,13,2,35,35.2,1289,Caudoputamen,0,567,0.8174749387,3.52E+02,-8,0.9183626998,4.035458802,0,0.8915344849,1.553499302,0.9897055447,1,0.4731774415,0.000009999900001,0.00001463574441
Caudoputamen',91,18,2,35,35.2,1290,Caudoputamen,0,88,0.8011979447,3.50E+02,-10,0.1529769473,0.6274211565,0,0.08877051685,1.672999248,0.1638358396,0.72,0.1017881706,0.000009999900001,0.00001463574441
Caudoputamen',90,21,2,35,35.2,1291,Caudoputamen,0,167,0.8858626492,3.53E+02,-7,0.08216665726,1.19067424,0,0.05500290848,0.7252410534,0.1075376676,0.8,0.1774415406,0.000009999900001,0.00001463574441
Caudoputamen',24,27,2,35,35.2,1292,Caudoputamen,0,115,0.8624864127,4.920305301,4.920305301,0.1015392838,0.8199253749,0,0.01862440256,2.064464589,0.1179813865,0.62,0.1306740028,0.000009999900001,0.00001463574441
Primary somatosensory area mouth layer 6b',20,42,2,35,35.2,1293,Somatosensory,6,367,0.5603247259,3.24E+02,-36,3.87385728,2.616631414,1,3.604605164,10.24815057,3.845083553,0.98,0.2407152682,0.000009999900001,0.00001463574441
Primary somatosensory area mouth layer 6b',83,43,2,35,35.2,1294,Somatosensory,6,24,0.7579735008,3.34E+02,-26,0.1743536386,0.1711148609,0,0.1758004353,0.1401033853,0.1742795584,0.32,0.02888583219,0.000009999900001,0.00001463574441
Primary somatosensory area mouth layer 6b',82,46,2,35,35.2,1295,Somatosensory,6,445,0.6312534631,3.26E+02,-34,3.739417932,3.172754712,1,3.582499564,7.454324236,3.726449434,0.98,0.2998624484,0.000009999900001,0.00001463574441
Primary somatosensory area mouth layer 6b',81,49,2,35,35.2,1296,Somatosensory,6,48,0.3792076169,2.63E+02,-97,0.3361818721,0.3422297217,0,0.3475974944,0.06593100485,0.3363203838,0.5,0.02200825309,0.0013399866,0.001783743251
Primary somatosensory area mouth layer 6b',81,51,2,35,35.2,1297,Somatosensory,6,20,0.1891197472,3.45E+02,-15,0.602722492,0.1425957174,0,0.5665647693,1.458723482,0.5921914958,0.18,0.006877579092,0.6024239758,0.6333752309
Primary somatosensory area mouth layer 6b',48,52,2,35,35.2,1298,Somatosensory,6,634,0.3423911622,2.61E+02,-99,5.331981436,4.520284241,1,5.041469118,12.20959796,5.313405151,1,0.2049518569,0.000009999900001,0.00001463574441
Primary somatosensory area mouth layer 6a',79,53,2,35,35.2,1299,Somatosensory,6,69,0.7089319807,3.51E+02,-9,0.2044146107,0.4919552249,0,0.2123530011,0.01648275121,0.2109957575,0.62,0.06877579092,0.000009999900001,0.00001463574441
Primary somatosensory area mouth layer 6a',79,54,2,35,35.2,1300,Somatosensory,6,181,0.6772431317,3.55E+02,-5,0.9357312615,1.290491242,0,0.9698614116,0.1277413219,0.9438510916,0.82,0.1705639615,0.000009999900001,0.00001463574441
Primary somatosensory area mouth layer 6b',48,55,2,35,35.2,1301,Somatosensory,6,94,0.6730628641,3.31E+02,-29,0.9315561264,0.6701998717,0,0.9604621804,0.2472412682,0.9255745836,0.56,0.09078404402,0.000009999900001,0.00001463574441
Primary somatosensory area mouth layer 6a',17,57,2,35,35.2,1302,Somatosensory,6,263,0.552439235,4.252440687,4.252440687,1.619785384,1.875133683,0,1.660008665,0.6634307363,1.62546693,0.92,0.2585969739,0.000009999900001,0.00001463574441
Primary somatosensory area mouth layer 6a',47,64,2,35,35.2,1303,Somatosensory,6,19,0.5075812855,3.55E+02,-5,0.09886719736,0.1354659315,0,0.1023471841,0.01648275121,0.09970487846,0.3,0.01650618982,0.006869931301,0.008862014532
Primary somatosensory area mouth layer 6a',111,69,2,35,35.2,1304,Somatosensory,6,43,0.7172908899,3.32E+02,-28,0.3002757109,0.3065807924,0,0.3119152278,0.02472412682,0.3004201002,0.6,0.04401650619,0.000009999900001,0.00001463574441
Primary somatosensory area mouth layer 6a',15,72,2,35,35.2,1305,Somatosensory,6,66,0.6639764466,3.19E+02,-41,0.2610294417,0.4705658673,0,0.2718814653,0.004120687803,0.2658252815,0.66,0.06052269601,0.000009999900001,0.00001463574441
Primary somatosensory area mouth layer 6a',111,73,2,35,35.2,1306,Somatosensory,6,226,0.2608096131,2.90E+02,-70,2.02443947,1.611331606,1,2.049206461,1.438120043,2.014985007,0.84,0.09766162311,0.0000199998,0.00002885868577
Primary somatosensory area mouth layer 6a',111,74,2,35,35.2,1307,Somatosensory,6,170,0.2354172542,3.28E+02,-32,2.910069111,1.212063598,0,3.011931419,0.4986032242,2.87120677,0.72,0.08528198074,0.007649923501,0.009817547207
Primary somatosensory area mouth layer 6a',14,78,2,35,35.2,1308,Somatosensory,6,115,0.7712799001,3.38E+02,-22,0.2605284255,0.812795589,0,0.2581307382,0.3172929608,0.2731685213,0.84,0.1292984869,0.000009999900001,0.00001463574441
Primary somatosensory area mouth layer 6a',110,80,2,35,35.2,1309,Somatosensory,6,8,0.5847835851,3.11E+02,-49,0.09469206233,0.05703828695,0,0.09816974805,0.01236206341,0.0938302866,0.12,0.004126547455,0.1057689423,0.1233838905
Primary somatosensory area mouth layer 6a',76,81,2,35,35.2,1310,Somatosensory,6,8,0.4865725329,46.69040809,46.69040809,0.0891808841,0.05703828695,0,0.09190359392,0.02472412682,0.08844524406,0.14,0.008253094911,0.2199478005,0.2479231342
Primary somatosensory area mouth layer 6a',76,83,2,35,35.2,1311,Somatosensory,6,39,0.3434049322,3.11E+02,-49,0.2677096577,0.2780616489,0,0.2715333457,0.1771895755,0.2679466619,0.38,0.02613480055,0.013299867,0.01680965784
Primary somatosensory area mouth layer 6a',76,85,2,35,35.2,1312,Somatosensory,6,67,0.6784237166,3.13E+02,-47,0.3102960349,0.4776956532,0,0.3220106984,0.03296550243,0.3141274812,0.66,0.05777166437,0.000009999900001,0.00001463574441
Primary somatosensory area mouth layer 6a',76,86,2,35,35.2,1313,Somatosensory,6,74,0.8590828832,3.51E+02,-9,0.1618282335,0.5204743684,0,0.165530905,0.07417238046,0.1700367976,0.76,0.09628610729,0.000009999900001,0.00001463574441
Primary somatosensory area mouth layer 6a',8,102,2,35,35.2,1314,Somatosensory,6,494,0.6906007182,3.27E+02,-33,3.093441042,3.522114219,0,3.142302237,1.936723268,3.103253148,0.98,0.4456671252,0.000009999900001,0.00001463574441
Primary somatosensory area mouth layer 6a',8,103,2,35,35.2,1315,Somatosensory,6,898,0.503935452,3.07E+02,-53,6.881624551,6.40254771,0,6.888069928,6.729083183,6.870661543,1,0.522696011,0.000009999900001,0.00001463574441
Primary somatosensory area mouth layer 6a',107,105,2,35,35.2,1316,Somatosensory,6,1238,0.5882038297,3.27E+02,-33,7.553988295,8.81954512,0,7.450457262,10.00502999,7.582955805,1,0.8266850069,0.000009999900001,0.00001463574441
Primary somatosensory area mouth layer 5',6,115,2,35,35.2,1317,Somatosensory,5,225,0.6032831133,3.44E+02,-16,3.333260797,1.60420182,0,3.349259383,2.954533155,3.293687834,0.94,0.22696011,0.000009999900001,0.00001463574441
Primary somatosensory area unassigned layer 5',41,121,2,35,35.2,1318,Somatosensory,5,166,0.5914179208,3.42E+02,-18,1.239514086,1.183544454,0,1.219811337,1.705964751,1.238233417,0.86,0.1430536451,0.000009999900001,0.00001463574441
Primary somatosensory area unassigned layer 5',5,123,2,35,35.2,1319,Somatosensory,5,424,0.3626460598,3.06E+02,-54,4.214214287,3.023029208,1,3.842719021,13.00901139,4.186952163,0.96,0.2159559835,0.000009999900001,0.00001463574441
Caudoputamen',160,182,2,35,35.2,1320,Caudoputamen,0,1066,0.8162443447,3.51E+02,-9,2.79500239,7.578962378,0,2.799404358,2.690809136,2.904496124,1,0.6231086657,0.000009999900001,0.00001463574441
Caudoputamen',225,187,2,35,35.2,1321,Caudoputamen,0,326,0.817169088,3.54E+02,-6,0.2737218521,2.324310193,0,0.2831953547,0.04944825364,0.3206548055,0.94,0.3191196699,0.000009999900001,0.00001463574441
Caudoputamen',225,189,2,35,35.2,1322,Caudoputamen,0,145,0.9026527091,3.52E+02,-8,0.1852089896,1.033818951,0,0.1898992821,0.07417238046,0.2046316163,0.78,0.1705639615,0.000009999900001,0.00001463574441
Caudoputamen',225,195,2,35,35.2,1323,Caudoputamen,0,154,0.7687286686,3.45E+02,-15,0.1822028924,1.097987024,0,0.1848515469,0.1194999463,0.2031629684,0.78,0.1623108666,0.000009999900001,0.00001463574441
Caudoputamen',224,196,2,35,35.2,1324,Caudoputamen,0,407,0.8416288327,3.55E+02,-5,0.1329362991,2.887563277,0,0.1375072712,0.02472412682,0.1959829117,0.98,0.3782668501,0.000009999900001,0.00001463574441
Caudoputamen',224,198,2,35,35.2,1325,Caudoputamen,0,75,0.7379911807,3.48E+02,-12,0.1608262011,0.5347339402,0,0.1592647508,0.1977930146,0.1693840652,0.68,0.08253094911,0.000009999900001,0.00001463574441
Caudoputamen',164,205,2,35,35.2,1326,Caudoputamen,0,253,0.8192201648,3.46E+02,-14,0.08617478688,1.796706039,0,0.08668179881,0.07417238046,0.1253246263,0.9,0.2709766162,0.000009999900001,0.00001463574441
Caudoputamen',164,209,2,35,35.2,1327,Caudoputamen,0,214,0.8307300994,3.50E+02,-10,0.114565705,1.51864439,0,0.1173163301,0.04944825364,0.1467016133,0.82,0.2255845942,0.000009999900001,0.00001463574441
Caudoputamen',164,210,2,35,35.2,1328,Caudoputamen,0,197,0.8135984288,3.51E+02,-9,0.1122276294,1.404567816,0,0.1133129539,0.08653444387,0.1418061201,0.82,0.2104539202,0.000009999900001,0.00001463574441
Caudoputamen',164,211,2,35,35.2,1329,Caudoputamen,0,243,0.8284999961,3.52E+02,-8,0.1085535106,1.732537966,0,0.04856269451,1.528775175,0.1457225147,0.86,0.2462173315,0.000009999900001,0.00001463574441
Caudoputamen',164,212,2,35,35.2,1330,Caudoputamen,0,251,0.8060123073,3.53E+02,-7,0.1519749149,1.789576253,0,0.1500395795,0.1977930146,0.1894555874,0.9,0.2434662999,0.000009999900001,0.00001463574441
Caudoputamen',164,216,2,35,35.2,1331,Caudoputamen,0,348,0.7822485529,3.54E+02,-6,0.4764664089,2.481165482,0,0.4435044646,1.25680978,0.5223491259,0.96,0.3177441541,0.000009999900001,0.00001463574441
Caudoputamen',164,217,2,35,35.2,1332,Caudoputamen,0,406,0.7469790042,3.50E+02,-10,0.4108332863,2.894693063,0,0.390764334,0.8859478777,0.467682785,0.9,0.3796423659,0.000009999900001,0.00001463574441
Caudoputamen',227,223,2,35,35.2,1333,Caudoputamen,0,291,0.8030982329,3.52E+02,-8,0.2593593877,2.067637902,0,0.25621608,0.3337757121,0.3007464664,0.96,0.2778541953,0.000009999900001,0.00001463574441
Caudoputamen',227,227,2,35,35.2,1334,Caudoputamen,0,252,0.8439437362,3.53E+02,-7,0.2778969872,1.796706039,0,0.2885912097,0.02472412682,0.3126588333,0.88,0.2627235213,0.000009999900001,0.00001463574441
Caudoputamen',168,237,2,35,35.2,1335,Caudoputamen,0,815,0.704830693,4.173515173,4.173515173,0.812648281,5.803645697,0,0.7670817015,1.891395702,0.9268800485,0.96,0.5433287483,0.000009999900001,0.00001463574441
Caudoputamen',230,238,2,35,35.2,1336,Caudoputamen,0,466,0.8205919217,3.60E+02,0,0.4170124861,3.315350429,0,0.4309721563,0.08653444387,0.4833483633,0.9,0.4030261348,0.000009999900001,0.00001463574441
Caudoputamen',168,241,2,35,35.2,1337,Caudoputamen,0,584,0.7527987221,1.167066492,1.167066492,1.070003604,4.163794947,0,1.107542743,0.1813102633,1.140813102,0.96,0.3823933975,0.000009999900001,0.00001463574441
Caudoputamen',169,251,2,35,35.2,1338,Caudoputamen,0,326,0.7490894616,11.11505336,11.11505336,0.07582045203,2.317180407,0,0.07902316598,0,0.1271196405,0.88,0.2847317744,0.000009999900001,0.00001463574441
Caudoputamen',234,254,2,35,35.2,1339,Caudoputamen,0,572,0.536478451,3.33E+02,-27,3.455508751,4.071107731,1,3.386856308,5.080808061,3.469599224,1,0.3645116919,0.000009999900001,0.00001463574441
Caudoputamen',171,259,2,35,35.2,1340,Caudoputamen,0,809,0.7177636667,3.52E+02,-8,4.505805717,5.767996768,0,4.475774648,5.216790759,4.534695364,0.98,0.4731774415,0.000009999900001,0.00001463574441
Caudoputamen',234,261,2,35,35.2,1341,Caudoputamen,0,434,0.8118518357,3.60E+02,0,0.6289423399,3.094327067,0,0.6111240876,1.05077539,0.6853690499,0.98,0.3837689133,0.000009999900001,0.00001463574441
Caudoputamen',171,262,2,35,35.2,1342,Caudoputamen,0,510,0.7523555725,5.829633578,5.829633578,0.7333207155,3.636190793,0,0.7388840079,0.6016204193,0.799760408,0.94,0.3810178817,0.000009999900001,0.00001463574441
Caudoputamen',235,264,2,35,35.2,1343,Caudoputamen,0,181,0.8309791119,6.071722183,6.071722183,0.07832553304,1.290491242,0,0.07954534549,0.04944825364,0.1060690196,0.78,0.1829436039,0.000009999900001,0.00001463574441
Caudoputamen',174,279,2,35,35.2,1344,Caudoputamen,0,276,0.772757779,0.03793329953,0.03793329953,0.4759653927,1.9678209,0,0.06788333642,10.136892,0.5101103929,0.8,0.2489683631,0.000009999900001,0.00001463574441
Caudoputamen',236,280,2,35,35.2,1345,Caudoputamen,0,211,0.7062111275,3.54E+02,-6,0.09886719736,1.504384818,0,0.05186983142,1.211482214,0.131036035,0.82,0.1953232462,0.000009999900001,0.00001463574441
Caudoputamen',208,300,2,35,35.2,1346,Caudoputamen,0,216,0.7323365236,2.487196994,2.487196994,0.3765971791,1.532903962,0,0.3902421545,0.05356894144,0.4030622746,0.78,0.2022008253,0.000009999900001,0.00001463574441
Primary somatosensory area upper limb layer 6b',241,307,2,35,35.2,1347,Somatosensory,6,211,0.4966294294,3.35E+02,-25,1.644168172,1.504384818,0,1.694472513,0.4532756584,1.640969325,0.96,0.1526822558,0.000009999900001,0.00001463574441
Primary somatosensory area upper limb layer 6b',209,308,2,35,35.2,1348,Somatosensory,6,88,0.4065856294,3.20E+02,-40,1.498706468,0.6274211565,1,1.429727501,3.13172273,1.478765317,0.68,0.05364511692,0.000009999900001,0.00001463574441
Primary somatosensory area upper limb layer 6b',179,315,2,35,35.2,1349,Somatosensory,6,11,0.6211353548,6.551136473,6.551136473,0.2249562751,0.07842764456,0,0.2297589848,0.1112585707,0.2216026595,0.18,0.01237964237,0.0108598914,0.01381888951
Primary somatosensory area upper limb layer 6b',145,318,2,35,35.2,1350,Somatosensory,6,27,0.4243786939,3.15E+02,-45,0.5041893054,0.1925042185,0,0.2405506947,6.745565934,0.4970557443,0.36,0.02063273728,0.006759932401,0.008730124976
Primary somatosensory area upper limb layer 6a',245,329,2,35,35.2,1351,Somatosensory,6,45,0.662494022,3.13E+02,-47,0.1766917142,0.3208403641,0,0.18154441,0.06181031705,0.1799909672,0.48,0.03301237964,0.000009999900001,0.00001463574441
Primary somatosensory area upper limb layer 6a',247,336,2,35,35.2,1352,Somatosensory,6,145,0.6639256445,3.34E+02,-26,0.7384978829,1.033818951,0,0.7468907604,0.5398101022,0.7452572503,0.82,0.1403026135,0.000009999900001,0.00001463574441
Primary somatosensory area upper limb layer 6a',212,337,2,35,35.2,1353,Somatosensory,6,31,0.3849222923,2.99E+02,-61,0.1788627844,0.2210233619,0,0.1829368887,0.08241375606,0.1798277841,0.4,0.01925722146,0.0184298157,0.02297093862
Primary somatosensory area upper limb layer 6a',187,347,2,35,35.2,1354,Somatosensory,6,340,0.5076405928,3.46E+02,-14,3.846134384,2.424127195,0,3.553605632,10.77147792,3.813589214,0.98,0.2558459422,0.000009999900001,0.00001463574441
Primary somatosensory area upper limb layer 6a',187,349,2,35,35.2,1355,Somatosensory,6,1130,0.5809140359,3.14E+02,-46,6.500852237,8.056658032,0,6.218113616,13.19444235,6.536462539,1,0.6850068776,0.000009999900001,0.00001463574441
Primary somatosensory area upper limb layer 6a',187,352,2,35,35.2,1356,Somatosensory,6,1221,0.5845757143,3.25E+02,-35,6.797954845,8.705468546,0,6.632201968,10.72202966,6.841614949,1,0.6616231087,0.000009999900001,0.00001463574441
Primary somatosensory area upper limb layer 6a',214,357,2,35,35.2,1357,Somatosensory,6,1124,0.2742126693,3.01E+02,-59,16.83464543,8.013879316,0,16.75604427,18.69556056,16.63276456,1,0.4649243466,0.000009999900001,0.00001463574441
Primary somatosensory area upper limb layer 6a',251,358,2,35,35.2,1358,Somatosensory,6,450,0.4355490426,3.02E+02,-58,4.527683425,3.208403641,0,4.385089473,7.903479207,4.497489616,0.98,0.2599724897,0.000009999900001,0.00001463574441
Primary somatosensory area upper limb layer 6a',150,370,2,35,35.2,1359,Somatosensory,6,451,0.6487154632,3.41E+02,-19,3.233057557,3.215533427,0,3.226547198,3.387205374,3.232657352,1,0.4277854195,0.000009999900001,0.00001463574441
Primary somatosensory area upper limb layer 5',191,375,2,35,35.2,1360,Somatosensory,5,178,0.6136040857,3.23E+02,-37,1.160854542,1.269101885,0,1.139395693,1.66887856,1.163332371,0.9,0.1334250344,0.000009999900001,0.00001463574441
Primary somatosensory area upper limb layer 5',254,376,2,35,35.2,1361,Somatosensory,5,491,0.4592852852,3.31E+02,-29,4.266987994,3.500724862,0,4.049502107,9.41577163,4.249451293,1,0.3204951857,0.000009999900001,0.00001463574441
Primary somatosensory area upper limb layer 5',191,378,2,35,35.2,1362,Somatosensory,5,712,0.5749699394,3.34E+02,-26,3.785344418,5.076407539,0,3.59781683,8.224892855,3.814894678,0.98,0.4855570839,0.000009999900001,0.00001463574441
Primary somatosensory area upper limb layer 4',155,419,2,35,35.2,1363,Somatosensory,4,117,0.8575734289,3.49E+02,-11,0.3939657408,0.8341849466,0,0.3952898898,0.3626205267,0.4040413732,0.84,0.1403026135,0.000009999900001,0.00001463574441
Primary somatosensory area mouth layer 6a',76,445,2,35,35.2,1364,Somatosensory,6,168,0.5579923354,3.16E+02,-44,0.601887465,1.197804026,0,0.6264413532,0.02060343902,0.6155266801,0.82,0.1169188446,0.000009999900001,0.00001463574441
Primary somatosensory area mouth layer 6a',47,446,2,35,35.2,1365,Somatosensory,6,50,0.7550757331,3.31E+02,-29,0.3495423042,0.3564892934,0,0.3618704011,0.05768962925,0.3497013986,0.58,0.0522696011,0.000009999900001,0.00001463574441
Caudoputamen',225,449,2,35,35.2,1366,Caudoputamen,0,114,0.8956240194,3.52E+02,-8,0.1950623083,0.812795589,0,0.1965135559,0.1607068243,0.2092007433,0.72,0.1375515818,0.000009999900001,0.00001463574441
Caudoputamen',225,450,2,35,35.2,1367,Caudoputamen,0,250,0.8360003931,3.44E+02,-16,0.08383671127,1.782446467,0,0.05918034457,0.6675514241,0.1227136966,0.92,0.2737276479,0.000009999900001,0.00001463574441
Caudoputamen',224,451,2,35,35.2,1368,Caudoputamen,0,456,0.8035040063,3.43E+02,-17,0.5233949265,3.24405257,0,0.4494224991,2.274619667,0.5856641715,1,0.4126547455,0.000009999900001,0.00001463574441
Caudoputamen',226,452,2,35,35.2,1369,Caudoputamen,0,769,0.8068838672,3.57E+02,-3,1.218471405,5.482805333,0,0.9340050852,7.95292746,1.316071759,0.96,0.5185694635,0.000009999900001,0.00001463574441
Caudoputamen',228,453,2,35,35.2,1370,Caudoputamen,0,377,0.8276532761,1.082512566,1.082512566,0.5337492614,2.687929273,0,0.5435888709,0.3008102096,0.5830532418,0.98,0.3617606602,0.000009999900001,0.00001463574441
Caudoputamen',226,454,2,35,35.2,1371,Caudoputamen,0,1009,0.7692344768,3.54E+02,-6,1.829043151,7.186824156,0,1.615101227,6.893910695,1.951669961,1,0.6258596974,0.000009999900001,0.00001463574441
Primary somatosensory area upper limb layer 5',189,455,2,35,35.2,1372,Somatosensory,5,1701,0.425161053,3.22E+02,-38,20.53849121,12.12776576,0,20.50738187,21.27511113,20.34599616,1,0.7702888583,0.000009999900001,0.00001463574441
Field CA1',87,15,1,36,36.1,1373,Hipp,0,24707,0.04051400092,2.46E+02,-114,37.78485437,29.94928153,1,36.00420139,44.09265921,36.45678574,1,0.8084093614,0.000009999900001,0.00001463574441
Field CA1',22,24,1,36,36.1,1374,Hipp,0,183,0.06615682705,2.82E+02,-78,0.5232331388,0.221864491,0,0.4364953094,0.8305374341,0.47215991,0.3504273504,0.01269337564,0.5722542775,0.6044788262
Field CA1',82,33,1,36,36.1,1375,Hipp,0,5908,0.1199800107,2.13E+02,-147,9.96097357,7.162707174,1,7.557776705,18.47524341,9.486756904,0.9572649573,0.213804046,0.000009999900001,0.00001463574441
Field CA1',81,38,1,36,36.1,1376,Hipp,0,10537,0.05885400346,2.31E+02,-129,15.49833875,12.77357528,1,9.96103867,35.11633649,15.03658777,1,0.4867116224,0.000009999900001,0.00001463574441
Field CA1',111,43,1,36,36.1,1377,Hipp,0,1964,0.08639578484,4.997559399,4.997559399,2.734418857,2.381103062,1,2.401675863,3.91330358,2.674545496,0.9957264957,0.1509321698,0.0000199998,0.00002885868577
Field CA1',110,51,1,36,36.1,1378,Hipp,0,1343,0.2017997996,2.98E+02,-62,0.3923630062,1.628218642,0,0.4758306425,0.09665252955,0.601808693,0.8760683761,0.1152320508,0.000009999900001,0.00001463574441
Field CA1',76,52,1,36,36.1,1379,Hipp,0,828,0.3794560485,3.45E+02,-15,1.986554187,1.003845894,0,2.099047574,1.588023538,1.820014135,0.8333333333,0.09222530742,0.000009999900001,0.00001463574441
Field CA1',76,54,1,36,36.1,1380,Hipp,0,994,0.6397457973,3.60E+02,0,1.578358121,1.205100022,0,1.197824337,2.926548685,1.51510321,0.8974358974,0.1497421658,0.000009999900001,0.00001463574441
Field CA1',76,55,1,36,36.1,1381,Hipp,0,2117,0.3732808368,3.22E+02,-38,2.621608308,2.564171576,0,2.396917556,3.417678399,2.611878493,0.9871794872,0.2110273701,0.000009999900001,0.00001463574441
Field CA1',13,58,1,36,36.1,1382,Hipp,0,2259,0.1460996461,1.61E+02,161,2.283918836,2.738753471,0,1.563896712,4.834874211,2.361005016,0.9658119658,0.1330821103,0.000009999900001,0.00001463574441
Field CA1',45,64,1,36,36.1,1383,Hipp,0,372,0.2140947497,2.34E+02,-126,2.187436129,0.4510032276,0,2.768065458,0.1303685282,1.893159883,0.3803418803,0.01765172551,0.000009999900001,0.00001463574441
Field CA1',74,66,1,36,36.1,1384,Hipp,0,705,0.2107091933,2.81E+02,-79,1.833171422,0.8547238587,0,1.48871547,3.053545614,1.667353207,0.8247863248,0.05969853233,0.000009999900001,0.00001463574441
Field CA1',74,67,1,36,36.1,1385,Hipp,0,1035,0.3527684089,14.96643812,14.96643812,2.069925141,1.254807367,0,1.803715355,3.013086415,1.931787413,0.8547008547,0.1201904006,0.000009999900001,0.00001463574441
Field CA1',74,68,1,36,36.1,1386,Hipp,0,2710,0.3155118863,3.48E+02,-12,6.942549208,3.285534265,0,6.314272626,9.168503908,6.32279239,0.9829059829,0.28401428,0.000009999900001,0.00001463574441
Field CA1',11,70,1,36,36.1,1387,Hipp,0,1306,0.7596175768,2.627411842,2.627411842,1.012821026,1.582148419,0,0.756887942,1.919564191,1.109308683,0.9572649573,0.1854422848,0.000009999900001,0.00001463574441
Lateral visual area layer 6b',44,76,1,36,36.1,1388,Visual,6,147,0.707503878,4.903212931,4.903212931,0.1684736489,0.1782190174,0,0.1230815262,0.3292929204,0.1701255028,0.358974359,0.02479174931,0.000009999900001,0.00001463574441
Lateral visual area layer 6b',44,78,1,36,36.1,1389,Visual,6,1008,0.3303665851,3.53E+02,-7,1.954145893,1.222073262,0,1.931237968,2.035322454,1.830081949,0.7393162393,0.1191987307,0.000009999900001,0.00001463574441
Lateral visual area layer 6b',44,79,1,36,36.1,1390,Visual,6,731,0.3383659154,3.59E+02,-1,2.169129154,0.8862455897,0,1.326298611,5.155176198,1.951717574,0.7820512821,0.08349861166,0.000009999900001,0.00001463574441
Lateral visual area layer 6b',10,80,1,36,36.1,1391,Visual,6,7329,0.2822741024,3.57E+02,-3,8.333137138,8.881853885,0,8.542746135,7.590595169,8.426143564,0.9957264957,0.5987703292,0.000009999900001,0.00001463574441
Lateral visual area layer 6b',72,88,1,36,36.1,1392,Visual,6,7053,0.3310783814,3.55E+02,-5,9.748711616,8.55087571,0,9.544528247,10.47106532,9.545520061,1,0.6094803649,0.000009999900001,0.00001463574441
Lateral visual area layer 6a',71,90,1,36,36.1,1393,Visual,6,1777,0.3533004084,3.47E+02,-13,3.267547658,2.154389074,0,2.98440979,4.270693166,3.078901763,0.9273504274,0.1969456565,0.000009999900001,0.00001463574441
Lateral visual area layer 6b',43,91,1,36,36.1,1394,Visual,6,2644,0.4758690003,3.44E+02,-16,3.286102025,3.203092815,0,3.181086455,3.65706199,3.271833946,0.9871794872,0.321102737,0.000009999900001,0.00001463574441
Lateral visual area layer 6b',43,92,1,36,36.1,1395,Visual,6,2504,0.4636988045,3.57E+02,-3,2.644368331,3.034572792,0,3.033261736,1.266597684,2.710501973,0.9444444444,0.2899642999,0.000009999900001,0.00001463574441
Lateral visual area layer 6b',43,93,1,36,36.1,1396,Visual,6,596,0.3467872505,0.3719562096,0.3719562096,1.09297589,0.7225750635,0,1.190528267,0.7473713041,1.030204434,0.7735042735,0.06882189607,0.000009999900001,0.00001463574441
Lateral visual area layer 6a',71,95,1,36,36.1,1397,Visual,6,1175,0.4297763569,18.0414603,18.0414603,1.633773829,1.424539765,0,1.732340759,1.28457955,1.598316771,0.8205128205,0.143593812,0.000009999900001,0.00001463574441
Lateral visual area layer 6a',8,100,1,36,36.1,1398,Visual,6,4071,0.2223295144,3.34E+02,-26,6.537816624,4.935575644,0,5.609408834,9.827089749,6.266289354,0.9957264957,0.3349861166,0.000009999900001,0.00001463574441
Lateral visual area layer 6b',43,101,1,36,36.1,1399,Visual,6,2756,0.3385353226,9.308291826,9.308291826,5.793168043,3.340091108,0,5.777852881,5.847478038,5.377445242,0.9658119658,0.2998809996,0.000009999900001,0.00001463574441
Lateral visual area layer 6a',7,104,1,36,36.1,1400,Visual,6,981,0.2796444945,3.60E+02,0,2.302720594,1.189339157,0,1.949002312,3.555913994,2.114035385,0.7777777778,0.1039270131,0.000009999900001,0.00001463574441
Lateral visual area layer 6a',70,105,1,36,36.1,1401,Visual,6,565,0.2767558468,2.99E+02,-61,0.7565233751,0.6849914612,0,0.6414197061,1.164325821,0.7444018077,0.4957264957,0.04859182864,0.000009999900001,0.00001463574441
Lateral visual area layer 6a',7,108,1,36,36.1,1402,Visual,6,1428,0.4817264259,3.49E+02,-11,1.882897125,1.731270454,0,1.936947935,1.691419267,1.857203406,0.9615384615,0.1846489488,0.000009999900001,0.00001463574441
Lateral visual area layer 6a',42,116,1,36,36.1,1403,Visual,6,1416,0.436375596,3.47E+02,-13,2.604785682,1.715509589,0,1.786268232,5.504698718,2.454080925,0.9444444444,0.1719555732,0.000009999900001,0.00001463574441
Lateral visual area layer 6a',6,119,1,36,36.1,1404,Visual,6,5037,0.3659409024,9.381421952,9.381421952,5.703364909,6.103092064,0,5.425420986,6.688130271,5.771117299,0.9487179487,0.5182467275,0.000009999900001,0.00001463574441
Primary visual area layer 6a',5,121,1,36,36.1,1405,Visual,6,5827,0.1520202813,3.10E+02,-50,10.49286541,7.062080109,0,11.45958797,7.06799719,9.911454265,0.9957264957,0.4176913923,0.000009999900001,0.00001463574441
Primary visual area layer 5',4,128,1,36,36.1,1406,Visual,5,3089,0.3157889815,3.34E+02,-26,4.660609504,3.738962242,0,4.96196194,3.593001593,4.504421979,0.9786324786,0.2804442681,0.000009999900001,0.00001463574441
Primary visual area layer 6a',41,131,1,36,36.1,1407,Visual,6,1182,0.7427099052,3.47E+02,-13,0.5046787722,1.430601636,0,0.5341992013,0.4000965177,0.6615991777,0.8675213675,0.1384371281,0.000009999900001,0.00001463574441
Primary visual area layer 5',4,132,1,36,36.1,1408,Visual,5,1764,0.8149523417,2.777985167,2.777985167,0.7204042081,2.133778711,0,0.7940027321,0.4596614487,0.9599352044,0.8931623932,0.2118207061,0.000009999900001,0.00001463574441
Primary visual area layer 5',66,139,1,36,36.1,1409,Visual,5,1135,0.8205359034,3.53E+02,-7,0.3990425782,1.373620045,0,0.4479152448,0.2258971912,0.5642084913,0.905982906,0.1699722332,0.000009999900001,0.00001463574441
Primary visual area layer 5',66,140,1,36,36.1,1410,Visual,5,595,0.6658187577,10.65278846,10.65278846,0.6662254576,0.720150315,0,0.674727851,0.6361085084,0.6753653717,0.6324786325,0.07298690996,0.000009999900001,0.00001463574441
Primary visual area layer 5',66,141,1,36,36.1,1411,Visual,5,1418,0.6427366456,13.93655683,13.93655683,0.7238676899,1.717934337,0,0.8308003018,0.3450270532,0.8923370275,0.9102564103,0.1745339151,0.000009999900001,0.00001463574441
Primary visual area layer 5',66,142,1,36,36.1,1412,Visual,5,893,0.6553117186,3.45E+02,-15,0.4096804151,1.080225473,0,0.416193202,0.3866101182,0.5233208402,0.9273504274,0.1283220944,0.000009999900001,0.00001463574441
Primary visual area layer 5',66,143,1,36,36.1,1413,Visual,5,1873,0.7344794176,3.58E+02,-2,1.289404785,2.268352255,0,1.305044842,1.234005552,1.455312725,0.9829059829,0.2711225704,0.000009999900001,0.00001463574441
Dentate gyrus molecular layer',227,213,1,36,36.1,1414,Hipp,0,555,0.1274284578,3.14E+02,-46,1.365353992,0.6716553443,1,1.479198857,0.962029829,1.247792486,0.5384615385,0.03788179294,0.0008799912001,0.001183309553
Field CA1',172,227,1,36,36.1,1415,Hipp,0,405,0.1579957783,3.08E+02,-52,1.012573635,0.4910115784,0,0.8555434952,1.568917805,0.9241841929,0.4871794872,0.03074176914,0.0002099979,0.0002912540191
Field CA1',235,231,1,36,36.1,1416,Hipp,0,51,0.03763640807,1.24E+02,124,0.2590189581,0.06183108765,0,0.3238820573,0.02922053219,0.2256012103,0.1025641026,0.001983339944,0.9588304117,0.9631089945
Field CA1',235,232,1,36,36.1,1417,Hipp,0,66,0.06957063417,2.78E+02,-82,0.3394212134,0.08001670167,0,0.3949394333,0.1427310611,0.2954595085,0.1538461538,0.004363347878,0.8374116259,0.8541067376
Field CA1',172,233,1,36,36.1,1418,Hipp,0,629,0.1298118406,3.49E+02,-11,1.812390532,0.7613710401,0,1.635271308,2.439914438,1.634273248,0.5256410256,0.0428401428,0.0006699933001,0.0009096229906
Field CA1',238,244,1,36,36.1,1419,Hipp,0,368,0.1735256372,3.21E+02,-39,0.7585025076,0.4449413562,1,0.7721145225,0.7102837055,0.7053633469,0.3205128205,0.02082506942,0.0015899841,0.002110291397
Field CA1',175,246,1,36,36.1,1420,Hipp,0,3848,0.08500527123,81.87350014,81.87350014,6.80450472,4.662791434,0,5.452384722,11.59380808,6.441346031,0.7777777778,0.1340737802,0.00004999950001,0.00007096398141
Field CA1',238,253,1,36,36.1,1421,Hipp,0,124,0.1118062739,2.81E+02,-79,0.2347745857,0.1503344092,0,0.2677340415,0.1180059954,0.2204645707,0.1196581197,0.006743355811,0.4781552184,0.5125368556
Field CA1',238,259,1,36,36.1,1422,Hipp,0,36,0.3468167421,3.47E+02,-13,0.3082498775,0.04364547364,0,0.2461630524,0.5282173126,0.2634068776,0.07264957265,0.002380007933,0.1362486375,0.1576031259
Field CA1',238,261,1,36,36.1,1423,Hipp,0,559,0.1177147157,2.77E+02,-83,2.214401809,0.6777172156,0,2.10348866,2.607370565,1.953977696,0.4914529915,0.02578341928,0.035499645,0.0433349788
Field CA1',238,264,1,36,36.1,1424,Hipp,0,4555,0.05380538054,1.30E+02,130,3.184176704,5.522364789,0,3.0513433,3.654814257,3.580443252,0.8632478632,0.1969456565,0.0005599944001,0.0007635053874
Field CA1',208,265,1,36,36.1,1425,Hipp,0,3220,0.02713640772,1.85E+02,-175,2.53279474,3.902632768,0,2.735708974,1.813920729,2.764950352,0.8760683761,0.1467671559,0.2831171688,0.3140940104
Field CA1',175,267,1,36,36.1,1426,Hipp,0,10048,0.04103847625,1.87E+02,-173,20.34003887,12.17708714,1,18.42384526,27.1290164,18.95666563,1,0.4446648155,0.0002299977,0.00031840395
Field CA1',208,271,1,36,36.1,1427,Hipp,0,645,0.203791591,2.61E+02,-99,2.099859519,0.7819814027,0,1.285059955,4.986596205,1.876517171,0.7393162393,0.04105513685,0.000009999900001,0.00001463574441
Field CA1',176,272,1,36,36.1,1428,Hipp,0,446,0.2281339817,3.38E+02,-22,2.030837275,0.5395065491,0,1.654938975,3.362608935,1.778099156,0.4401709402,0.02518841729,0.000009999900001,0.00001463574441
Field CA1',239,274,1,36,36.1,1429,Hipp,0,2114,0.06625680704,1.67E+02,167,0.9601266249,2.561746828,0,1.093141596,0.4888819809,1.231560705,0.6153846154,0.0787385958,0.0181898181,0.02268436595
Field CA1',176,276,1,36,36.1,1430,Hipp,0,11310,0.04829234671,2.65E+02,-95,22.25732342,13.70831584,1,20.33858776,29.0553238,20.80852693,1,0.500396668,0.000009999900001,0.00001463574441
Field CA1',144,279,1,36,36.1,1431,Hipp,0,2564,0.06588662433,3.53E+02,-7,4.870644935,3.108527622,0,3.849787118,8.486316868,4.57181469,0.8846153846,0.1146370488,0.009209907901,0.01175921877
Field CA1',240,282,1,36,36.1,1432,Hipp,0,3437,0.1431931845,1.60E+02,160,3.902106997,4.166930358,0,3.155708821,6.546523077,3.946993852,0.9273504274,0.1312971043,0.000009999900001,0.00001463574441
Field CA1',209,292,1,36,36.1,1433,Hipp,0,2493,0.1390271077,2.94E+02,-66,6.35425209,3.020024301,1,4.108321767,14.31131757,5.78919827,0.9914529915,0.1622372075,0.000009999900001,0.00001463574441
Field CA1',178,293,1,36,36.1,1434,Hipp,0,1828,0.1254386765,1.35E+02,135,0.7255994308,2.216220161,0,0.8977338122,0.1157582621,0.9782216413,0.6581196581,0.08508528362,0.000009999900001,0.00001463574441
Field CA1',145,299,1,36,36.1,1435,Hipp,0,59,0.3059844458,2.87E+02,-73,0.1862858409,0.07153008179,0,0.2382325417,0.002247733245,0.1668380535,0.07692307692,0.002181673939,0.1571684283,0.1808722557
Field CA1',145,302,1,36,36.1,1436,Hipp,0,1287,0.09663586953,3.18E+02,-42,4.925071077,1.560325683,0,3.18457588,11.0914397,4.354843034,0.5769230769,0.04065846886,0.015799842,0.0198246624
Field CA1',210,304,1,36,36.1,1437,Hipp,0,8512,0.1651624945,1.31E+02,131,5.886929442,10.31851739,0,5.379424024,7.683876099,6.637771129,1,0.2550575169,0.000009999900001,0.00001463574441
Field CA1',147,315,1,36,36.1,1438,Hipp,0,3235,0.1360735302,3.59E+02,-1,5.755317135,3.920818382,0,5.03619152,8.303126608,5.444427022,0.9914529915,0.2923443078,0.000009999900001,0.00001463574441
Field CA1',183,316,1,36,36.1,1439,Hipp,0,2119,0.09335949091,3.31E+02,-29,3.120349683,2.569021073,0,3.078307036,3.269328005,3.026918971,0.8846153846,0.1600555335,0.0000299997,0.00004295758569
Primary visual area layer 6b',186,326,1,36,36.1,1440,Visual,6,15195,0.2498966624,4.286560008,4.286560008,16.79566006,18.41838987,1,9.739936031,41.7932281,17.07069704,1,0.6656088854,0.000009999900001,0.00001463574441
Primary visual area layer 6b',250,330,1,36,36.1,1441,Visual,6,10105,0.1565212941,6.896792623,6.896792623,15.59556363,12.24376773,0,15.16123315,17.13334666,15.02734182,1,0.7084490282,0.000009999900001,0.00001463574441
Primary visual area layer 6a',150,335,1,36,36.1,1442,Visual,6,9724,0.083521593,18.67376587,18.67376587,12.8923161,11.787915,0,12.31132482,14.95079768,12.7051698,1,0.6193970647,0.000009999900001,0.00001463574441
Primary visual area layer 6a',251,336,1,36,36.1,1443,Visual,6,8384,0.1032251286,3.58E+02,-2,13.41752838,10.15484687,0,13.20874141,14.15734785,12.86461109,1,0.6235620785,0.000009999900001,0.00001463574441
Primary visual area layer 6a',188,340,1,36,36.1,1444,Visual,6,11950,0.1457391726,14.65917757,14.65917757,17.88888334,14.47938588,0,17.17272789,20.42627587,17.31109178,1,0.8008726696,0.000009999900001,0.00001463574441
Primary visual area layer 5',255,353,1,36,36.1,1445,Visual,5,4105,0.08492861046,71.27432404,71.27432404,5.378292405,4.975583995,0,5.185919562,6.059888829,5.31005253,0.9957264957,0.250495835,0.000009999900001,0.00001463574441
Primary visual area layer 5',193,359,1,36,36.1,1446,Visual,5,2712,0.2182376107,2.89E+02,-71,3.913981791,3.287959014,1,3.674681442,4.76182288,3.807893652,0.9829059829,0.1941689806,0.000009999900001,0.00001463574441
Primary visual area layer 4',195,366,1,36,36.1,1447,Visual,4,222,0.07795634,53.01037077,53.01037077,0.231805887,0.2691470874,0,0.2521902405,0.1595890604,0.2381346108,0.4358974359,0.01705672352,0.3320666793,0.365516917
Primary visual area layer 4',195,367,1,36,36.1,1448,Visual,4,7689,0.160902643,2.84E+02,-76,6.883422626,9.321945744,1,6.368200099,8.708842459,7.296699254,1,0.3502578342,0.000009999900001,0.00001463574441
Primary visual area layer 4',218,368,1,36,36.1,1449,Visual,4,1286,0.03785283894,15.83232174,15.83232174,1.733472626,1.559113308,0,1.78468213,1.552059806,1.703926081,0.8504273504,0.08607695359,0.2186278137,0.2465587218
Primary visual area layer 4',134,375,1,36,36.1,1450,Visual,4,2127,0.1365040521,85.35097733,85.35097733,1.108314166,2.578720067,0,1.249214047,0.6091357095,1.357511108,0.9017094017,0.1178103927,0.000009999900001,0.00001463574441
Field CA1',85,402,1,36,36.1,1451,Hipp,0,159,0.01461221211,2.40E+02,-120,0.9442935654,0.1927675086,0,1.073156709,0.4877581142,0.8169311585,0.1709401709,0.008726695756,0.9845101549,0.985824003
Lateral visual area layer 6b',10,403,1,36,36.1,1452,Visual,6,1297,0.1324795028,3.32E+02,-28,3.059986144,1.572449425,0,2.775678748,4.067273307,2.807892659,0.9102564103,0.106902023,0.000009999900001,0.00001463574441
Primary visual area layer 5',4,405,1,36,36.1,1453,Visual,5,17292,0.4793851545,3.34E+02,-26,24.48557915,20.95225209,1,22.11153274,32.89557605,23.88660683,1,0.85700119,0.000009999900001,0.00001463574441
Field CA1',238,412,1,36,36.1,1454,Hipp,0,84,0.1461219966,2.82E+02,-78,0.378014296,0.1018394385,0,0.4390330728,0.1618367937,0.33121052,0.1923076923,0.005156683856,0.4343456565,0.4689266537
Field CA1',238,413,1,36,36.1,1455,Hipp,0,1496,0.05859923911,3.57E+02,-3,2.8239746,1.813711904,0,3.043095569,2.047684986,2.652766144,0.8034188034,0.08389527965,0.0414795852,0.05028031572
Field CA1',238,414,1,36,36.1,1456,Hipp,0,717,0.07953665995,1.95E+02,-165,1.453672777,0.8692723499,0,1.206706509,2.328651642,1.35463459,0.4230769231,0.03669178897,0.07175928241,0.08537534075
Field CA1',240,415,1,36,36.1,1457,Hipp,0,4464,0.08426730768,1.88E+02,-172,4.438204496,5.410826357,0,4.211735627,5.240590061,4.603045459,0.9743589744,0.2098373661,0.000009999900001,0.00001463574441
Field CA1',238,416,1,36,36.1,1458,Hipp,0,181,0.2283373434,4.565430696,4.565430696,0.8445947687,0.2194397425,0,0.8288969792,0.9002171647,0.7386487713,0.3333333333,0.01348671162,0.0011799882,0.001573550615
Prosubiculum',91,6,2,36,36.2,1459,Hipp,0,17,0.5373688076,40.59254585,40.59254585,1.085060734,0.9410271219,1,1.057253262,2.15754947,1.084654243,0.3636363636,0.07547169811,0.0204397956,0.02537781572
Prosubiculum',17,47,2,36,36.2,1460,Hipp,0,81,0.2253496255,95.95549822,95.95549822,3.078282047,4.483717463,0,3.049911227,4.17250228,3.082249244,1,0.1886792453,0.06885931141,0.08196843468
Prosubiculum',47,52,2,36,36.2,1461,Hipp,0,19,0.2391392751,2.58E+02,-102,1.593981638,1.051736195,0,1.554614003,3.112327109,1.592451173,0.5454545455,0.05660377358,0.3838861611,0.4180589012
Prosubiculum',79,54,2,36,36.2,1462,Hipp,0,79,0.2665261882,40.82377159,40.82377159,4.676807623,4.37300839,0,4.646963251,5.827863511,4.675950379,0.9090909091,0.2547169811,0.0167298327,0.02093321479
Prosubiculum',17,71,2,36,36.2,1463,Hipp,0,58,0.3327947661,1.51E+02,151,2.835259781,3.210563122,0,2.883856397,0.9609774939,2.836319284,0.6363636364,0.07547169811,0.05068949311,0.06098452645
Primary visual area layer 6b',15,74,2,36,36.2,1464,Visual,6,10,0.2001257027,2.01E+02,-159,0.4710025366,0.5535453658,1,0.3536501713,4.997082968,0.4712355512,0.3636363636,0.01886792453,0.8126218738,0.8314599263
Primary visual area layer 6b',15,77,2,36,36.2,1465,Visual,6,49,0.2350026462,3.06E+02,-54,1.643494879,2.712372292,0,1.559918756,4.866886018,1.646512016,0.7272727273,0.1509433962,0.1131288687,0.1315356836
Primary visual area layer 6b',111,78,2,36,36.2,1466,Visual,6,22,0.2253528947,3.60E+02,0,1.312100879,1.217799805,0,1.252564607,3.608315493,1.311834777,0.5454545455,0.04716981132,0.545804542,0.578712211
Primary visual area layer 6b',111,82,2,36,36.2,1467,Visual,6,80,0.1865116679,14.28143272,14.28143272,4.10207798,4.428362926,0,4.112147742,3.713713025,4.102999196,1,0.2830188679,0.1540184598,0.1774286351
Primary visual area layer 6a',12,93,2,36,36.2,1468,Visual,6,20,0.23446695,2.80E+02,-80,0.1711027179,1.107090732,0,0.1665370807,0.3471918688,0.1737446727,0.4545454545,0.06603773585,0.5686743133,0.600979286
Primary visual area layer 6a',12,96,2,36,36.2,1469,Visual,6,34,0.1149066657,1.79E+02,179,1.287657633,1.882054244,0,1.273783617,1.822757311,1.289335467,0.7272727273,0.1037735849,0.6541534585,0.6839291384
Primary visual area layer 6a',74,109,2,36,36.2,1470,Visual,6,260,0.02653850999,17.90121156,17.90121156,8.124088663,14.39217951,1,7.876110815,17.68818574,8.141781611,1,0.5094339623,0.8648113519,0.8776782476
Primary visual area layer 5',43,126,2,36,36.2,1471,Visual,5,21,0.1578227191,2.92E+02,-68,1.275906073,1.162445268,0,1.27989212,1.122173719,1.275585889,0.7272727273,0.06603773585,0.6045739543,0.6353389221
Primary visual area layer 5',43,127,2,36,36.2,1472,Visual,5,87,0.2947368689,86.03563915,86.03563915,4.401507737,4.760490146,0,4.366775865,5.741065544,4.402521262,1,0.1981132075,0.0257297427,0.03166629351
Primary visual area layer 5',8,129,2,36,36.2,1473,Visual,5,48,0.495465406,27.57110076,27.57110076,3.02547837,2.657017756,0,2.714265065,15.02844803,3.024438516,0.7272727273,0.1886792453,0.0008099919001,0.001092445636
Primary visual area layer 5',43,131,2,36,36.2,1474,Visual,5,340,0.03047744662,97.61196483,97.61196483,14.54764821,18.7651879,1,14.04039405,34.11160111,14.55955358,1,0.5754716981,0.8014319857,0.8207567788
Primary visual area layer 5',7,145,2,36,36.2,1475,Visual,5,99,0.07655238773,82.13610518,82.13610518,6.711394428,5.480099122,0,6.765488527,4.62509168,6.707919325,1,0.3396226415,0.4680753192,0.5026896678
Primary visual area layer 5',6,155,2,36,36.2,1476,Visual,5,47,0.273713337,13.43012765,13.43012765,4.346980497,2.601663219,0,4.373688119,3.316922318,4.342054366,0.7272727273,0.2075471698,0.0144198558,0.01815385649
Primary visual area layer 5',6,157,2,36,36.2,1477,Visual,5,88,0.02179346849,53.04858096,53.04858096,3.992396751,4.871199219,1,3.829227605,10.28555911,3.994877511,0.6363636364,0.2452830189,0.9510304897,0.9561275714
Primary visual area layer 5',69,158,2,36,36.2,1478,Visual,5,143,0.03992580793,50.3427824,50.3427824,7.717798052,7.915698731,0,7.688515474,8.847192799,7.718357094,1,0.3962264151,0.7219227808,0.7464621863
Primary visual area layer 5',69,161,2,36,36.2,1479,Visual,5,516,0.08716925209,2.46E+02,-114,25.92190507,28.56294088,1,25.75843173,32.22684525,25.92936122,1,0.6226415094,0.0469695303,0.05656950921
Primary visual area layer 5',5,166,2,36,36.2,1480,Visual,5,39,0.08262854694,3.32E+02,-28,1.554966458,2.158826927,0,1.540628746,2.107950632,1.55667102,0.5454545455,0.1320754717,0.731102689,0.7549138316
Primary visual area layer 5',67,174,2,36,36.2,1481,Visual,5,26,0.06715318602,1.22E+02,122,0.9666050061,1.439217951,0,0.9778427237,0.5331875127,0.9679390716,0.5454545455,0.07547169811,0.8765312347,0.8875716641
Primary visual area layer 4',66,180,2,36,36.2,1482,Visual,4,100,0.06392164097,1.11E+02,111,6.321712689,5.535453658,0,6.345448574,5.406273385,6.319493735,1,0.1603773585,0.8197318027,0.8379728828
Primary visual area layer 4',3,181,2,36,36.2,1483,Visual,4,164,0.08475171219,3.56E+02,-4,9.078472047,9.078143999,1,8.911823567,15.50583685,9.078471641,1,0.3018867925,0.4330656693,0.4677691083
Subiculum',168,264,2,36,36.2,1484,Hipp,0,136,0.0371289452,3.10E+02,-50,9.032249243,7.528216975,0,8.882727803,14.79905341,9.028004438,1,0.3396226415,0.8394316057,0.8557792321
Subiculum',234,274,2,36,36.2,1485,Hipp,0,118,0.01440150603,1.88E+02,-172,7.039341304,6.531835317,0,6.939420111,10.89314488,7.037909207,0.9090909091,0.3018867925,0.9801401986,0.9818849965
Subiculum',235,282,2,36,36.2,1486,Hipp,0,7,0.6038610241,1.65E+02,165,0.7270298636,0.3874817561,0,0.7373606072,0.3285923044,0.7260714876,0.3636363636,0,0.1322586774,0.1533029263
Subiculum',174,289,2,36,36.2,1487,Hipp,0,171,0.04131601145,3.47E+02,-13,10.39025955,9.465625755,0,10.54584811,4.389497198,10.38765025,1,0.4811320755,0.7604923951,0.7814826735
Subiculum',176,306,2,36,36.2,1488,Hipp,0,290,0.06769026085,3.41E+02,-19,16.80285097,16.05281561,0,16.7247596,19.81473594,16.80073486,1,0.6603773585,0.3032169678,0.3352364413
Subiculum',177,310,2,36,36.2,1489,Hipp,0,99,0.1459910643,1.56E+02,156,5.851180215,5.480099122,0,5.90322511,3.843909976,5.850133126,0.9090909091,0.2735849057,0.1603783962,0.1843778191
Subiculum',177,311,2,36,36.2,1490,Hipp,0,198,0.07298417596,1.01E+02,101,9.383699239,10.96019824,0,9.417543312,8.078410804,9.388149646,1,0.4811320755,0.3610263897,0.3943087837
Subiculum',178,319,2,36,36.2,1491,Hipp,0,70,0.1811213794,74.73213867,74.73213867,4.876740835,3.874817561,0,4.853205601,5.784464528,4.873913059,0.9090909091,0.1698113208,0.1919780802,0.2185655899
Subiculum',241,320,2,36,36.2,1492,Hipp,0,122,0.1020622633,48.95393827,48.95393827,7.339554498,6.753253463,0,7.24532751,10.97374299,7.337900009,1,0.3113207547,0.3416265837,0.3751226537
Subiculum',178,321,2,36,36.2,1493,Hipp,0,208,0.2117082581,1.27E+02,127,6.571942579,11.51374361,1,6.078121194,25.61780003,6.585891817,0.8181818182,0.2358490566,0.0340096599,0.04158378297
Subiculum',178,322,2,36,36.2,1494,Hipp,0,68,0.01924098938,1.48E+02,148,4.122290664,3.764108488,0,4.121149746,4.166302425,4.121279886,0.8181818182,0.1603773585,0.9857101429,0.9861882537
Subiculum',209,324,2,36,36.2,1495,Hipp,0,25,0.4830549546,68.10575658,68.10575658,2.063887363,1.383863415,0,2.058886997,2.256747147,2.061968027,0.5454545455,0.1037735849,0.0011299887,0.001507767969
Subiculum',145,335,2,36,36.2,1496,Hipp,0,225,0.1784419084,45.64098937,45.64098937,9.329172,12.45477073,0,9.449211077,4.699489938,9.337994933,1,0.3962264151,0.0108598914,0.01381888951
Subiculum',210,338,2,36,36.2,1497,Hipp,0,4,0.6071509554,6.399673327,6.399673327,0.4274434198,0.2214181463,1,0.4242194555,0.5517870771,0.4268619118,0.1818181818,0.01886792453,0.05831941681,0.06986535776
Primary visual area layer 6b',246,348,2,36,36.2,1498,Visual,6,10,0.142842079,1.01E+02,101,0.4963859069,0.5535453658,0,0.5050767447,0.1611962248,0.4965472751,0.3636363636,0.01886792453,0.7883221168,0.8076982635
Primary visual area layer 6b',183,349,2,36,36.2,1499,Visual,6,81,0.02082361397,3.02E+02,-58,6.592155263,4.483717463,1,6.5018584,10.07476405,6.586204307,0.9090909091,0.1603773585,0.953600464,0.9582833234
Primary visual area layer 6a',247,354,2,36,36.2,1500,Visual,6,77,0.08474109637,3.26E+02,-34,3.760655982,4.262299317,1,3.679890783,6.875638973,3.762072149,0.7272727273,0.1886792453,0.5297747023,0.5633079144
Primary visual area layer 6a',247,355,2,36,36.2,1501,Visual,6,27,0.2504766966,2.97E+02,-63,0.6754796858,1.494572488,0,0.683348581,0.371991288,0.6777917179,0.6363636364,0.1037735849,0.1354186458,0.1568042036
Primary visual area layer 6b',212,357,2,36,36.2,1502,Visual,6,47,0.04715258043,3.39E+02,-21,2.504179155,2.601663219,0,2.274292102,11.3705337,2.50445446,0.9090909091,0.1603773585,0.9086509135,0.9159754618
Primary visual area layer 6a',248,362,2,36,36.2,1503,Visual,6,39,0.1347433608,56.0838724,56.0838724,2.140350848,2.158826927,1,2.036221236,6.156455816,2.140403122,0.3636363636,0.1226415094,0.3463465365,0.379934724
Primary visual area layer 6a',249,364,2,36,36.2,1504,Visual,6,47,0.1563945109,21.62515798,21.62515798,0.8431352793,2.601663219,0,0.7785126271,3.335521882,0.848098996,0.7272727273,0.1698113208,0.2581574184,0.2881072627
Primary visual area layer 6a',249,369,2,36,36.2,1505,Visual,6,453,0.1157125657,2.90E+02,-70,23.47820728,25.07560507,1,22.82956531,48.49526424,23.48271749,1,0.5943396226,0.0129698703,0.01640178542
Primary visual area layer 6a',187,374,2,36,36.2,1506,Visual,6,8,0.6588447413,85.57656134,85.57656134,0.5642315816,0.4428362926,0,0.5687337755,0.3905908524,0.5638889603,0.4545454545,0,0.0253597464,0.03124509532
Primary visual area layer 6a',250,382,2,36,36.2,1507,Visual,6,314,0.1057601738,9.321420755,9.321420755,7.915380952,17.38132449,1,7.673083467,17.26039576,7.942100234,1,0.641509434,0.07544924551,0.08962335179
Primary visual area layer 5',251,385,2,36,36.2,1508,Visual,5,52,0.1084737942,1.75E+02,175,4.74261636,2.878435902,0,4.751611552,4.395697053,4.737354746,1,0.1320754717,0.6114738853,0.6422901147
Primary visual area layer 5',251,391,2,36,36.2,1509,Visual,5,13,0.2503456739,2.67E+02,-93,0.5839742029,0.7196089756,0,0.5896312856,0.3657914332,0.5843570828,0.4545454545,0.04716981132,0.4253257467,0.4600712426
Primary visual area layer 5',189,395,2,36,36.2,1510,Visual,5,89,0.1162103966,3.00E+02,-60,5.926076826,4.926553756,0,5.895669856,7.098833745,5.923255884,0.9090909091,0.3301886792,0.2125878741,0.2401080304
Primary visual area layer 5',150,401,2,36,36.2,1511,Visual,5,132,0.07672199552,2.69E+02,-91,7.897518581,7.306798829,0,7.86566206,9.126186265,7.895851652,1,0.4245283019,0.3258467415,0.3593733538
Primary visual area layer 5',189,402,2,36,36.2,1512,Visual,5,372,0.02346000046,2.30E+02,-130,17.38087105,20.59188761,1,17.23915985,22.84646494,17.38993555,1,0.5849056604,0.8429715703,0.8589990967
Primary visual area layer 5',253,406,2,36,36.2,1513,Visual,5,27,0.1254851884,3.16E+02,-44,2.497441594,1.494572488,0,2.522007972,1.5499637,2.494611012,0.6363636364,0.1132075472,0.6976730233,0.72438283
Primary visual area layer 5',254,409,2,36,36.2,1514,Visual,5,103,0.1332947344,2.55E+02,-105,5.691985745,5.701517268,1,5.282086809,21.50109644,5.692012975,0.9090909091,0.2452830189,0.1864581354,0.2125948513
Primary visual area layer 5',254,411,2,36,36.2,1515,Visual,5,146,0.0483062924,1.01E+02,101,7.515827902,8.081762341,0,7.39096708,12.3315112,7.517425755,1,0.3490566038,0.7145828542,0.7395521861
Primary visual area layer 5',216,414,2,36,36.2,1516,Visual,5,36,0.1428710237,62.48849137,62.48849137,4.352777933,1.992763317,1,4.301511334,6.33005175,4.346116742,0.7272727273,0.1320754717,0.5409945901,0.5744239727
Primary visual area layer 4',129,417,2,36,36.2,1517,Visual,4,79,0.05484275213,2.86E+02,-74,5.644666128,4.37300839,1,5.542662685,9.578775665,5.641077036,1,0.1603773585,0.8086619134,0.8277844325
Primary visual area layer 4',129,419,2,36,36.2,1518,Visual,4,80,0.2265928043,2.20E+02,-140,5.132768162,4.428362926,1,5.075844459,7.328228373,5.130780183,1,0.1886792453,0.05829941701,0.06986535776
Primary visual area layer 5',152,421,2,36,36.2,1519,Visual,5,257,0.02500455142,2.30E+02,-130,12.28649132,14.2261159,1,12.25671119,13.43508535,12.29196686,1,0.3773584906,0.8998610014,0.9075211085
Primary visual area layer 4',129,424,2,36,36.2,1520,Visual,4,195,0.01538698289,24.82486976,24.82486976,10.03708599,10.79413463,1,10.05170237,9.473378133,10.03922343,0.9090909091,0.358490566,0.9706602934,0.9741223007
Primary visual area layer 4',131,434,2,36,36.2,1521,Visual,4,2,0.6548607339,7.272727273,7.272727273,0.421175921,0.1107090732,0,0.4250232059,0.2727936112,0.420299613,0.1818181818,0.009433962264,0.5501844982,0.5825330693
Primary visual area layer 2/3',132,442,2,36,36.2,1522,Visual,2,46,0.3701505348,44.16880376,44.16880376,1.57345558,2.546308683,0,1.593997772,0.7811817047,1.576201671,0.6363636364,0.141509434,0.0103898961,0.01324329339
Primary visual area layer 2/3',133,448,2,36,36.2,1523,Visual,2,1,1,2.13E+02,-147,0.1800339037,0.05535453658,0,0.1811653378,0.1363968056,0.1796819907,0.09090909091,0,0.7799722003,0.7998712632
Primary visual area layer 2/3',154,451,2,36,36.2,1524,Visual,2,16,0.4326929487,1.10E+02,110,0.4542369773,0.8856725853,0,0.4616742236,0.1673960796,0.4554547851,0.5454545455,0.03773584906,0.0320296797,0.03924812684
Primary visual area layer 2/3',154,452,2,36,36.2,1525,Visual,2,53,0.04751980934,2.23E+02,-137,3.2639567,2.933790439,1,3.257761078,3.502917962,3.263024951,1,0.1603773585,0.8891711083,0.8983501637
Primary visual area layer 2/3',155,464,2,36,36.2,1526,Visual,2,5,0.3272656858,3.00E+02,-60,0.1419588484,0.2767726829,0,0.1449965702,0.0247994192,0.1423393857,0.2727272727,0.01886792453,0.3949860501,0.4293160786
Primary visual area layer 2/3',155,466,2,36,36.2,1527,Visual,2,11,0.2598610266,2.59E+02,-101,0.5101744043,0.6088999024,0,0.5060412451,0.6695843183,0.5104530988,0.4545454545,0.02830188679,0.5733442666,0.6053461276
Primary visual area layer 2/3',135,467,2,36,36.2,1528,Visual,2,16,0.235022287,90.37613054,90.37613054,0.2947291322,0.8856725853,0,0.2996381451,0.1053975316,0.296397162,0.5454545455,0.05660377358,0.3507464925,0.3840128184
Primary visual area layer 6b',246,499,2,36,36.2,1529,Visual,6,76,0.0767642542,85.19762115,85.19762115,4.786332164,4.20694478,0,4.60452523,11.79832368,4.784697044,0.8181818182,0.1981132075,0.663203368,0.6917844214
Primary visual area layer 5',251,500,2,36,36.2,1530,Visual,5,93,0.3097241419,61.03570738,61.03570738,3.875194523,5.147971902,0,3.742583313,8.989789459,3.878787321,0.8181818182,0.2358490566,0.003299967,0.004323763514
Prosubiculum',81,501,2,36,36.2,1531,Hipp,0,20,0.05446773812,2.71E+02,-89,0.3183889403,1.107090732,0,0.3231076565,0.1363968056,0.3206151695,0.2727272727,0.03773584906,0.9747602524,0.9769302441
Primary visual area layer 4',218,502,2,36,36.2,1532,Visual,4,85,0.1342222941,2.55E+02,-105,4.332095187,4.705135609,1,4.381082622,2.442742791,4.333148389,0.9090909091,0.1698113208,0.2253777462,0.2535358854
Primary visual area layer 6a',45,505,2,36,36.2,1533,Visual,6,132,0.081135419,1.49E+02,149,8.725298488,7.306798829,1,8.575534404,14.50146038,8.721295092,1,0.3113207547,0.4035459645,0.4381967999
Primary visual area layer 5',252,506,2,36,36.2,1534,Visual,5,77,0.1822214075,3.39E+02,-21,5.685718246,4.262299317,0,5.73926003,3.620715203,5.681700791,0.9090909091,0.2452830189,0.07795922041,0.09245848532
Subiculum',230,507,2,36,36.2,1535,Hipp,0,177,0.05550426332,1.91E+02,-169,10.19941421,9.797752975,0,9.984026586,18.50656658,10.19828106,1,0.4150943396,0.5059149409,0.540747641
Primary visual area layer 4',0,508,2,36,36.2,1536,Visual,4,35,0.3006291757,76.29320374,76.29320374,1.397652238,1.93740878,0,1.417172686,0.6447848991,1.399175849,0.8181818182,0.07547169811,0.1225587744,0.1423528386
Primary visual area layer 2/3',198,509,2,36,36.2,1537,Visual,2,67,0.1453574565,2.88E+02,-72,3.614153197,3.708753951,1,3.534411962,6.689643329,3.614420427,0.9090909091,0.1886792453,0.2318376816,0.2602826042
Prosubiculum',85,512,2,36,36.2,1538,Hipp,0,345,0.2036294334,2.20E+02,-140,21.04203049,19.04196058,1,21.41641137,6.602845361,21.03638624,0.9090909091,0.3113207547,0.007479925201,0.009615826172
Primary visual area layer 4',193,516,2,36,36.2,1539,Visual,4,43,0.08000612965,2.17E+02,-143,1.208530461,2.380245073,0,1.205304084,1.332968782,1.211837843,0.9090909091,0.08490566038,0.7833321667,0.8029511417
Prosubiculum',18,517,2,36,36.2,1540,Hipp,0,55,0.1055576799,2.20E+02,-140,2.921751264,3.044499512,0,2.957640683,1.53756399,2.922097904,0.7272727273,0.1226415094,0.5610643894,0.5932155662
Prosubiculum',83,518,2,36,36.2,1541,Hipp,0,5,0.775538423,7.119635347,7.119635347,0.5095476544,0.2767726829,0,0.5185797512,0.1611962248,0.5088906467,0.1818181818,0.03773584906,0.1822681773,0.2082668361
Prosubiculum',79,519,2,36,36.2,1542,Hipp,0,62,0.1120180476,1.42E+02,142,4.942236198,3.431981268,0,4.920559884,5.778264673,4.937973595,0.9090909091,0.1037735849,0.7052229478,0.730536979
Primary visual area layer 6b',111,520,2,36,36.2,1543,Visual,6,132,0.1332079042,3.42E+02,-18,4.775677416,7.306798829,0,4.813821832,3.304522608,4.782822102,0.9090909091,0.3113207547,0.2424875751,0.2714269178
Subiculum',235,523,2,36,36.2,1544,Hipp,0,269,0.1072788808,1.70E+02,170,3.900891268,14.89037034,1,3.408544651,22.88986392,3.931910692,0.8181818182,0.3301886792,0.3470465295,0.3805171641
Primary visual area layer 5',7,527,2,36,36.2,1545,Visual,5,62,0.1346963732,76.00829676,76.00829676,4.278351385,3.431981268,0,4.257305062,5.09008079,4.275962643,0.9090909091,0.2264150943,0.225797742,0.2538814772
Subiculum',238,528,2,36,36.2,1546,Hipp,0,192,0.1108296675,1.37E+02,137,10.28136176,10.62807102,0,10.26389247,10.95514343,10.28234098,1,0.358490566,0.1737082629,0.1989909923
Subiculum',239,529,2,36,36.2,1547,Hipp,0,65,0.177574782,1.05E+02,105,1.603539574,3.598044878,1,1.451733953,7.458425324,1.609169411,0.7272727273,0.1320754717,0.3384166158,0.3717793081
Primary visual area layer 6b',15,530,2,36,36.2,1548,Visual,6,56,0.2252238775,58.17466595,58.17466595,1.648508878,3.099854049,0,1.669871809,0.8245806883,1.652605579,0.6363636364,0.1320754717,0.2871671283,0.3181167352
Prosubiculum',20,533,2,36,36.2,1549,Hipp,0,303,0.1416144657,85.61887007,85.61887007,8.653692314,16.77242458,0,8.6711807,7.979213127,8.676608963,0.9090909091,0.5,0.0357696423,0.04359364636
Prosubiculum',17,538,2,36,36.2,1550,Hipp,0,58,0.1438301105,2.09E+02,-151,1.693478182,3.210563122,0,1.709577078,1.07257488,1.697760444,0.6363636364,0.1603773585,0.5160848392,0.5505720251
Prosubiculum',16,539,2,36,36.2,1551,Hipp,0,35,0.1927112625,2.35E+02,-125,2.033333306,1.93740878,0,2.037024987,1.890955714,2.033062663,0.4545454545,0.08490566038,0.4100258997,0.44458974
Primary visual area layer 6a',11,543,2,36,36.2,1552,Visual,6,236,0.07029034588,49.01758268,49.01758268,7.086974295,13.06367063,0,7.145662461,4.823487034,7.103844686,1,0.6226415094,0.2631073689,0.2931953898
Primary visual area layer 5',6,544,2,36,36.2,1553,Visual,5,194,0.09878075469,2.93E+02,-67,8.238157142,10.7387801,0,8.09328417,13.8256762,8.24521594,1,0.4905660377,0.1111288887,0.129277069
Primary visual area layer 5',5,547,2,36,36.2,1554,Visual,5,45,0.1292728256,2.11E+02,-149,2.272125011,2.490954146,0,2.295511112,1.370167911,2.272742814,1,0.1226415094,0.4946750532,0.5292364757
Subiculum',238,548,2,36,36.2,1555,Hipp,0,149,0.02703853096,1.84E+02,-176,8.356769557,8.247825951,0,8.199700722,14.41466241,8.356462529,1,0.4245283019,0.9095809042,0.9165025136
Primary visual area layer 5',252,549,2,36,36.2,1556,Visual,5,33,0.1160598708,2.01E+02,-159,2.560743332,1.826699707,0,2.588397754,1.494165007,2.558671547,0.8181818182,0.1037735849,0.6431135689,0.6733249505
Prosubiculum',17,550,2,36,36.2,1557,Hipp,0,45,0.1475273473,2.10E+02,-150,2.729809113,2.490954146,0,2.74609358,2.101750777,2.729135071,0.5454545455,0.06603773585,0.6880731193,0.715405354
Prosubiculum',16,552,2,36,36.2,1558,Hipp,0,8,0.5196618721,1.87E+02,-173,1.21417121,0.4428362926,0,1.212216337,1.289569798,1.211994088,0.3636363636,0.009433962264,0.7353826462,0.7589850236
Field CA1',79,28,1,37,37.1,1559,Hipp,0,739,0.02528648168,2.80E+02,-80,2.091350576,1.671516981,0,2.120108356,1.964657742,2.05268678,0.4752475248,0.06460562822,0.7580324197,0.7798587645
Field CA1',79,32,1,37,37.1,1560,Hipp,0,947,0.02979112694,3.37E+02,-23,4.186142759,2.141984548,1,3.471955432,7.332737734,3.997885598,0.9603960396,0.1165279429,0.5505644944,0.5826613431
Field CA1',111,38,1,37,37.1,1561,Hipp,0,57,0.1440714514,3.26E+02,-34,0.2549084465,0.1289262083,0,0.2798284034,0.145116765,0.2433060847,0.2277227723,0.007134363853,0.4357256427,0.470190998
Field CA1',111,39,1,37,37.1,1562,Hipp,0,15,0.1405185401,1.16E+02,116,0.1470713899,0.03392794955,0,0.1396326842,0.1798455635,0.1366513627,0.05940594059,0.001981767737,0.857501425,0.8714382427
Field CA1',76,46,1,37,37.1,1563,Hipp,0,1863,0.06012067567,66.02199423,66.02199423,6.242847812,4.213851334,0,6.196200362,6.448393688,6.055988438,0.9900990099,0.2219579865,0.007579924201,0.009733262622
Primary visual area layer 5',59,103,1,37,37.1,1564,Visual,5,371,0.4400509108,3.21E+02,-39,1.13068301,0.8391512856,1,0.4935001924,3.937997684,1.103834712,0.6237623762,0.06975822434,0.000009999900001,0.00001463574441
Dentate gyrus molecular layer',225,141,1,37,37.1,1565,Hipp,0,2151,0.08286920498,91.02514343,91.02514343,13.13432405,4.863006102,1,11.11628186,22.02550012,12.37257269,1,0.2080856124,0.0000399996,0.0000569867719
Dentate gyrus polymorph layer',233,155,1,37,37.1,1566,Hipp,0,441,0.04458114508,71.49162985,71.49162985,1.331672928,0.9974817168,1,1.50611867,0.5631026609,1.300895975,0.5247524752,0.03844629409,0.5990940091,0.6304631203
Dentate gyrus molecular layer',240,184,1,37,37.1,1567,Hipp,0,161,0.0708895565,2.55E+02,-105,0.8087779242,0.3641599918,0,0.796694549,0.8620183906,0.767830675,0.4554455446,0.02179944511,0.5214147859,0.5553866363
Dentate gyrus molecular layer',178,186,1,37,37.1,1568,Hipp,0,1949,0.3321161584,82.18211244,82.18211244,2.373791887,4.408371578,0,2.502972168,1.804657206,2.5611715,0.6831683168,0.1422909235,0.000009999900001,0.00001463574441
Prosubiculum',179,190,1,37,37.1,1569,Hipp,0,949,0.1679537838,93.35283108,93.35283108,1.595758996,2.144246412,0,1.469521394,2.151945191,1.646273962,0.3564356436,0.07728894174,0.000009999900001,0.00001463574441
Prosubiculum',179,195,1,37,37.1,1570,Hipp,0,63,0.1470178323,77.31597424,77.31597424,1.147891051,0.1424973881,1,0.8200605022,2.592256743,1.055298481,0.2673267327,0.007927070947,0.3173168268,0.3501373418
Prosubiculum',245,200,1,37,37.1,1571,Hipp,0,2574,0.05524312656,2.58E+02,-102,3.850700681,5.822036143,0,3.931392006,3.495205503,4.032256749,0.9900990099,0.3004359889,0.0000299997,0.00004295758569
Prosubiculum',183,204,1,37,37.1,1572,Hipp,0,2189,0.04452713257,2.49E+02,-111,3.826838864,4.948956908,0,3.111049986,6.980488493,3.930184847,0.9603960396,0.2282996433,0.0285797142,0.03509707402
Prosubiculum',249,211,1,37,37.1,1573,Hipp,0,105,0.1105768636,2.79E+02,-81,0.272804809,0.2374956469,0,0.2902445513,0.1959696485,0.2695531453,0.4752475248,0.01585414189,0.2818371816,0.3129824844
Prosubiculum',251,218,1,37,37.1,1574,Hipp,0,3672,0.7873705814,47.64366901,47.64366901,1.37021894,8.301038323,0,1.459386764,0.9773676141,2.008525059,0.9405940594,0.4347998415,0.000009999900001,0.00001463574441
Prosubiculum',252,222,1,37,37.1,1575,Hipp,0,2313,0.4392248264,22.3902386,22.3902386,4.339867925,5.227166094,1,3.779935587,6.8068445,4.421588146,0.9900990099,0.3836702338,0.000009999900001,0.00001463574441
Prosubiculum',252,224,1,37,37.1,1576,Hipp,0,60,0.6164914906,75.98310416,75.98310416,0.1904356531,0.1357117982,0,0.09768657545,0.5990717736,0.1853959036,0.198019802,0.007927070947,0.000009999900001,0.00001463574441
Prosubiculum',129,240,1,37,37.1,1577,Hipp,0,1936,0.1651560158,1.01E+02,101,6.415387103,4.378967355,0,6.105270207,7.781731486,6.227844191,0.9900990099,0.2199762188,0.000009999900001,0.00001463574441
Prosubiculum',152,246,1,37,37.1,1578,Hipp,0,262,0.1282367163,3.51E+02,-9,0.4168934718,0.5926081855,0,0.4166459126,0.4179858959,0.4330764984,0.4653465347,0.03963535474,0.0158198418,0.01983869855
Prosubiculum',192,248,1,37,37.1,1579,Hipp,0,1108,0.3371945621,76.54181611,76.54181611,2.029860509,2.50614454,0,2.104624893,1.700470811,2.07372609,0.9603960396,0.1411018629,0.000009999900001,0.00001463574441
Prosubiculum',192,250,1,37,37.1,1580,Hipp,0,2023,0.1739829568,85.87946464,85.87946464,5.52722275,4.575749463,0,5.119395892,7.324055535,5.439599136,0.9702970297,0.2179944511,0.000009999900001,0.00001463574441
Prosubiculum',193,253,1,37,37.1,1581,Hipp,0,560,0.08171038614,65.30155765,65.30155765,2.336622519,1.26664345,0,2.337439873,2.333031069,2.238082684,0.5742574257,0.07689258819,0.0150598494,0.01894897764
Prosubiculum',217,254,1,37,37.1,1582,Hipp,0,631,0.2310818973,48.4916764,48.4916764,2.006457574,1.427235744,0,2.079569835,1.684346726,1.953114598,0.8910891089,0.1034482759,0.000009999900001,0.00001463574441
Primary visual area layer 6a',196,274,1,37,37.1,1583,Visual,6,6706,0.09939926382,2.78E+02,-82,20.5447948,15.16579345,1,19.72536879,24.15511965,20.04942127,1,0.3610780816,0.000009999900001,0.00001463574441
Primary visual area layer 6a',197,278,1,37,37.1,1584,Visual,6,7169,0.1170756433,3.32E+02,-28,12.7933754,16.2107743,1,13.52269352,9.580187121,13.10811532,1,0.5001981768,0.000009999900001,0.00001463574441
Primary visual area layer 6a',155,284,1,37,37.1,1585,Visual,6,297,0.1278352735,38.20182651,38.20182651,0.6119179358,0.6717734011,0,0.630036184,0.5320948052,0.617430852,0.5247524752,0.04122076893,0.005619943801,0.00726622257
Primary visual area layer 4',223,307,1,37,37.1,1586,Visual,4,425,0.08764465126,1.12E+02,112,2.421515521,0.9612919039,1,1.981601742,4.359704522,2.287035535,0.8811881188,0.04954419342,0.05079949201,0.06108421822
Prosubiculum',131,310,1,37,37.1,1587,Hipp,0,7217,0.02003868237,41.6821383,41.6821383,21.60045075,16.31934373,1,15.90939896,46.67426483,21.1140937,1,0.4363852556,0.3382066179,0.3717300278
Primary visual area layer 6b',67,311,1,37,37.1,1588,Visual,6,3755,0.3462808173,4.709519463,4.709519463,10.75158398,8.491034841,0,9.236307936,17.42765526,10.54340255,1,0.63575109,0.000009999900001,0.00001463574441
Primary visual area layer 6a',155,312,1,37,37.1,1589,Visual,6,643,0.1647287852,75.24963589,75.24963589,1.113245529,1.454378104,0,0.9695462993,1.746362437,1.144663472,0.8316831683,0.06420927467,0.0000199998,0.00002885868577
Prosubiculum',111,31,2,37,37.2,1590,Hipp,0,205,0.0850438799,1.57E+02,157,0.7258820415,0.5734463032,0,0.6688489238,0.9697924379,0.7165717445,0.4814814815,0.02325581395,0.3718362816,0.405524937
Prosubiculum',14,33,2,37,37.2,1591,Hipp,0,351,0.1123081768,2.58E+02,-102,2.007139363,0.981851963,0,1.511252805,4.127859099,1.944516696,0.3580246914,0.03235591507,0.1001289987,0.1176973243
Prosubiculum',14,34,2,37,37.2,1592,Hipp,0,932,0.03858774303,1.17E+02,117,1.556397368,2.607082705,0,1.647088186,1.168551878,1.62057296,0.5061728395,0.1041456016,0.4316156838,0.4664267424
Prosubiculum',77,39,2,37,37.2,1593,Hipp,0,458,0.1365329199,75.54433936,75.54433936,0.5146137912,1.28116296,0,0.5691614709,0.281335826,0.5614341326,0.4074074074,0.06774519717,0.0010599894,0.00141772795
Prosubiculum',45,45,2,37,37.2,1594,Hipp,0,224,0.05039144551,72.27968969,72.27968969,1.012304286,0.6265949849,0,0.9353556954,1.341386174,0.9887459907,0.6790123457,0.0353892821,0.7294427056,0.7535454476
Primary visual area layer 5',60,84,2,37,37.2,1595,Visual,5,333,0.1023646268,90.57792878,90.57792878,1.160246652,0.9315005803,0,1.198045605,0.9985981538,1.146275592,0.8641975309,0.04550050556,0.045099549,0.05452152782
Primary visual area layer 2/3',56,93,2,37,37.2,1596,Visual,2,18,0.09444301273,2.00E+02,-160,0.1508539013,0.05035138272,0,0.1537970839,0.1382674367,0.1447153714,0.1481481481,0.00353892821,0.8540714593,0.868736943
Postsubiculum',232,122,2,37,37.2,1597,Hipp,0,113,0.03680374056,1.28E+02,128,2.52102527,0.3160947915,0,0.7310413212,10.17609926,2.386351348,0.4074074074,0.01718907988,0.8606613934,0.8742548721
Subiculum',235,126,2,37,37.2,1598,Hipp,0,233,0.1120475595,3.13E+02,-47,1.760750723,0.6517706763,0,1.981400387,0.8171221432,1.693016074,0.6172839506,0.03083923155,0.2246177538,0.2529337488
Subiculum',172,134,2,37,37.2,1599,Hipp,0,782,0.01934343315,2.82E+02,-78,2.569611509,2.187487849,0,2.581096753,2.520500148,2.546272939,0.8641975309,0.07381193124,0.890501095,0.8992902489
Subiculum',240,142,2,37,37.2,1600,Hipp,0,1409,0.1293163213,1.24E+02,124,4.36530065,3.941394347,0,3.815739329,6.715572584,4.339410864,0.8888888889,0.1683518706,0.000009999900001,0.00001463574441
Subiculum',240,143,2,37,37.2,1601,Hipp,0,1605,0.0862637577,1.16E+02,116,5.260051715,4.489664959,0,3.811473424,11.45507305,5.212999641,0.9012345679,0.2300303337,0.0000299997,0.00004295758569
Subiculum',241,148,2,37,37.2,1602,Hipp,0,1987,0.09764011729,2.61E+02,-99,6.726373472,5.555435893,0,4.949571845,14.32508255,6.654856806,0.8148148148,0.2330637007,0.000009999900001,0.00001463574441
Subiculum',241,152,2,37,37.2,1603,Hipp,0,4421,0.1136690098,1.15E+02,115,10.37834807,12.36685906,0,10.31450808,10.65139358,10.49980925,0.975308642,0.4544994944,0.000009999900001,0.00001463574441
Subiculum',242,154,2,37,37.2,1604,Hipp,0,1788,0.03988270534,1.92E+02,-168,4.315076673,5.001570683,0,3.726828898,6.830795448,4.357009074,0.7407407407,0.2027300303,0.1032689673,0.1206949353
Subiculum',145,155,2,37,37.2,1605,Hipp,0,1307,0.1222672716,1.71E+02,171,3.334981242,3.656069845,0,2.904856454,5.17446678,3.354594571,0.6419753086,0.1435793731,0.000009999900001,0.00001463574441
Subiculum',243,164,2,37,37.2,1606,Hipp,0,627,0.03394630596,2.14E+02,-146,2.620381398,1.753906498,0,1.751266064,6.337257515,2.567459133,0.5308641975,0.08442871587,0.5997340027,0.6308417009
Subiculum',211,170,2,37,37.2,1607,Hipp,0,4741,0.0581860276,2.79E+02,-81,38.09797991,13.26199475,1,23.57226575,1.00E+02,36.58103881,0.962962963,0.271991911,0.0340396596,0.04159786849
Primary visual area layer 6a',255,194,2,37,37.2,1608,Visual,6,4203,0.2556722427,57.1033112,57.1033112,14.4721481,11.75425057,0,14.19850188,15.64246397,14.30614814,1,0.611223458,0.000009999900001,0.00001463574441
Primary visual area layer 6a',255,195,2,37,37.2,1609,Visual,6,944,0.2525856654,1.23E+02,123,3.348083149,2.640650294,0,3.425970369,3.014998272,3.304875358,0.9259259259,0.1041456016,0.000009999900001,0.00001463574441
Primary visual area layer 6a',255,196,2,37,37.2,1610,Visual,6,864,0.1889855932,1.39E+02,139,2.696627218,2.416866371,0,3.074594549,1.080214349,2.679540932,0.9382716049,0.1172901921,0.000009999900001,0.00001463574441
Primary visual area layer 6a',129,201,2,37,37.2,1611,Visual,6,2038,0.2140322506,1.01E+02,101,7.226975502,5.698098144,0,6.921766859,8.532253072,7.133596441,0.987654321,0.2785642063,0.000009999900001,0.00001463574441
Primary visual area layer 6a',129,202,2,37,37.2,1612,Visual,6,2635,0.2171669715,82.00261074,82.00261074,10.56905361,7.37088297,1,8.95099028,17.48891036,10.37371722,1,0.2502527806,0.000009999900001,0.00001463574441
Primary visual area layer 5',155,218,2,37,37.2,1613,Visual,5,1206,0.03588533555,1.25E+02,125,4.05431233,3.373542642,1,4.290601858,3.043803988,4.012733426,0.9135802469,0.1107178969,0.4648753512,0.4994913679
Primary visual area layer 6b',254,239,2,37,37.2,1614,Visual,6,3999,0.2569283692,70.89992969,70.89992969,12.87881063,11.18639886,0,12.6326904,13.93140444,12.77544565,1,0.4868554095,0.000009999900001,0.00001463574441
Primary visual area layer 6b',254,240,2,37,37.2,1615,Visual,6,579,0.3033878277,68.48201039,68.48201039,2.62857009,1.619636144,0,1.951314534,5.524936324,2.566946564,0.9135802469,0.1006066734,0.000009999900001,0.00001463574441
Caudoputamen',89,17,1,38,38.1,1616,Caudoputamen,0,753,0.960666085,3.44E+02,-16,0.7783963293,3.414339379,0,0.2250048976,1.056222013,0.9031006664,0.9695121951,0.3428753181,0.000009999900001,0.00001463574441
Caudoputamen',89,20,1,38,38.1,1617,Caudoputamen,0,1849,0.9133917974,3.42E+02,-18,5.273370562,8.370345941,0,1.862016577,6.98601406,5.419891077,1,0.6113231552,0.000009999900001,0.00001463574441
Caudoputamen',23,24,1,38,38.1,1618,Caudoputamen,0,1033,0.5154599586,3.16E+02,-44,10.2078674,4.683947647,1,10.19393446,10.21488104,9.946549097,0.987804878,0.3530534351,0.000009999900001,0.00001463574441
Caudoputamen',85,25,1,38,38.1,1619,Caudoputamen,0,1027,0.9157381426,3.45E+02,-15,0.3589134362,4.647673125,0,0.6386366554,0.2184820431,0.5618101295,0.9512195122,0.4249363868,0.000009999900001,0.00001463574441
Caudoputamen',23,26,1,38,38.1,1620,Caudoputamen,0,2122,0.869106259,3.29E+02,-31,3.300472489,9.621816948,0,1.748166794,4.079797038,3.599531872,0.987804878,0.6628498728,0.000009999900001,0.00001463574441
Caudoputamen',85,27,1,38,38.1,1621,Caudoputamen,0,296,0.8309166868,3.32E+02,-28,3.146459446,1.342157312,1,2.687259091,3.377001859,3.061103684,0.5304878049,0.1539440204,0.000009999900001,0.00001463574441
Caudoputamen',22,33,1,38,38.1,1622,Caudoputamen,0,2351,0.1675981584,2.44E+02,-116,21.1178001,10.66017514,1,15.52466426,23.92547476,20.62287218,0.9634146341,0.3524173028,0.000009999900001,0.00001463574441
Caudoputamen',84,34,1,38,38.1,1623,Caudoputamen,0,618,0.1184420999,1.31E+02,131,10.25109913,2.802206821,1,9.197580438,10.77968756,9.898498135,0.8353658537,0.1386768448,0.0240897591,0.02969663074
Caudoputamen',21,39,1,38,38.1,1624,Caudoputamen,0,939,0.7677727455,3.52E+02,-8,9.25992162,4.257722014,1,8.91935582,9.430577849,9.023069674,0.8902439024,0.451653944,0.000009999900001,0.00001463574441
Primary somatosensory area mouth layer 6b',79,51,1,38,38.1,1625,Somatosensory,6,124,0.9337182138,5.25754584,5.25754584,0.443800742,0.5577207751,0,0.419694764,0.4559037061,0.4491906877,0.5487804878,0.08142493639,0.000009999900001,0.00001463574441
Primary somatosensory area mouth layer 6b',15,57,1,38,38.1,1626,Somatosensory,6,6742,0.8664332494,6.78443644,6.78443644,6.210508404,30.55675043,1,7.850245722,5.386969014,7.362093793,1,0.9828244275,0.000009999900001,0.00001463574441
Primary somatosensory area mouth layer 6b',78,58,1,38,38.1,1627,Somatosensory,6,3649,0.6811363077,2.81E+02,-79,11.0006743,16.5366477,0,10.29094256,11.35700775,11.26258772,1,0.6730279898,0.000009999900001,0.00001463574441
Primary somatosensory area mouth layer 6a',76,62,1,38,38.1,1628,Somatosensory,6,218,0.9734623434,3.48E+02,-12,2.602910491,0.9884807233,0,1.595917971,3.108465106,2.526536734,0.7317073171,0.1603053435,0.000009999900001,0.00001463574441
Primary somatosensory area mouth layer 6a',13,65,1,38,38.1,1629,Somatosensory,6,681,0.8711893978,3.59E+02,-1,3.921703462,3.074265736,1,5.77265559,2.992121727,3.881402246,0.9573170732,0.3937659033,0.000009999900001,0.00001463574441
Primary somatosensory area upper limb layer 4',37,113,1,38,38.1,1630,Somatosensory,4,165,0.9820491828,3.43E+02,-17,0.33684724,0.7436277001,0,0.163701168,0.4237739939,0.3560919492,0.6158536585,0.09796437659,0.000009999900001,0.00001463574441
Primary somatosensory area upper limb layer 4',37,114,1,38,38.1,1631,Somatosensory,4,401,0.9559000185,3.45E+02,-15,1.451190148,1.818260413,0,1.007806368,1.673788903,1.468557521,0.8719512195,0.2073791349,0.000009999900001,0.00001463574441
Caudoputamen',225,148,1,38,38.1,1632,Caudoputamen,0,516,0.9428083193,3.41E+02,-19,0.5631383337,2.335172351,0,0.2492569224,0.7207201763,0.6469718788,0.8902439024,0.2703562341,0.000009999900001,0.00001463574441
Caudoputamen',225,150,1,38,38.1,1633,Caudoputamen,0,252,0.9307055157,3.40E+02,-20,0.4613636328,1.142647442,0,0.5140081941,0.4349348413,0.4935949248,0.7317073171,0.1329516539,0.000009999900001,0.00001463574441
Caudoputamen',225,151,1,38,38.1,1634,Caudoputamen,0,980,0.8961573924,3.40E+02,-20,4.22725273,4.434560309,0,2.669070072,5.009529447,4.237065169,0.9695121951,0.4262086514,0.000009999900001,0.00001463574441
Caudoputamen',225,155,1,38,38.1,1635,Caudoputamen,0,308,0.9196070383,3.43E+02,-17,0.2364235307,1.396569095,0,0.374559051,0.1670745036,0.291308956,0.743902439,0.1603053435,0.000009999900001,0.00001463574441
Caudoputamen',230,181,1,38,38.1,1636,Caudoputamen,0,4419,0.3464954144,3.60E+02,0,12.81167855,20.02807043,1,12.7686911,12.83294527,13.15287823,0.993902439,0.6685750636,0.000009999900001,0.00001463574441
Caudoputamen',171,192,1,38,38.1,1637,Caudoputamen,0,929,0.6219380173,3.23E+02,-37,4.298404954,4.212378862,0,0.8494945384,6.029901466,4.294340199,0.8780487805,0.2868956743,0.000009999900001,0.00001463574441
Caudoputamen',234,197,1,38,38.1,1638,Caudoputamen,0,129,0.6631858195,3.35E+02,-25,0.5494032524,0.5849266665,1,0.483693163,0.58239331,0.5510844684,0.5182926829,0.06933842239,0.000009999900001,0.00001463574441
Caudoputamen',234,199,1,38,38.1,1639,Caudoputamen,0,2476,0.6228938225,3.27E+02,-33,11.37557447,11.21789591,1,8.091418637,13.02437071,11.36812822,1,0.7080152672,0.000009999900001,0.00001463574441
Caudoputamen',172,201,1,38,38.1,1640,Caudoputamen,0,609,0.5636189627,3.12E+02,-48,3.693385881,2.761397984,0,0.7039823891,5.194190741,3.64929894,0.8353658537,0.2162849873,0.000009999900001,0.00001463574441
Caudoputamen',235,205,1,38,38.1,1641,Caudoputamen,0,2257,0.6060816845,3.30E+02,-30,10.33463544,10.22941519,0,2.711511116,14.16176253,10.32966971,0.9817073171,0.5909669211,0.000009999900001,0.00001463574441
Caudoputamen',235,206,1,38,38.1,1642,Caudoputamen,0,1156,0.739550976,3.22E+02,-38,4.066034398,5.237134107,0,0.9721019975,5.619317564,4.121442542,0.9390243902,0.3848600509,0.000009999900001,0.00001463574441
Caudoputamen',235,207,1,38,38.1,1643,Caudoputamen,0,1587,0.6349983204,3.30E+02,-30,3.164697833,7.195958293,0,2.469664534,3.513637687,3.355415825,0.9634146341,0.4701017812,0.000009999900001,0.00001463574441
Caudoputamen',174,208,1,38,38.1,1644,Caudoputamen,0,282,0.7729378709,3.35E+02,-25,0.1992712616,1.278676899,0,0.2175945566,0.1900726134,0.2503369306,0.6890243902,0.1342239186,0.000009999900001,0.00001463574441
Caudoputamen',174,210,1,38,38.1,1645,Caudoputamen,0,304,0.971008448,3.36E+02,-24,0.1481587459,1.378431834,0,0.07275607466,0.1860141234,0.20636172,0.6951219512,0.1603053435,0.000009999900001,0.00001463574441
Caudoputamen',235,212,1,38,38.1,1646,Caudoputamen,0,697,0.6795450681,3.15E+02,-45,2.400937246,3.160417725,0,0.5854169341,3.312404227,2.436870207,0.8231707317,0.2245547074,0.000009999900001,0.00001463574441
Caudoputamen',238,215,1,38,38.1,1647,Caudoputamen,0,70,0.6424388891,3.47E+02,-13,0.4510060305,0.3174020671,1,0.5187238656,0.4170098439,0.4446859101,0.3231707317,0.04007633588,0.000009999900001,0.00001463574441
Primary motor area Layer 6b',145,235,1,38,38.1,1648,Somatosensory,6,66,0.9321841582,3.52E+02,-8,1.095879356,0.2992648061,1,0.8286108503,1.230060667,1.058193726,0.2804878049,0.06170483461,0.000009999900001,0.00001463574441
Primary motor area Layer 6b',145,239,1,38,38.1,1649,Somatosensory,6,103,0.8392458251,3.50E+02,-10,1.426421969,0.4670344702,0,1.123677153,1.578414389,1.381036126,0.4024390244,0.07061068702,0.000009999900001,0.00001463574441
Primary motor area Layer 6b',146,245,1,38,38.1,1650,Somatosensory,6,1827,0.9534146443,3.49E+02,-11,6.042985446,8.279659636,1,8.473388029,4.822500701,6.148592494,0.987804878,0.5407124682,0.000009999900001,0.00001463574441
Primary motor area Layer 6b',181,247,1,38,38.1,1651,Somatosensory,6,704,0.8745770741,3.40E+02,-20,11.98712334,3.192157932,1,5.360371167,15.31403547,11.57105773,0.8292682927,0.3358778626,0.000009999900001,0.00001463574441
Primary motor area Layer 6b',244,249,1,38,38.1,1652,Somatosensory,6,1073,0.9393277364,3.35E+02,-25,2.718195108,4.865320257,0,0.4985138449,3.83222915,2.819561795,0.987804878,0.4783715013,0.000009999900001,0.00001463574441
Primary motor area Layer 6b',244,250,1,38,38.1,1653,Somatosensory,6,495,0.7292844671,3.39E+02,-21,5.549648345,2.239951731,0,4.777648903,5.937232612,5.393076925,0.8841463415,0.2474554707,0.000009999900001,0.00001463574441
Primary motor area Layer 6a',253,291,1,38,38.1,1654,Somatosensory,6,291,0.803630047,3.27E+02,-33,4.90995382,1.319485736,1,3.726727824,5.503988808,4.740098676,0.5548780488,0.1316793893,0.000009999900001,0.00001463574441
Primary motor area Layer 5',192,302,1,38,38.1,1655,Somatosensory,5,303,0.9520331014,3.38E+02,-22,0.3413505453,1.373897519,0,0.2189418913,0.4028051291,0.3901995516,0.5365853659,0.1583969466,0.000009999900001,0.00001463574441
Primary motor area Layer 5',153,313,1,38,38.1,1656,Somatosensory,5,110,0.6294730682,3.55E+02,-5,0.3760259965,0.4987746769,1,0.1717851763,0.4785636084,0.3818335359,0.4573170732,0.0572519084,0.000009999900001,0.00001463574441
Caudoputamen',177,351,1,38,38.1,1657,Caudoputamen,0,3659,0.899874928,5.687540916,5.687540916,14.22436544,16.55478496,1,15.2329663,13.71803429,14.33463157,1,0.927480916,0.000009999900001,0.00001463574441
Primary motor area Layer 6b',210,352,1,38,38.1,1658,Somatosensory,6,50,0.9744620855,3.35E+02,-25,0.9474954451,0.2267157622,0,0.09835543426,1.373798853,0.913397301,0.243902439,0.03562340967,0.000009999900001,0.00001463574441
Caudoputamen',241,354,1,38,38.1,1659,Caudoputamen,0,369,0.9038281617,3.41E+02,-19,1.265203637,1.66862801,0,1.075846771,1.360270553,1.284290663,0.8292682927,0.2061068702,0.000009999900001,0.00001463574441
Primary motor area Layer 6a',252,355,1,38,38.1,1660,Somatosensory,6,656,0.8766471146,3.42E+02,-18,5.506416613,2.969976485,0,6.395797897,5.059922364,5.386427015,0.9756097561,0.3625954198,0.000009999900001,0.00001463574441
Primary somatosensory area upper limb layer 4',123,358,1,38,38.1,1661,Somatosensory,4,292,0.9617481796,3.44E+02,-16,0.7700652144,1.324020051,0,0.4143054252,0.9486720294,0.7962730816,0.8048780488,0.1603053435,0.000009999900001,0.00001463574441
Primary motor area Layer 5',217,360,1,38,38.1,1662,Somatosensory,5,2756,0.7374678771,3.56E+02,-4,4.915132621,12.47390124,1,1.874816257,6.44149999,5.272735007,1,0.6596692112,0.000009999900001,0.00001463574441
Primary somatosensory area mouth layer 6a',23,31,2,38,38.2,1663,Somatosensory,6,773,0.953054543,3.57E+02,-3,0.4171778855,1.912068749,0,0.1601598727,0.6675434002,0.5669239941,0.944,0.2710084034,0.000009999900001,0.00001463574441
Primary somatosensory area mouth layer 6a',22,40,2,38,38.2,1664,Somatosensory,6,465,0.9528507125,3.56E+02,-4,0.4617870059,1.150209532,0,0.321435842,0.5985059313,0.5307479,0.864,0.1831932773,0.000009999900001,0.00001463574441
Primary somatosensory area mouth layer 6a',83,49,2,38,38.2,1665,Somatosensory,6,434,0.5960584329,3.21E+02,-39,3.638396964,1.073528896,1,3.94930808,3.335542593,3.381473666,0.76,0.125210084,0.000009999900001,0.00001463574441
Primary somatosensory area mouth layer 6a',20,51,2,38,38.2,1666,Somatosensory,6,1168,0.9179087552,3.49E+02,-11,2.420457831,2.884181321,0,1.385075972,3.429042157,2.466912275,0.968,0.3882352941,0.000009999900001,0.00001463574441
Primary somatosensory area mouth layer 6a',79,57,2,38,38.2,1667,Somatosensory,6,52,0.520546543,3.14E+02,-46,0.9288059457,0.1286255821,0,1.079823532,0.7816998449,0.8486515208,0.248,0.01344537815,0.0000199998,0.00002885868577
Primary somatosensory area mouth layer 6a',47,63,2,38,38.2,1668,Somatosensory,6,269,0.3378868108,3.53E+02,-7,5.003656342,0.6653900303,0,4.88515514,5.11910114,4.569090232,0.576,0.06260504202,0.000009999900001,0.00001463574441
Primary somatosensory area mouth layer 6a',15,68,2,38,38.2,1669,Somatosensory,6,112,0.6145536384,3.45E+02,-15,4.255765162,0.2770397152,0,2.353847885,6.108456994,3.85721408,0.448,0.03655462185,0.000009999900001,0.00001463574441
Primary somatosensory area mouth layer 6a',111,69,2,38,38.2,1670,Somatosensory,6,287,0.8077005158,3.57E+02,-3,0.1979873925,0.7099142702,0,0.3649636123,0.03533413763,0.2492681547,0.712,0.1109243697,0.000009999900001,0.00001463574441
Primary somatosensory area mouth layer 6a',78,70,2,38,38.2,1671,Somatosensory,6,225,0.744565613,3.59E+02,-1,0.7462389899,0.5565529993,0,0.859952487,0.6354708753,0.7272386025,0.632,0.08613445378,0.000009999900001,0.00001463574441
Primary somatosensory area mouth layer 6a',111,73,2,38,38.2,1672,Somatosensory,6,78,0.8272296162,3.56E+02,-4,0.7564274927,0.1929383731,0,0.6289204756,0.8806354303,0.6999826413,0.4,0.03151260504,0.000009999900001,0.00001463574441
Primary somatosensory area mouth layer 6a',111,75,2,38,38.2,1673,Somatosensory,6,110,0.5332757574,3.46E+02,-14,5.014395574,0.2696190086,0,3.295833477,6.688480453,4.539108674,0.448,0.03445378151,0.000009999900001,0.00001463574441
Primary somatosensory area mouth layer 6a',76,83,2,38,38.2,1674,Somatosensory,6,138,0.9056711145,3.58E+02,-2,0.345032271,0.3413525062,0,0.6367331523,0.06088343716,0.3446640191,0.496,0.0474789916,0.000009999900001,0.00001463574441
Primary somatosensory area mouth layer 6a',76,84,2,38,38.2,1675,Somatosensory,6,524,0.5187475532,3.38E+02,-22,8.614792177,1.296150096,1,3.991161705,13.1187499,7.88168065,0.888,0.1285714286,0.000009999900001,0.00001463574441
Primary somatosensory area mouth layer 6a',76,86,2,38,38.2,1676,Somatosensory,6,1929,0.7585424043,2.25959777,2.25959777,11.35852845,4.761620105,1,15.4679838,7.354936649,10.69746923,0.992,0.5168067227,0.000009999900001,0.00001463574441
Primary somatosensory area mouth layer 6a',76,87,2,38,38.2,1677,Somatosensory,6,295,0.9107191548,1.114502561,1.114502561,0.1230881286,0.7297028213,0,0.2366124948,0.0125028487,0.1838538477,0.784,0.1163865546,0.000009999900001,0.00001463574441
Primary somatosensory area mouth layer 6a',76,90,2,38,38.2,1678,Somatosensory,6,769,0.7262456875,3.45E+02,-15,3.205247912,1.902174473,1,3.812028189,2.614182583,3.074720211,0.864,0.2445378151,0.000009999900001,0.00001463574441
Primary somatosensory area mouth layer 5',69,114,2,38,38.2,1679,Somatosensory,5,11992,0.6863295494,25.20054249,25.20054249,51.73914485,29.65067023,1,45.91510106,57.41253764,49.52655941,0.976,0.7651260504,0.000009999900001,0.00001463574441
Caudoputamen',227,223,2,38,38.2,1680,Caudoputamen,0,575,0.9253414969,2.782418402,2.782418402,1.138634031,1.41982854,0,1.372798909,0.9105335467,1.166802923,0.864,0.1983193277,0.000009999900001,0.00001463574441
Caudoputamen',165,226,2,38,38.2,1681,Caudoputamen,0,1070,0.9439736732,3.53E+02,-7,1.599870307,2.646718708,0,0.1975491112,2.965893153,1.704736486,0.976,0.356302521,0.000009999900001,0.00001463574441
Caudoputamen',168,233,2,38,38.2,1682,Caudoputamen,0,1583,0.7294312666,3.49E+02,-11,11.05838066,3.913185977,0,4.540281268,17.40777061,10.34264617,0.984,0.4096638655,0.000009999900001,0.00001463574441
Caudoputamen',169,242,2,38,38.2,1683,Caudoputamen,0,1336,0.9002971703,3.55E+02,-5,1.987859509,3.302214463,1,1.156276154,2.797920099,2.11952266,0.976,0.3617647059,0.000009999900001,0.00001463574441
Caudoputamen',170,247,2,38,38.2,1684,Caudoputamen,0,518,0.9606338264,3.55E+02,-5,0.009913137873,1.278835114,0,0.01506730509,0.004892419057,0.1370231507,0.944,0.1768907563,0.000009999900001,0.00001463574441
Caudoputamen',170,250,2,38,38.2,1685,Caudoputamen,0,602,0.9242879495,3.55E+02,-5,0.1641175048,1.4866149,0,0.2444251715,0.08588913456,0.2965944147,0.936,0.2210084034,0.000009999900001,0.00001463574441
Primary somatosensory area mouth layer 6b',175,271,2,38,38.2,1686,Somatosensory,6,1917,0.7548028264,3.02E+02,-58,2.453776989,4.741831554,1,3.46268993,1.47098733,2.682977713,0.952,0.3361344538,0.000009999900001,0.00001463574441
Primary somatosensory area mouth layer 6b',238,272,2,38,38.2,1687,Somatosensory,6,2201,0.8486068826,10.77778641,10.77778641,12.77528107,5.444325118,0,11.76700723,13.75748239,12.04094034,0.992,0.5554621849,0.000009999900001,0.00001463574441
Primary somatosensory area mouth layer 6b',144,285,2,38,38.2,1688,Somatosensory,6,3033,0.4283243824,3.42E+02,-18,5.950361008,7.502334431,0,5.9052675,5.994300549,6.105830883,0.968,0.4596638655,0.000009999900001,0.00001463574441
Primary somatosensory area mouth layer 6b',177,288,2,38,38.2,1689,Somatosensory,6,597,0.5768111838,3.31E+02,-29,1.485593856,1.474247056,1,1.671912817,1.30410148,1.484458762,0.776,0.174789916,0.000009999900001,0.00001463574441
Primary somatosensory area mouth layer 6b',177,289,2,38,38.2,1690,Somatosensory,6,559,0.7707698359,3.53E+02,-7,2.210905111,1.382725007,0,0.3526865489,4.021024863,2.127947229,0.792,0.1836134454,0.000009999900001,0.00001463574441
Primary somatosensory area mouth layer 6a',178,297,2,38,38.2,1691,Somatosensory,6,231,0.59594941,3.40E+02,-20,1.738378872,0.5713944126,1,1.794125403,1.68407936,1.621481913,0.704,0.07983193277,0.000009999900001,0.00001463574441
Primary somatosensory area mouth layer 6a',209,299,2,38,38.2,1692,Somatosensory,6,1153,0.9030298917,3.40E+02,-20,4.42841898,2.852024925,1,2.446483909,6.35905757,4.270513565,0.92,0.3655462185,0.000009999900001,0.00001463574441
Primary somatosensory area mouth layer 6a',145,300,2,38,38.2,1693,Somatosensory,6,508,0.5752539378,3.29E+02,-31,3.727064475,1.256572994,1,3.941495403,3.518192904,3.479595126,0.816,0.1449579832,0.000009999900001,0.00001463574441
Primary somatosensory area upper limb layer 6a',249,315,2,38,38.2,1694,Somatosensory,6,310,0.8512972945,3.32E+02,-28,2.994593733,0.7668063546,1,2.595482814,3.383379579,2.771435696,0.816,0.1176470588,0.000009999900001,0.00001463574441
Primary somatosensory area upper limb layer 5',150,321,2,38,38.2,1695,Somatosensory,5,1738,0.6771019533,3.04E+02,-56,12.0367523,4.299062724,0,10.43103951,13.60092498,11.26166763,0.84,0.3012605042,0.000009999900001,0.00001463574441
Primary somatosensory area upper limb layer 5',214,323,2,38,38.2,1696,Somatosensory,5,151,0.7961926302,3.43E+02,-17,3.674469772,0.3735089018,1,2.942030832,4.387956292,3.343810883,0.584,0.06260504202,0.000009999900001,0.00001463574441
Primary somatosensory area upper limb layer 5',251,324,2,38,38.2,1697,Somatosensory,5,3878,0.7346260144,3.30E+02,-30,13.25661899,9.585079432,1,7.591689574,18.77438633,12.88860073,0.976,0.7243697479,0.000009999900001,0.00001463574441
Primary somatosensory area upper limb layer 5',189,332,2,38,38.2,1698,Somatosensory,5,832,0.8966862251,3.43E+02,-17,0.135204186,2.058009313,0,0.1919686279,0.07990951127,0.3278148794,0.952,0.2819327731,0.000009999900001,0.00001463574441
Primary somatosensory area upper limb layer 5',151,343,2,38,38.2,1699,Somatosensory,5,826,0.837199264,3.51E+02,-9,2.286630469,2.040694331,0,1.81867953,2.74192908,2.261749221,0.96,0.2831932773,0.000009999900001,0.00001463574441
Primary somatosensory area upper limb layer 5',192,350,2,38,38.2,1700,Somatosensory,5,3313,0.7283102389,3.31E+02,-29,15.29459491,8.194933719,1,9.293178953,21.14014275,14.58317818,0.968,0.6470588235,0.000009999900001,0.00001463574441
Primary somatosensory area upper limb layer 4',195,363,2,38,38.2,1701,Somatosensory,4,1060,0.8591224673,3.38E+02,-22,4.200692174,2.621983019,0,1.502266123,6.829273402,4.042554617,0.752,0.3785714286,0.000009999900001,0.00001463574441
Primary somatosensory area upper limb layer 2/3',155,375,2,38,38.2,1702,Somatosensory,2,1266,0.8508573313,3.46E+02,-14,3.510352267,3.131538209,0,1.462644691,5.505058644,3.472409464,0.92,0.35,0.000009999900001,0.00001463574441
Primary somatosensory area mouth layer 6a',13,408,2,38,38.2,1703,Somatosensory,6,1095,0.1938480791,2.49E+02,-111,5.952288563,2.70855793,1,3.645729784,8.199150738,5.627364873,0.936,0.1113445378,0.000009999900001,0.00001463574441
Primary somatosensory area upper limb layer 5',150,409,2,38,38.2,1704,Somatosensory,5,2530,0.9547105992,3.42E+02,-18,1.930032871,6.255655712,0,1.131722027,2.707682147,2.363339622,0.976,0.6718487395,0.000009999900001,0.00001463574441
Primary somatosensory area mouth layer 6a',82,411,2,38,38.2,1705,Somatosensory,6,1518,0.9235173436,3.51E+02,-9,2.704909815,3.747456862,0,2.492243872,2.911532941,2.809098479,0.976,0.4819327731,0.000009999900001,0.00001463574441
Prosubiculum',20,36,1,39,39.1,1706,Hipp,0,564,0.07741302782,2.34E+02,-126,2.508616018,1.34605113,1,1.963848102,4.852096191,2.394264564,0.9411764706,0.07042253521,0.05341946581,0.06413184935
Prosubiculum',48,43,1,39,39.1,1707,Hipp,0,271,0.08518918835,1.17E+02,117,0.6865822977,0.6443861792,0,0.6915184085,0.6653514549,0.6824323058,0.4019607843,0.02779836916,0.2762072379,0.3070333297
Prosubiculum',48,45,1,39,39.1,1708,Hipp,0,375,0.04070965294,82.79419531,82.79419531,2.54897258,0.8949808045,0,2.264522232,3.772625573,2.386282899,0.5,0.03965900667,0.6966930331,0.7236991313
Prosubiculum',47,50,1,39,39.1,1709,Hipp,0,11730,0.08645318218,1.55E+02,155,29.10333055,27.99022633,1,25.03136194,46.62015495,28.99386543,1,0.5926612305,0.000009999900001,0.00001463574441
Prosubiculum',47,52,1,39,39.1,1710,Hipp,0,2359,0.05458329727,2.18E+02,-142,9.729576748,5.630025914,1,7.973480007,17.28395346,9.326340091,0.9901960784,0.2323943662,0.0155398446,0.01952019542
Prosubiculum',110,70,1,39,39.1,1711,Hipp,0,5046,0.006603814865,3.52E+02,-8,11.50083931,12.0428617,0,8.457703338,24.59177628,11.55416348,1,0.5118606375,0.8690613094,0.8811968502
Prosubiculum',110,71,1,39,39.1,1712,Hipp,0,2053,0.09708087503,27.86593454,27.86593454,11.96246631,4.899721577,1,10.99562403,16.12165901,11.26776258,1,0.2361008154,0.0000199998,0.00002885868577
Field CA1',8,86,1,39,39.1,1713,Hipp,0,1051,0.1385496195,14.22076632,14.22076632,2.697120221,2.508332868,1,2.265484902,4.553930393,2.678552669,0.9607843137,0.1553002224,0.000009999900001,0.00001463574441
Field CA1',107,89,1,39,39.1,1714,Hipp,0,419,0.2531296842,45.37485217,45.37485217,3.037417173,0.9999918855,0,3.160768596,2.506801332,2.837012183,0.8529411765,0.0785767235,0.000009999900001,0.00001463574441
Field CA1',68,99,1,39,39.1,1715,Hipp,0,19162,0.1219197603,34.59354977,34.59354977,62.79168736,45.71561949,1,62.70900716,63.14765074,61.11208295,1,0.8435878428,0.000009999900001,0.00001463574441
Field CA1',41,103,1,39,39.1,1716,Hipp,0,6231,0.135853934,21.99906372,21.99906372,18.03365555,14.86622782,0,17.4326817,20.61899312,17.72211202,1,0.7716827279,0.000009999900001,0.00001463574441
Field CA1',66,108,1,39,39.1,1717,Hipp,0,3787,0.181688744,41.45014387,41.45014387,11.55291229,9.033339586,0,11.87999746,10.14591949,11.3050886,1,0.5404002965,0.000009999900001,0.00001463574441
Subiculum',207,213,1,39,39.1,1718,Hipp,0,4022,0.1569962597,2.67E+02,-93,6.850721812,9.596580839,0,6.653337672,7.699855633,7.120818415,1,0.2883617494,0.000009999900001,0.00001463574441
Subiculum',208,217,1,39,39.1,1719,Hipp,0,2759,0.03278701257,80.70975873,80.70975873,6.236000232,6.58228549,0,5.742330358,8.3596855,6.270066892,1,0.2149740549,0.3305566944,0.3640328372
Subiculum',176,218,1,39,39.1,1720,Hipp,0,2093,0.1076878005,3.02E+02,-58,6.267504388,4.995186197,0,5.393843586,10.02582493,6.142360262,0.9705882353,0.2246108228,0.0000199998,0.00002885868577
Subiculum',208,221,1,39,39.1,1721,Hipp,0,6000,0.07557279798,1.20E+02,120,13.23877516,14.31730626,0,12.7836243,15.19679288,13.34487336,1,0.4925871016,0.000009999900001,0.00001463574441
Subiculum',176,222,1,39,39.1,1722,Hipp,0,4033,0.06159936258,1.36E+02,136,11.12331017,9.622833609,0,9.431605134,18.4006948,10.97572756,1,0.3658265382,0.0004399956,0.0006028180741
Subiculum',144,225,1,39,39.1,1723,Hipp,0,1470,0.1068489178,3.06E+02,-54,3.236075608,3.508324753,0,2.179807215,7.779918672,3.262857454,0.9607843137,0.204595997,0.000009999900001,0.00001463574441
Subiculum',177,226,1,39,39.1,1724,Hipp,0,6043,0.01971389251,1.74E+02,174,9.896210297,14.41993072,0,8.591193667,15.51014304,10.34118524,1,0.5963676798,0.1829381706,0.2088203966
Subiculum',144,228,1,39,39.1,1725,Hipp,0,2741,0.1000677358,3.00E+02,-60,5.97823896,6.541713027,0,5.500700027,8.031150964,6.033434018,0.9901960784,0.3009636768,0.000009999900001,0.00001463574441
Subiculum',144,232,1,39,39.1,1726,Hipp,0,574,0.08278087626,1.98E+02,-162,2.200083586,1.369917285,0,2.129106562,2.505420935,2.118427632,0.6862745098,0.04262416605,0.224797752,0.2530098699
Subiculum',177,236,1,39,39.1,1727,Hipp,0,858,0.10290654,1.09E+02,109,4.259049384,2.047716081,0,2.786931498,10.59178779,4.041539242,0.8333333333,0.09710896961,0.0001099989,0.0001536026823
Subiculum',144,237,1,39,39.1,1728,Hipp,0,4385,0.08517448711,3.00E+02,-60,11.04259705,10.46292226,0,10.35256004,14.01103167,10.98558727,1,0.3387694589,0.000009999900001,0.00001463574441
Subiculum',144,238,1,39,39.1,1729,Hipp,0,1282,0.06066231687,1.94E+02,-166,2.900465224,3.059641043,0,3.139268952,1.871818616,2.915889807,0.9411764706,0.137879911,0.05853941461,0.07009160759
Subiculum',241,240,1,39,39.1,1730,Hipp,0,902,0.546168298,30.89608687,30.89608687,2.519030615,2.150340546,0,2.330625615,3.329518069,2.482767137,0.9901960784,0.2272053373,0.000009999900001,0.00001463574441
Subiculum',209,241,1,39,39.1,1731,Hipp,0,1889,0.03919485484,71.53363853,71.53363853,3.735976257,4.508316639,0,3.632477209,4.181223147,3.811949013,0.9901960784,0.2349888807,0.1348286517,0.156201387
Subiculum',209,242,1,39,39.1,1732,Hipp,0,2651,0.06191343091,28.48059868,28.48059868,10.45703634,6.324531018,0,8.361115384,19.47326343,10.05055876,1,0.2868791698,0.0009599904001,0.001287038946
Subiculum',209,245,1,39,39.1,1733,Hipp,0,143,0.1111485324,1.45E+02,145,0.450431314,0.3412860134,0,0.4829397702,0.3105893721,0.4396958062,0.2156862745,0.01927353595,0.08671913281,0.1025773873
Subiculum',242,249,1,39,39.1,1734,Hipp,0,2909,0.132638534,86.96738523,86.96738523,7.434459966,6.942664427,0,7.454600533,7.347854345,7.386091379,0.9607843137,0.2746478873,0.000009999900001,0.00001463574441
Subiculum',209,251,1,39,39.1,1735,Hipp,0,3151,0.05708165342,1.59E+02,159,7.901554635,7.517838757,0,7.471286824,9.752506284,7.863817468,1,0.3272794663,0.0008799912001,0.001183309553
Subiculum',145,254,1,39,39.1,1736,Hipp,0,785,0.07724531281,3.59E+02,-1,2.029544562,1.873493151,1,2.093808638,1.753104456,2.014196486,1,0.1137879911,0.0169898301,0.02124672642
Subiculum',145,257,1,39,39.1,1737,Hipp,0,397,0.1185908004,3.50E+02,-10,1.759806504,0.947486345,0,1.560489105,2.617233109,1.6799056,0.8431372549,0.07375833951,0.0035799642,0.004679732529
Subiculum',178,258,1,39,39.1,1738,Hipp,0,709,0.5699312861,37.00938716,37.00938716,3.057986002,1.692110374,0,2.785327047,4.230917446,2.923636717,0.9803921569,0.1682727947,0.000009999900001,0.00001463574441
Subiculum',243,264,1,39,39.1,1739,Hipp,0,1384,0.1444313355,13.7573168,13.7573168,4.93495672,3.303075822,1,4.411919535,7.184967474,4.774443837,0.9803921569,0.2005189029,0.000009999900001,0.00001463574441
Subiculum',146,266,1,39,39.1,1740,Hipp,0,806,0.04497012949,3.37E+02,-23,3.634954668,1.923612076,1,4.087820421,1.68684539,3.466624651,0.7647058824,0.08969607116,0.355496445,0.3888350329
Subiculum',248,278,1,39,39.1,1741,Hipp,0,373,0.1084325932,94.74672112,94.74672112,2.07120295,0.8902075735,0,1.943632019,2.619993903,1.955038267,0.862745098,0.05114899926,0.0206097939,0.02557477733
Subiculum',149,282,1,39,39.1,1742,Hipp,0,26,0.2251388011,1.62E+02,162,0.2530747036,0.06205200244,0,0.2756446928,0.1559848847,0.2342853255,0.1666666667,0.001853224611,0.3449665503,0.3786054143
Subiculum',249,284,1,39,39.1,1743,Hipp,0,761,0.1074232882,2.39E+02,-121,2.2177884,1.816214379,0,2.330625615,1.732398498,2.178290115,0.8235294118,0.07672349889,0.0030899691,0.00405806327
Subiculum',149,287,1,39,39.1,1744,Hipp,0,75,0.2498729667,3.34E+02,-26,0.6985590841,0.1789961609,0,0.8352772238,0.1104317767,0.6474538354,0.3333333333,0.01297257228,0.0166098339,0.02080619706
Subiculum',187,293,1,39,39.1,1745,Hipp,0,1356,0.3740570477,64.12598427,64.12598427,3.33032771,3.236250589,0,2.89603417,5.19857589,3.321076653,0.9607843137,0.1486286138,0.000009999900001,0.00001463574441
Subiculum',250,294,1,39,39.1,1746,Hipp,0,3910,0.1052820903,38.51839405,38.51839405,8.964364244,9.32689329,0,8.808436341,9.633792124,8.999796115,1,0.4125277984,0.000009999900001,0.00001463574441
Subiculum',251,297,1,39,39.1,1747,Hipp,0,5397,0.3230741758,3.47E+02,-13,8.811530035,12.87817712,1,7.839668788,12.99229853,9.211544977,1,0.6230541142,0.000009999900001,0.00001463574441
Subiculum',189,299,1,39,39.1,1748,Hipp,0,1463,0.208577205,34.51275042,34.51275042,3.745870124,3.491618445,0,3.708207299,3.9079045,3.720864137,1,0.2420311342,0.000009999900001,0.00001463574441
Subiculum',252,303,1,39,39.1,1749,Hipp,0,2482,0.156886465,1.02E+02,102,5.890756347,5.921193002,0,5.603705786,7.125610394,5.893754891,1,0.2783543365,0.000009999900001,0.00001463574441
Subiculum',215,304,1,39,39.1,1750,Hipp,0,1880,0.08439547687,80.34043953,80.34043953,7.303756775,4.4868371,0,6.63536782,10.17904902,7.026681726,0.9901960784,0.2646404744,0.000009999900001,0.00001463574441
Subiculum',252,306,1,39,39.1,1751,Hipp,0,1586,0.04431392869,2.73E+02,-87,5.867583869,3.782785533,0,4.898709988,10.03548771,5.662521379,0.9901960784,0.2212750185,0.06067939321,0.07246117459
Subiculum',215,309,1,39,39.1,1752,Hipp,0,2432,0.1033243396,38.18980342,38.18980342,6.848378528,5.801862228,0,6.427430962,8.659231694,6.745445433,1,0.3432171979,0.000009999900001,0.00001463574441
Subiculum',215,310,1,39,39.1,1753,Hipp,0,2093,0.06270216096,3.59E+02,-1,5.970167648,4.992799581,0,5.462834982,8.152625918,5.874035485,1,0.2946627131,0.0011199888,0.001496198688
Subiculum',191,314,1,39,39.1,1754,Hipp,0,842,0.1176318215,1.11E+02,111,2.896039021,2.009530233,0,2.748103782,3.532436459,2.808841603,0.9117647059,0.1104521868,0.000009999900001,0.00001463574441
Primary visual area layer 6b',192,322,1,39,39.1,1755,Visual,6,1243,0.1600828981,3.22E+02,-38,3.719833632,2.96656304,1,3.66520801,3.954838005,3.64574259,0.9607843137,0.1538176427,0.000009999900001,0.00001463574441
Primary visual area layer 6a',153,343,1,39,39.1,1756,Visual,6,42,0.1499024849,1.14E+02,114,0.2041260984,0.1002378501,0,0.2169217838,0.1490828986,0.1939074938,0.2450980392,0.005559673832,0.4207157928,0.4557416986
Primary visual area layer 6a',195,348,1,39,39.1,1757,Visual,6,51,0.4446704169,67.193851,67.193851,0.1637695356,0.1217173894,0,0.1992728221,0.01104317767,0.1596332879,0.2941176471,0.007042253521,0.00007999920001,0.000112268204
Primary visual area layer 6a',218,349,1,39,39.1,1758,Visual,6,105,0.3620834724,39.10210116,39.10210116,0.2166236146,0.2505946252,0,0.2467645736,0.08696502419,0.2199652805,0.431372549,0.02186805041,0.000009999900001,0.00001463574441
Primary visual area layer 6a',195,350,1,39,39.1,1759,Visual,6,1814,0.1206573544,2.58E+02,-102,6.912949028,4.329320478,1,7.657082257,3.711888096,6.658820899,0.8529411765,0.1464047443,0.000009999900001,0.00001463574441
Primary visual area layer 6a',196,357,1,39,39.1,1760,Visual,6,49,0.2471283433,2.23E+02,-137,0.2603649214,0.1169441584,1,0.2961816664,0.1062905851,0.2462578221,0.2549019608,0.004818383988,0.0456795432,0.05510431498
Subiculum',237,391,1,39,39.1,1761,Hipp,0,8940,0.03030273578,3.27E+02,-33,23.15607501,21.33156915,0,21.34208716,30.95954861,22.97662949,1,0.6593773165,0.0342296577,0.04180735729
Subiculum',187,392,1,39,39.1,1762,Hipp,0,592,0.6658608487,35.36717306,35.36717306,0.9628294793,1.412876363,0,1.106750344,0.3437189051,1.007098243,0.862745098,0.1178650852,0.000009999900001,0.00001463574441
Prosubiculum',48,396,1,39,39.1,1763,Hipp,0,470,0.07760426023,44.09448914,44.09448914,1.382798098,1.121709275,0,1.47834121,0.9717996353,1.357117702,0.5392156863,0.04410674574,0.2076779232,0.2350341906
Prosubiculum',46,398,1,39,39.1,1764,Hipp,0,3573,0.1108963103,1.07E+02,107,5.032593566,8.522603874,0,5.567766082,2.73042568,5.375885725,0.9215686275,0.2553743514,0.000009999900001,0.00001463574441
Subiculum',209,399,1,39,39.1,1765,Hipp,0,1748,0.02690381015,3.43E+02,-17,4.217130632,4.171803856,0,4.055410509,4.912833668,4.212675517,0.9901960784,0.2042253521,0.4525254747,0.4873850927
Primary visual area layer 6a',130,401,1,39,39.1,1766,Visual,6,606,0.2644978759,57.18037243,57.18037243,1.453356991,1.44628898,0,1.295112899,2.134094086,1.45266292,0.8431372549,0.07709414381,0.000009999900001,0.00001463574441
Primary visual area layer 6a',194,403,1,39,39.1,1767,Visual,6,273,0.282042916,3.31E+02,-29,0.5839985187,0.6491594102,0,0.5891544307,0.5618216642,0.5904084104,0.6764705882,0.05226093403,0.000009999900001,0.00001463574441
Primary visual area layer 6a',194,407,1,39,39.1,1768,Visual,6,588,0.3126426292,61.25722102,61.25722102,0.9534563422,1.403329901,0,1.049952776,0.5383549116,0.9977080494,0.7843137255,0.07116382506,0.000009999900001,0.00001463574441
Subiculum',23,22,2,39,39.2,1769,Hipp,0,13095,0.05900971327,2.41E+02,-119,17.48390038,18.80329311,0,16.99916666,28.38265637,17.68530848,1,0.6488286067,0.000009999900001,0.00001463574441
Subiculum',81,33,2,39,39.2,1770,Hipp,0,4077,0.05683432862,1.53E+02,153,4.859915845,5.855115406,0,4.614028641,10.38834383,5.011827508,1,0.2786683107,0.00005999940001,0.00008478257967
Subiculum',47,38,2,39,39.2,1771,Hipp,0,411,0.1405871828,27.45829144,27.45829144,4.635106579,0.5888146472,1,4.227905022,13.79037456,4.017485139,0.5952380952,0.0251541307,0.0224097759,0.02771670635
Subiculum',47,39,2,39,39.2,1772,Hipp,0,5318,0.07371944015,1.61E+02,161,6.849827091,7.637356814,0,6.727575844,9.592511644,6.969822666,1,0.3538840937,0.000009999900001,0.00001463574441
Primary visual area layer 6a',7,69,2,39,39.2,1773,Visual,6,1702,0.156974098,1.24E+02,124,2.412107704,2.444298852,0,2.406179729,2.545447992,2.41702358,0.9761904762,0.116892725,0.000009999900001,0.00001463574441
Primary visual area layer 5',1,83,2,39,39.2,1774,Visual,5,10372,0.2994929278,44.45441966,44.45441966,11.17268421,14.88982991,1,10.31482369,30.46032513,11.74007934,1,0.5299630086,0.000009999900001,0.00001463574441
Primary visual area layer 2/3',35,104,2,39,39.2,1775,Visual,2,989,0.0501843076,1.60E+02,160,1.845816009,1.418899686,0,1.702024269,5.078745874,1.780653232,0.9523809524,0.07521578298,0.1089889101,0.1269187981
Primary visual area layer 1',99,107,2,39,39.2,1776,Visual,2,90,0.1462398222,2.13E+02,-147,0.2103221325,0.1292519957,0,0.2177856105,0.04252538411,0.1979477864,0.380952381,0.005178791615,0.1472285277,0.1699545722
Primary visual area layer 1',55,108,2,39,39.2,1777,Visual,2,159,0.1881316291,2.88E+02,-72,0.5207607045,0.2283451924,0,0.5358174511,0.1822516462,0.4761269014,0.5,0.01726263872,0.004999950001,0.006490707873
Primary visual area layer 1',55,111,2,39,39.2,1778,Visual,2,599,0.08788028454,2.54E+02,-106,1.945932449,0.8602438382,1,1.896572209,3.055752601,1.78021481,0.6507936508,0.04241676942,0.0199598004,0.02482293409
Postsubiculum',176,173,2,39,39.2,1779,Hipp,0,4582,0.07674817554,1.84E+02,-176,9.811928466,6.580362716,0,9.542576452,15.86804333,9.318671538,1,0.2983970407,0.000009999900001,0.00001463574441
Postsubiculum',144,177,2,39,39.2,1780,Hipp,0,4542,0.1058933366,2.33E+02,-127,7.453112716,6.522917384,0,7.149636791,14.27637895,7.31113463,1,0.3304562269,0.000009999900001,0.00001463574441
Postsubiculum',177,178,2,39,39.2,1781,Hipp,0,2856,0.07993323955,1.18E+02,118,6.207995344,4.101596664,0,5.911825524,12.86696622,5.886480518,0.873015873,0.1874229346,0.000009999900001,0.00001463574441
Postsubiculum',246,202,2,39,39.2,1782,Hipp,0,2362,0.1983530133,49.29590651,49.29590651,2.131678194,3.392146821,1,1.970068097,5.765227074,2.324077997,0.9285714286,0.1625154131,0.000009999900001,0.00001463574441
Primary visual area layer 6a',255,230,2,39,39.2,1783,Visual,6,2753,0.2471882934,50.42533925,50.42533925,4.109430597,3.952238803,1,3.892850236,8.978931102,4.085440636,1,0.2552404439,0.000009999900001,0.00001463574441
Primary visual area layer 5',192,233,2,39,39.2,1784,Visual,5,1074,0.3013634506,81.3863213,81.3863213,1.68050747,1.540971016,0,1.678246187,1.731390639,1.659210183,0.9206349206,0.08581997534,0.000009999900001,0.00001463574441
Primary visual area layer 5',153,235,2,39,39.2,1785,Visual,5,1408,0.07629450535,2.69E+02,-91,2.486095564,2.022075666,1,2.441846851,3.481006442,2.41526989,0.9206349206,0.1048088779,0.0021699783,0.00286656171
Primary visual area layer 5',153,239,2,39,39.2,1786,Visual,5,1977,0.1978554274,1.02E+02,102,3.466046656,2.837799373,0,3.39972525,4.957244776,3.370154228,0.9444444444,0.1358816276,0.000009999900001,0.00001463574441
Primary visual area layer 5',153,241,2,39,39.2,1787,Visual,5,573,0.2074672519,1.17E+02,117,1.609106598,0.8229043728,0,1.546385917,3.019302272,1.489102229,0.8650793651,0.0421701603,0.000009999900001,0.00001463574441
Primary visual area layer 5',195,245,2,39,39.2,1788,Visual,5,3717,0.3178956414,86.34778822,86.34778822,3.462166174,5.338107423,1,3.075748889,12.15010975,3.748512898,1,0.1775585697,0.000009999900001,0.00001463574441
Primary visual area layer 5',196,248,2,39,39.2,1789,Visual,5,4454,0.1179764301,70.28078833,70.28078833,7.744666275,6.396537655,1,7.745710063,7.721394743,7.538895151,1,0.2660912454,0.000009999900001,0.00001463574441
Primary visual area layer 5',196,250,2,39,39.2,1790,Visual,5,738,0.1747877495,1.06E+02,106,0.9685683447,1.059866365,0,0.9273451802,1.89541712,0.9825049596,0.880952381,0.04463625154,0.000009999900001,0.00001463574441
Primary visual area layer 4',197,255,2,39,39.2,1791,Visual,4,801,0.1783477795,2.66E+02,-94,2.022507297,1.150342762,1,2.054912615,1.287911633,1.889162816,0.746031746,0.05696670777,0.000009999900001,0.00001463574441
Primary visual area layer 1',55,275,2,39,39.2,1792,Visual,2,347,0.1068105944,1.85E+02,-175,0.7701463574,0.4983382502,0,0.774408883,0.6743310909,0.7286582967,0.7063492063,0.02318125771,0.0325896741,0.03989089527
Caudoputamen',87,24,1,40,40.1,1793,Caudoputamen,0,781,0.9091379769,3.57E+02,-3,1.051682004,1.266481213,0,0.9019835383,1.289858368,1.07581692,0.9695121951,0.1850658071,0.000009999900001,0.00001463574441
Caudoputamen',48,64,1,40,40.1,1794,Caudoputamen,0,1882,0.8937440838,4.248041041,4.248041041,1.230945982,3.060391619,0,0.6348782941,2.179305404,1.436495425,0.9756097561,0.3392425463,0.000009999900001,0.00001463574441
Primary somatosensory area mouth layer 6a',45,86,1,40,40.1,1795,Somatosensory,6,1471,0.6895348511,3.49E+02,-11,8.279935276,2.394593655,1,8.28093369,8.278370798,7.618693269,0.9817073171,0.2688691915,0.000009999900001,0.00001463574441
Primary somatosensory area mouth layer 6a',69,106,1,40,40.1,1796,Somatosensory,6,2971,0.8598776033,3.31E+02,-29,1.333765206,4.836395479,0,1.594578041,0.9188105342,1.727306187,1,0.6338973946,0.000009999900001,0.00001463574441
Primary somatosensory area mouth layer 6a',107,107,1,40,40.1,1797,Somatosensory,6,3128,0.784158559,3.56E+02,-4,4.413602768,5.088715001,1,4.230732311,4.704566198,4.489459729,0.9268292683,0.3857104486,0.000009999900001,0.00001463574441
Primary somatosensory area mouth layer 6a',68,118,1,40,40.1,1798,Somatosensory,6,55,0.8618220874,3.34E+02,-26,0.3197904526,0.08953273355,1,0.1355659782,0.6128962773,0.2939200596,0.1890243902,0.01369863014,0.000009999900001,0.00001463574441
Primary somatosensory area mouth layer 6a',68,120,1,40,40.1,1799,Somatosensory,6,5818,0.8465217854,3.35E+02,-25,10.01797166,9.46442387,1,9.636593472,10.6247812,9.955787558,1,0.8063389739,0.000009999900001,0.00001463574441
Primary somatosensory area mouth layer 6a',68,121,1,40,40.1,1800,Somatosensory,6,2983,0.7785063965,3.34E+02,-26,9.678812456,4.854302026,0,8.945341207,10.84580825,9.136762028,1,0.620467365,0.000009999900001,0.00001463574441
Primary somatosensory area mouth layer 6a',4,129,1,40,40.1,1801,Somatosensory,6,1171,0.7443371141,3.35E+02,-25,7.250300681,1.902977555,0,6.586358962,8.306666532,6.649506962,0.993902439,0.2334139135,0.000009999900001,0.00001463574441
Primary somatosensory area mouth layer 6a',4,130,1,40,40.1,1802,Somatosensory,6,5244,0.7806533539,3.32E+02,-28,19.34608608,8.534911309,0,19.79800177,18.62660124,18.13122797,1,0.8173515982,0.000009999900001,0.00001463574441
Primary somatosensory area mouth layer 5',37,160,1,40,40.1,1803,Somatosensory,5,909,0.7613494135,3.48E+02,-12,1.643459182,1.473220434,0,1.973424549,1.118482318,1.624333572,0.9512195122,0.1794251947,0.000009999900001,0.00001463574441
Primary somatosensory area mouth layer 4',58,166,1,40,40.1,1804,Somatosensory,4,1116,0.8716822718,3.54E+02,-6,0.853255325,1.813444821,0,1.10331915,0.4554011538,0.961138714,0.9085365854,0.2651087832,0.000009999900001,0.00001463574441
Primary somatosensory area mouth layer 4',58,167,1,40,40.1,1805,Somatosensory,4,530,0.8842891744,3.50E+02,-10,0.5790020438,0.8595142421,0,0.7073591141,0.3747850058,0.6105197007,0.8353658537,0.1326886919,0.000009999900001,0.00001463574441
Primary somatosensory area mouth layer 4',100,173,1,40,40.1,1806,Somatosensory,4,1652,0.9229720954,3.55E+02,-5,2.400076799,2.684354139,0,2.450925507,2.319182429,2.432019311,0.9634146341,0.3223207091,0.000009999900001,0.00001463574441
Primary somatosensory area mouth layer 4',35,183,1,40,40.1,1807,Somatosensory,4,78,0.7423127854,3.56E+02,-4,0.2604478944,0.1269736948,0,0.3090501632,0.1831214487,0.2454515993,0.3414634146,0.01987644373,0.000009999900001,0.00001463574441
Primary motor area Layer 2/3',56,185,1,40,40.1,1808,Somatosensory,2,95,0.8957425337,3.47E+02,-13,0.3028943076,0.1546474489,0,0.4201203088,0.1163862269,0.2862382659,0.4085365854,0.02471125436,0.000009999900001,0.00001463574441
Primary motor area Layer 2/3',99,192,1,40,40.1,1809,Somatosensory,2,164,0.9466508645,3.52E+02,-8,0.129399745,0.2669703328,0,0.1704641508,0.06406581296,0.1448566815,0.6524390244,0.04458769809,0.000009999900001,0.00001463574441
Primary motor area Layer 2/3',99,195,1,40,40.1,1810,Somatosensory,2,93,0.8564821595,9.571863213,9.571863213,0.2618902483,0.1513917131,0,0.3385793862,0.139877025,0.249475396,0.3475609756,0.02336825141,0.000009999900001,0.00001463574441
Caudoputamen',163,226,1,40,40.1,1811,Caudoputamen,0,890,0.9047036082,0.1548239848,0.1548239848,0.9041498107,1.448802416,0,1.0566764,0.6614795188,0.9653454105,0.8902439024,0.1885576148,0.000009999900001,0.00001463574441
Caudoputamen',176,271,1,40,40.1,1812,Caudoputamen,0,7272,0.3778994434,2.65E+02,-95,21.7919061,11.83459951,1,16.61757023,30.02444324,20.67317009,1,0.4163309159,0.000009999900001,0.00001463574441
Caudoputamen',208,272,1,40,40.1,1813,Caudoputamen,0,3649,0.5463947541,3.33E+02,-27,12.13575921,5.940089904,1,9.920812243,15.65982021,11.43965404,0.993902439,0.4260005372,0.000009999900001,0.00001463574441
Caudoputamen',209,280,1,40,40.1,1814,Caudoputamen,0,345,0.8789110958,3.56E+02,-4,0.05769415383,0.5616144195,0,0.01912688307,0.1190556357,0.1143124065,0.7012195122,0.08380338437,0.000009999900001,0.00001463574441
Caudoputamen',179,295,1,40,40.1,1815,Caudoputamen,0,826,0.8014008809,3.24E+02,-36,1.613993953,1.342991003,1,1.003322463,2.585589435,1.583546905,0.8353658537,0.1657265646,0.000009999900001,0.00001463574441
Caudoputamen',242,297,1,40,40.1,1816,Caudoputamen,0,4243,0.7615729981,3.53E+02,-7,5.895312268,6.897276219,0,7.674242381,3.065015268,6.007894287,1,0.6575342466,0.000009999900001,0.00001463574441
Caudoputamen',243,303,1,40,40.1,1817,Caudoputamen,0,175,0.6502351466,3.40E+02,-20,1.555887698,0.2832490116,1,1.472098877,1.689201935,1.412901345,0.4451219512,0.04002148805,0.000009999900001,0.00001463574441
Primary motor area Layer 6b',245,312,1,40,40.1,1818,Somatosensory,6,402,0.8185466086,3.18E+02,-42,2.778179557,0.6544028888,1,2.140197547,3.793230009,2.539564423,0.8292682927,0.08890679559,0.000009999900001,0.00001463574441
Caudoputamen',211,313,1,40,40.1,1819,Caudoputamen,0,4,0.7611673431,3.44E+02,-16,0.1197153692,0.006511471531,0,0.172477507,0.0357700789,0.1069964125,0.01829268293,0.001074402364,0.100298997,0.1177741483
Primary motor area Layer 6b',246,322,1,40,40.1,1820,Somatosensory,6,480,0.6005406108,20.49511553,20.49511553,2.262435032,0.7797487158,0,2.686152613,1.58829828,2.095849386,0.7865853659,0.09723341391,0.000009999900001,0.00001463574441
Primary motor area Layer 6a',248,326,1,40,40.1,1821,Somatosensory,6,931,0.8712963983,3.576022156,3.576022156,1.682196685,1.512289263,0,2.381800281,0.5691179718,1.66310834,0.9085365854,0.2001074402,0.000009999900001,0.00001463574441
Primary motor area Layer 6a',149,334,1,40,40.1,1822,Somatosensory,6,5450,0.8617002372,3.41E+02,-19,10.463659,8.871879961,1,10.3694551,10.61356968,10.28482439,1,0.8423314531,0.000009999900001,0.00001463574441
Primary motor area Layer 6a',251,340,1,40,40.1,1823,Somatosensory,6,1594,0.8702070988,3.47E+02,-13,6.755367261,2.591565669,1,5.139427036,9.326380721,6.287548158,0.9756097561,0.3585817889,0.000009999900001,0.00001463574441
Primary motor area Layer 6a',214,342,1,40,40.1,1824,Somatosensory,6,5013,0.8462681551,3.50E+02,-10,13.40214588,8.152362356,1,12.24724523,15.23912138,12.81213452,1,0.7088369594,0.000009999900001,0.00001463574441
Primary motor area Layer 6a',189,346,1,40,40.1,1825,Somatosensory,6,283,0.7979459709,3.58E+02,-2,1.720522087,0.4606866108,0,1.505990372,2.061851414,1.578974409,0.6463414634,0.06634434596,0.000009999900001,0.00001463574441
Primary motor area Layer 6a',252,349,1,40,40.1,1826,Somatosensory,6,650,0.7818449065,3.51E+02,-9,2.82783774,1.058114124,0,2.163686702,3.884523792,2.62900245,0.8414634146,0.153639538,0.000009999900001,0.00001463574441
Primary motor area Layer 6a',151,358,1,40,40.1,1827,Somatosensory,6,3359,0.7766529927,3.43E+02,-17,19.38090862,5.463124614,0,17.09876234,23.01190613,17.81718893,1,0.614558152,0.000009999900001,0.00001463574441
Primary motor area Layer 6a',152,365,1,40,40.1,1828,Somatosensory,6,1488,0.8368468524,3.50E+02,-10,4.901324418,2.417383806,0,4.807223277,5.05105547,4.62224502,0.9695121951,0.3123824872,0.000009999900001,0.00001463574441
Primary motor area Layer 6a',129,370,1,40,40.1,1829,Somatosensory,6,6423,0.8835566107,3.44E+02,-16,20.10867916,10.45253967,0,17.6373351,24.04069631,19.02377924,1,0.9148536127,0.000009999900001,0.00001463574441
Primary motor area Layer 5',130,371,1,40,40.1,1830,Somatosensory,5,1380,0.8249070292,3.56E+02,-4,4.03941497,2.241574074,1,4.704206556,2.981729711,3.837421762,0.9451219512,0.3011012624,0.000009999900001,0.00001463574441
Primary motor area Layer 5',217,372,1,40,40.1,1831,Somatosensory,5,502,0.7909666371,3.56E+02,-4,2.289633705,0.8155618092,0,2.297239324,2.277539651,2.124015963,0.7804878049,0.1224818695,0.000009999900001,0.00001463574441
Primary motor area Layer 5',217,376,1,40,40.1,1832,Somatosensory,5,1985,0.8606146777,3.56E+02,-4,4.426790003,3.219922672,0,3.962620388,5.16530617,4.291196291,0.9756097561,0.4474885845,0.000009999900001,0.00001463574441
Primary motor area Layer 5',131,380,1,40,40.1,1833,Somatosensory,5,75,0.5157822089,3.46E+02,-14,1.902876824,0.1220900912,1,1.643569706,2.315445257,1.702797607,0.262195122,0.01316142896,0.000009999900001,0.00001463574441
Primary motor area Layer 5',153,383,1,40,40.1,1834,Somatosensory,5,317,0.7742373399,3.59E+02,-1,3.477309071,0.5160341188,0,3.535788893,3.38427657,3.144597128,0.6768292683,0.0797743755,0.000009999900001,0.00001463574441
Primary motor area Layer 5',134,397,1,40,40.1,1835,Somatosensory,5,88,0.9397894588,3.44E+02,-16,0.3362744966,0.1416245058,0,0.5197814363,0.0443121873,0.3144048429,0.1341463415,0.02256244964,0.000009999900001,0.00001463574441
Primary motor area Layer 5',199,410,1,40,40.1,1836,Somatosensory,5,127,0.9004475267,3.41E+02,-19,0.6191819009,0.2051113532,0,0.2976411453,1.130761599,0.5726594317,0.4695121951,0.03491807682,0.000009999900001,0.00001463574441
Primary motor area Layer 2/3',200,417,1,40,40.1,1837,Somatosensory,2,618,0.899266716,3.50E+02,-10,0.9482446282,1.004394484,0,1.068756536,0.7565104747,0.9545543194,0.8353658537,0.1514907333,0.000009999900001,0.00001463574441
Primary motor area Layer 2/3',223,441,1,40,40.1,1838,Somatosensory,2,1567,0.3365350665,60.39562253,60.39562253,6.101362818,2.550868972,1,4.408243208,8.795168356,5.702451537,0.9024390244,0.1117378458,0.000009999900001,0.00001463574441
Primary motor area Layer 6b',245,451,1,40,40.1,1839,Somatosensory,6,160,0.3900751402,3.32E+02,-28,1.196741591,0.2604588612,0,1.505990372,0.7047239425,1.091546307,0.3536585366,0.02874026323,0.000009999900001,0.00001463574441
Primary motor area Layer 2/3',119,453,1,40,40.1,1840,Somatosensory,2,1465,0.9067185932,7.86E-01,0.786,2.116345193,2.378314977,0,2.053958794,2.215609365,2.145781045,0.9695121951,0.3470319635,0.000009999900001,0.00001463574441
Primary motor area Layer 5',135,454,1,40,40.1,1841,Somatosensory,5,586,0.8645195363,3.44E+02,-16,1.525186166,0.9523027114,0,1.817053891,1.060823086,1.460821105,0.8658536585,0.135911899,0.000009999900001,0.00001463574441
Primary motor area Layer 5',155,455,1,40,40.1,1842,Somatosensory,5,3386,0.8799703673,3.41E+02,-19,5.763852018,5.505449179,1,5.141775951,6.753604449,5.73482481,0.987804878,0.5911899006,0.000009999900001,0.00001463574441
Primary motor area Layer 2/3',56,456,1,40,40.1,1843,Somatosensory,2,431,0.9004055896,3.53E+02,-7,1.449359564,0.7016110574,0,1.792558059,0.9033279627,1.365347383,0.8536585366,0.09830781628,0.000009999900001,0.00001463574441
Caudoputamen',145,457,1,40,40.1,1844,Caudoputamen,0,1332,0.8294266255,3.33E+02,-27,1.34633429,2.165064284,1,0.4466294976,2.777786874,1.438324424,0.993902439,0.3102336825,0.000009999900001,0.00001463574441
Caudoputamen',209,458,1,40,40.1,1845,Caudoputamen,0,974,0.6264912551,3.48E+02,-12,0.9991391139,1.58391545,0,0.4761587206,1.831214487,1.064842929,0.9085365854,0.1735159817,0.000009999900001,0.00001463574441
Caudoputamen',87,17,2,40,40.2,1846,Caudoputamen,0,679,0.9167416268,6.96372277,6.96372277,0.1943191781,1.197692176,0,0.1834901382,0.8894910674,0.2995750383,0.7889908257,0.16125726,0.000009999900001,0.00001463574441
Caudoputamen',47,33,2,40,40.2,1847,Caudoputamen,0,1772,0.4956047423,3.19E+02,-41,4.482571337,3.122113625,1,4.490679698,3.962278391,4.339859758,0.9541284404,0.2439357704,0.000009999900001,0.00001463574441
Caudoputamen',47,38,2,40,40.2,1848,Caudoputamen,0,971,0.5713684076,3.22E+02,-38,2.834786052,1.712752729,0,2.783003744,6.159051785,2.717084535,0.9449541284,0.1636487872,0.000009999900001,0.00001463574441
Caudoputamen',111,40,2,40,40.2,1849,Caudoputamen,0,902,0.4567471322,3.22E+02,-38,2.284077232,1.589279309,1,2.25394751,4.218344001,2.211193149,0.9174311927,0.1441749231,0.000009999900001,0.00001463574441
Caudoputamen',111,43,2,40,40.2,1850,Caudoputamen,0,2933,0.6836546547,3.30E+02,-30,5.994539921,5.173536306,0,5.813320283,17.6280957,5.908419115,1,0.5186197472,0.000009999900001,0.00001463574441
Caudoputamen',46,52,2,40,40.2,1851,Caudoputamen,0,147,0.1786754401,2.51E+02,-109,0.5631121713,0.2592941824,0,0.5714647096,0.02695427477,0.5312414669,0.504587156,0.01093269559,0.005279947201,0.006838412629
Caudoputamen',46,53,2,40,40.2,1852,Caudoputamen,0,257,0.2888584741,3.39E+02,-21,1.855541428,0.4533238427,0,1.855685734,1.846367822,1.708447393,0.5688073394,0.03826443457,0.000009999900001,0.00001463574441
Caudoputamen',110,56,2,40,40.2,1853,Caudoputamen,0,231,0.4430689205,1.877433692,1.877433692,0.6280230457,0.4074622867,0,0.6359171952,0.1212942365,0.6048862262,0.6146788991,0.04475572258,0.000009999900001,0.00001463574441
Caudoputamen',13,62,2,40,40.2,1854,Caudoputamen,0,173,0.5259289893,3.48E+02,-12,1.073923543,0.3051557385,0,1.083095678,0.4851769458,0.9932790645,0.5504587156,0.0375811411,0.000009999900001,0.00001463574441
Primary somatosensory area mouth layer 6a',44,71,2,40,40.2,1855,Somatosensory,6,19,0.7828753581,3.41E+02,-19,0.2125107607,0.03351421405,0,0.2147716377,0.06738568692,0.1937338265,0.1467889908,0.005807994534,0.000009999900001,0.00001463574441
Primary somatosensory area mouth layer 6a',73,77,2,40,40.2,1856,Somatosensory,6,1565,0.8727754179,3.56E+02,-4,0.9046177906,2.758748988,0,0.9113623455,0.4716998084,1.099120276,0.9633027523,0.3775196447,0.000009999900001,0.00001463574441
Primary somatosensory area mouth layer 6a',69,89,2,40,40.2,1857,Somatosensory,6,7152,0.66004038,3.37E+02,-23,18.26993047,12.60840011,0,18.2946386,16.67121894,17.67585244,1,0.9528527503,0.000009999900001,0.00001463574441
Primary somatosensory area mouth layer 6a',6,91,2,40,40.2,1858,Somatosensory,6,787,0.7017399807,3.26E+02,-34,2.754784433,1.388194024,0,2.765368536,2.075479157,2.61142836,0.871559633,0.1732148958,0.000009999900001,0.00001463574441
Primary somatosensory area mouth layer 6a',68,97,2,40,40.2,1859,Somatosensory,6,6122,0.5690821004,3.14E+02,-46,14.26488817,10.79686864,0,14.38214178,6.738568692,13.90109594,1,0.7656303382,0.000009999900001,0.00001463574441
Primary somatosensory area mouth layer 6a',4,99,2,40,40.2,1860,Somatosensory,6,3373,0.7087634369,3.46E+02,-14,6.73398641,5.939071512,0,6.719434054,7.668491172,6.650602857,1,0.7133583874,0.000009999900001,0.00001463574441
Primary somatosensory area mouth layer 6a',4,101,2,40,40.2,1861,Somatosensory,6,2072,0.7046660205,7.088050551,7.088050551,3.357380607,3.651285426,0,3.36559543,2.830198851,3.388214037,0.9816513761,0.3727365904,0.000009999900001,0.00001463574441
Primary somatosensory area mouth layer 6a',65,106,2,40,40.2,1862,Somatosensory,6,1055,0.7019286562,3.48E+02,-12,2.44242669,1.860920833,0,2.466619718,0.8894910674,2.381427265,0.9266055046,0.2565766997,0.000009999900001,0.00001463574441
Primary somatosensory area mouth layer 5',62,148,2,40,40.2,1863,Somatosensory,5,1047,0.660643648,3.48E+02,-12,4.506964596,1.846809585,1,4.561010586,1.037739579,4.227912322,0.7706422018,0.2019132217,0.000009999900001,0.00001463574441
Primary somatosensory area mouth layer 4',99,166,2,40,40.2,1864,Somatosensory,4,231,0.8015978522,3.58E+02,-2,0.3158720256,0.4074622867,0,0.3180635691,0.175202786,0.32548023,0.6972477064,0.06832934745,0.000009999900001,0.00001463574441
Caudoputamen',228,209,2,40,40.2,1865,Caudoputamen,0,316,0.9441701376,1.376155609,1.376155609,0.1083226056,0.5573942969,0,0.1098001628,0.01347713738,0.1554311502,0.871559633,0.1007857875,0.000009999900001,0.00001463574441
Caudoputamen',227,210,2,40,40.2,1866,Caudoputamen,0,673,0.9060990082,6.951480027,6.951480027,0.2030015243,1.185344834,0,0.200915403,0.3369284346,0.3060513362,0.9724770642,0.2104543902,0.000009999900001,0.00001463574441
Caudoputamen',145,272,2,40,40.2,1867,Caudoputamen,0,5053,0.3567415676,2.86E+02,-74,13.40512917,8.911253126,1,13.453984,10.26957869,12.93372207,1,0.4455073454,0.000009999900001,0.00001463574441
Caudoputamen',179,273,2,40,40.2,1868,Caudoputamen,0,3137,0.3277919676,4.10053569,4.10053569,7.396325395,5.529845319,1,7.452554835,3.787075605,7.20053307,1,0.3983600957,0.000009999900001,0.00001463574441
Caudoputamen',210,276,2,40,40.2,1869,Caudoputamen,0,187,0.0682137256,2.72E+02,-88,0.6768095627,0.3298504225,1,0.6686682954,1.199465227,0.6404133462,0.3394495413,0.01434916297,0.6334436656,0.6635093956
Caudoputamen',243,277,2,40,40.2,1870,Caudoputamen,0,1701,0.6929531442,3.42E+02,-18,4.792861855,2.998640205,1,4.759406674,6.927248615,4.604462787,0.9816513761,0.3471130851,0.000009999900001,0.00001463574441
Caudoputamen',181,281,2,40,40.2,1871,Caudoputamen,0,1676,0.4982229667,2.661868786,2.661868786,3.609168649,2.956306461,0,3.56777049,6.253391746,3.540499557,1,0.2992825419,0.000009999900001,0.00001463574441
Caudoputamen',181,283,2,40,40.2,1872,Caudoputamen,0,63,0.287600337,18.60215341,18.60215341,1.280232627,0.1093621722,0,1.290519313,0.6199483197,1.157406958,0.2568807339,0.009907755381,0.0221397786,0.02739782388
Caudoputamen',181,284,2,40,40.2,1873,Caudoputamen,0,4997,0.4818664914,3.51E+02,-9,11.11898471,8.808946578,0,11.18450071,6.913771478,10.87666481,1,0.6446873932,0.000009999900001,0.00001463574441
Caudoputamen',244,287,2,40,40.2,1874,Caudoputamen,0,183,0.2209071071,83.35926588,83.35926588,2.00768921,0.3227947985,0,2.016711977,1.428576563,1.830941942,0.4862385321,0.02152374445,0.0004999950001,0.000683356858
Caudoputamen',211,293,2,40,40.2,1875,Caudoputamen,0,36,0.1607820316,3.58E+02,-2,0.2724602943,0.0635006161,0,0.2689369188,0.4986540832,0.2505402111,0.2660550459,0.007174581483,0.3970260297,0.4313250931
Caudoputamen',211,294,2,40,40.2,1876,Caudoputamen,0,175,0.2997972279,30.97663197,30.97663197,2.338238535,0.3086835505,0,2.272212547,6.576843043,2.125335942,0.5596330275,0.02664844551,0.000009999900001,0.00001463574441
Primary somatosensory area upper limb layer 6b',147,298,2,40,40.2,1877,Somatosensory,6,9,0.9500895863,3.57E+02,-3,0.1440856033,0.01587515403,0,0.1463302361,0,0.130636181,0.07339449541,0.003416467373,0.000009999900001,0.00001463574441
Primary somatosensory area upper limb layer 6b',246,300,2,40,40.2,1878,Somatosensory,6,194,0.5878861033,3.52E+02,-8,0.952370695,0.3421977646,0,0.9621685394,0.3234512972,0.8883630382,0.6605504587,0.04578066279,0.000009999900001,0.00001463574441
Primary somatosensory area upper limb layer 6b',246,302,2,40,40.2,1879,Somatosensory,6,36,0.796836335,3.52E+02,-8,0.1023276523,0.0635006161,0,0.1030819884,0.05390854954,0.09825469137,0.2201834862,0.01161598907,0.000009999900001,0.00001463574441
Primary somatosensory area upper limb layer 6b',247,305,2,40,40.2,1880,Somatosensory,6,1465,0.878998028,3.50E+02,-10,1.212841083,2.582358388,0,1.227326485,0.2830198851,1.35650686,0.9724770642,0.388793987,0.000009999900001,0.00001463574441
Primary somatosensory area upper limb layer 6a',148,308,2,40,40.2,1881,Somatosensory,6,33,0.6308276533,3.44E+02,-16,0.2838300335,0.05644499209,0,0.2869920125,0.0808628243,0.2599771024,0.2110091743,0.008199521695,0.000009999900001,0.00001463574441
Primary somatosensory area upper limb layer 6a',213,313,2,40,40.2,1882,Somatosensory,6,948,0.5937905449,3.44E+02,-16,3.973827191,1.668655079,0,3.960783693,4.811338046,3.732012938,0.9633027523,0.2299282542,0.000009999900001,0.00001463574441
Primary somatosensory area upper limb layer 6a',249,315,2,40,40.2,1883,Somatosensory,6,64,0.406189006,2.70E+02,-90,0.5928802156,0.1128899842,0,0.5943484911,0.4986540832,0.542528729,0.3027522936,0.007857874957,0.0003299967,0.0004548821628
Primary somatosensory area upper limb layer 6a',149,320,2,40,40.2,1884,Somatosensory,6,45,0.6076066183,3.29E+02,-31,0.2327695686,0.07937577013,0,0.2353460468,0.06738568692,0.2166784248,0.247706422,0.009566108644,0.000009999900001,0.00001463574441
Primary somatosensory area upper limb layer 6a',149,321,2,40,40.2,1885,Somatosensory,6,6362,0.7775042871,3.49E+02,-11,21.66576146,11.21138655,1,20.961124,66.90050997,20.56909228,1,0.9545609839,0.000009999900001,0.00001463574441
Primary somatosensory area upper limb layer 6a',187,325,2,40,40.2,1886,Somatosensory,6,4158,0.7601094809,3.36E+02,-24,10.66770943,7.332557254,1,10.64767659,11.95422086,10.31785282,1,0.7417150666,0.000009999900001,0.00001463574441
Primary somatosensory area upper limb layer 6a',251,329,2,40,40.2,1887,Somatosensory,6,9056,0.6347210419,3.34E+02,-26,26.20290755,15.96158542,0,26.05769905,35.51225701,25.12840602,1,0.9545609839,0.000009999900001,0.00001463574441
Primary somatosensory area upper limb layer 6a',252,334,2,40,40.2,1888,Somatosensory,6,5512,0.704824543,3.27E+02,-33,13.68317097,9.71735817,0,13.74895385,9.460950444,13.26715889,1,0.8455756748,0.000009999900001,0.00001463574441
Primary somatosensory area upper limb layer 6a',252,336,2,40,40.2,1889,Somatosensory,6,5771,0.5808331321,3.34E+02,-26,20.07461815,10.17420982,0,19.93177372,29.24538812,19.03606005,1,0.8076528869,0.000009999900001,0.00001463574441
Primary somatosensory area upper limb layer 6a',191,343,2,40,40.2,1890,Somatosensory,6,10794,0.719089181,3.47E+02,-13,21.42741039,19.02196233,1,21.13684625,40.08100658,21.17508873,1,0.9443115818,0.000009999900001,0.00001463574441
Primary somatosensory area upper limb layer 6a',191,348,2,40,40.2,1891,Somatosensory,6,3197,0.62492314,3.23E+02,-37,8.768756271,5.635679679,0,8.779604222,8.072805293,8.440096492,1,0.6146224804,0.000009999900001,0.00001463574441
Primary somatosensory area upper limb layer 6a',255,354,2,40,40.2,1892,Somatosensory,6,55,0.5482785108,3.30E+02,-30,0.2978871655,0.09701483016,0,0.2958096164,0.4312683963,0.276815477,0.2844036697,0.01332422275,0.000009999900001,0.00001463574441
Primary somatosensory area upper limb layer 6a',255,355,2,40,40.2,1893,Somatosensory,6,516,0.6398330844,3.48E+02,-12,2.874270055,0.9101754975,0,2.875378642,2.803244576,2.668234745,0.8990825688,0.1257259993,0.000009999900001,0.00001463574441
Primary somatosensory area upper limb layer 5',129,361,2,40,40.2,1894,Somatosensory,5,578,0.5619816282,3.36E+02,-24,2.613386222,1.01953767,0,2.628695676,1.630733623,2.446190245,0.9266055046,0.1305090536,0.000009999900001,0.00001463574441
Primary somatosensory area upper limb layer 5',129,362,2,40,40.2,1895,Somatosensory,5,1151,0.723755231,3.43E+02,-17,2.590233299,2.028491903,0,2.598673834,2.048524882,2.531307303,0.9724770642,0.3102152374,0.000009999900001,0.00001463574441
Primary somatosensory area upper limb layer 5',217,368,2,40,40.2,1896,Somatosensory,5,962,0.7443890546,3.47E+02,-13,2.879851563,1.696877575,0,2.870130068,3.50405572,2.755757285,0.9816513761,0.2719508029,0.000009999900001,0.00001463574441
Primary somatosensory area upper limb layer 6a',251,409,2,40,40.2,1897,Somatosensory,6,861,0.8630323126,3.39E+02,-21,0.9926815883,1.516959162,1,0.8055510987,13.00543758,1.047679967,0.9266055046,0.2466689443,0.000009999900001,0.00001463574441
Caudoputamen',46,410,2,40,40.2,1898,Caudoputamen,0,1778,0.3916351253,0.5433140817,0.5433140817,6.596309205,3.136224873,0,6.635666817,4.07009549,6.233344234,0.9541284404,0.2760505637,0.000009999900001,0.00001463574441
Caudoputamen',240,411,2,40,40.2,1899,Caudoputamen,0,940,0.8388642629,14.72716368,14.72716368,0.3284820999,1.658071643,0,0.3220524851,0.7412425561,0.4679587843,0.9816513761,0.2435941237,0.000009999900001,0.00001463574441
Caudoputamen',244,412,2,40,40.2,1900,Caudoputamen,0,270,0.492396195,0.214619837,0.214619837,3.729067716,0.4762546208,0,3.565251175,14.24533422,3.387843963,0.6146788991,0.0495387769,0.000009999900001,0.00001463574441
Orbital area lateral part layer 5',89,20,1,41,41.1,1901,Frontal,5,2696,0.4967769177,3.23E+02,-37,4.356308243,3.675731865,0,4.253447247,5.91333958,4.273247628,0.9936708861,0.3276283619,0.000009999900001,0.00001463574441
Orbital area lateral part layer 5',89,21,1,41,41.1,1902,Frontal,5,6752,0.3426175412,3.22E+02,-38,5.735258952,9.207067047,0,5.534839936,8.769005122,6.158998617,1,0.5278728606,0.000009999900001,0.00001463574441
Orbital area lateral part layer 5',88,23,1,41,41.1,1903,Frontal,5,1150,0.2248394878,3.45E+02,-15,1.330583112,1.569076334,0,1.343268365,1.138593335,1.359692408,0.7721518987,0.09951100244,0.000009999900001,0.00001463574441
Orbital area lateral part layer 5',88,24,1,41,41.1,1904,Frontal,5,3078,0.06182921945,14.20788242,14.20788242,6.663916816,4.199666919,1,6.650421987,6.868288829,6.363160637,0.9873417722,0.2290953545,0.0001499985,0.0002084238417
Orbital area lateral part layer 5',87,31,1,41,41.1,1905,Frontal,5,3444,0.4880047372,3.24E+02,-36,5.433293405,4.697678104,0,5.567597647,3.400476332,5.343516226,1,0.4097799511,0.000009999900001,0.00001463574441
Orbital area lateral part layer 5',87,32,1,41,41.1,1906,Frontal,5,6199,0.4715165312,3.29E+02,-31,6.681367086,8.452545992,0,6.666194219,6.911139116,6.897545565,1,0.6048899756,0.000009999900001,0.00001463574441
Orbital area lateral part layer 5',23,37,1,41,41.1,1907,Frontal,5,1364,0.58013636,3.34E+02,-26,2.680892616,1.861060974,0,2.722934187,2.044570828,2.580834408,0.9430379747,0.2092909535,0.000009999900001,0.00001463574441
Orbital area lateral part layer 5',23,40,1,41,41.1,1908,Frontal,5,1258,0.2964086779,3.06E+02,-54,1.644118947,1.715068654,0,1.408581579,5.209370582,1.65277981,0.9493670886,0.1327628362,0.000009999900001,0.00001463574441
Orbital area lateral part layer 5',21,46,1,41,41.1,1909,Frontal,5,4555,0.4082505648,3.21E+02,-39,7.812789504,6.213542284,0,7.679256767,9.834140823,7.617608023,1,0.4645476773,0.000009999900001,0.00001463574441
Orbital area lateral part layer 5',21,47,1,41,41.1,1910,Frontal,5,972,0.4670732827,3.15E+02,-45,2.043578396,1.324846192,0,2.155538277,0.348923764,1.955858828,0.9050632911,0.12200489,0.000009999900001,0.00001463574441
Orbital area lateral part layer 5',22,51,1,41,41.1,1911,Frontal,5,1043,0.4985895839,3.27E+02,-33,2.001849488,1.423084015,0,2.100942092,0.5019605026,1.931212842,0.917721519,0.1537897311,0.000009999900001,0.00001463574441
Orbital area lateral part layer 5',84,53,1,41,41.1,1912,Frontal,5,5969,0.8137429494,3.43E+02,-17,2.508855712,8.136001897,0,2.564807458,1.661978981,3.195651844,0.9936708861,0.5574572127,0.000009999900001,0.00001463574441
Orbital area lateral part layer 5',21,54,1,41,41.1,1913,Frontal,5,5835,0.3846662814,3.25E+02,-35,9.520639873,7.961356879,0,9.389330614,11.50836274,9.330337529,1,0.5894865526,0.000009999900001,0.00001463574441
Orbital area lateral part layer 5',84,55,1,41,41.1,1914,Frontal,5,1212,0.6022129242,3.24E+02,-36,0.8110582161,1.653670015,0,0.843409958,0.3213771511,0.9138998083,0.9430379747,0.1657701711,0.000009999900001,0.00001463574441
Orbital area lateral part layer 6a',48,72,1,41,41.1,1915,Frontal,6,3801,0.6780901814,3.36E+02,-24,2.602176723,5.18340956,0,2.571682533,3.063795507,2.917218812,0.9936708861,0.4863080685,0.000009999900001,0.00001463574441
Orbital area lateral part layer 6a',15,78,1,41,41.1,1916,Frontal,6,2707,0.5201803078,3.31E+02,-29,4.097209664,3.692104835,0,3.94973069,6.329599509,4.04777016,1,0.3432762836,0.000009999900001,0.00001463574441
Orbital area lateral part layer 6a',47,80,1,41,41.1,1917,Frontal,6,746,0.4669406538,3.26E+02,-34,1.823932602,1.017852996,0,1.52626669,6.329599509,1.72555208,0.8860759494,0.09486552567,0.000009999900001,0.00001463574441
Orbital area lateral part layer 6a',15,81,1,41,41.1,1918,Frontal,6,3085,0.5225944251,3.28E+02,-32,3.293928199,4.20648899,0,2.937274766,8.692486753,3.405309253,0.9936708861,0.3405867971,0.000009999900001,0.00001463574441
Orbital area lateral part layer 6a',47,83,1,41,41.1,1919,Frontal,6,413,0.1455867217,2.98E+02,-62,3.291652077,0.5635030662,0,3.131192328,5.720513289,2.958684018,0.6265822785,0.03105134474,0.008839911601,0.01129962579
Orbital area lateral part layer 6a',111,84,1,41,41.1,1920,Frontal,6,1321,0.535079448,3.31E+02,-29,4.429144154,1.802391163,0,3.892910216,12.54595183,4.108552491,0.9556962025,0.1836185819,0.000009999900001,0.00001463574441
Orbital area lateral part layer 6a',111,85,1,41,41.1,1921,Frontal,6,1113,0.5385915387,3.37E+02,-23,2.058562867,1.518593009,0,2.091033895,1.567096203,1.99266128,0.9113924051,0.1701711491,0.000009999900001,0.00001463574441
Orbital area lateral part layer 6a',111,86,1,41,41.1,1922,Frontal,6,2853,0.4995427294,3.26E+02,-34,5.501197718,3.888580481,0,5.335462755,8.009942899,5.304382397,0.9936708861,0.3640586797,0.000009999900001,0.00001463574441
Orbital area lateral part layer 6a',111,87,1,41,41.1,1923,Frontal,6,16036,0.8044338995,3.50E+02,-10,21.11596515,21.86610203,1,20.9540159,23.56765775,21.20753797,1,0.9555012225,0.000009999900001,0.00001463574441
Orbital area lateral part layer 6a',46,93,1,41,41.1,1924,Frontal,6,252,0.6905152028,3.44E+02,-16,0.6054485093,0.3438323794,0,0.6056132401,0.6029647501,0.5735187572,0.5632911392,0.04547677262,0.000009999900001,0.00001463574441
Orbital area lateral part layer 6a',46,94,1,41,41.1,1925,Frontal,6,1277,0.7624987651,3.46E+02,-14,1.418593171,1.73962811,0,1.460549059,0.7835481017,1.457776771,0.9367088608,0.2180929095,0.000009999900001,0.00001463574441
Agranular insular area dorsal part layer 6a',13,95,1,41,41.1,1926,Frontal,6,3259,0.6732879081,3.43E+02,-17,2.781800701,4.441168233,0,2.75973606,3.115827998,2.984329166,0.9936708861,0.3738386308,0.000009999900001,0.00001463574441
Agranular insular area dorsal part layer 6a',110,104,1,41,41.1,1927,Frontal,6,28,0.6882667464,3.24E+02,-36,0.1682433671,0.03820359771,0,0.1785497466,0.01224293909,0.1523721437,0.1329113924,0.005134474328,0.0000399996,0.0000569867719
Agranular insular area dorsal part layer 6a',110,106,1,41,41.1,1928,Frontal,6,738,0.5877275703,3.56E+02,-4,2.094980822,1.006937682,0,2.218424994,0.2264943731,1.962186851,0.8417721519,0.1246943765,0.000009999900001,0.00001463574441
Agranular insular area dorsal part layer 6a',110,109,1,41,41.1,1929,Frontal,6,86,0.8596408314,3.56E+02,-4,0.2023852003,0.1173396215,0,0.2155538277,0.003060734772,0.1920055537,0.3037974684,0.02078239609,0.000009999900001,0.00001463574441
Agranular insular area dorsal part layer 6a',110,110,1,41,41.1,1930,Frontal,6,9862,0.5824074589,3.45E+02,-15,3.455153523,13.44630198,0,3.613054215,1.065135701,4.674577536,1,0.7811735941,0.000009999900001,0.00001463574441
Agranular insular area dorsal part layer 6a',13,111,1,41,41.1,1931,Frontal,6,3713,0.474751695,3.22E+02,-38,6.296892109,5.064705524,0,6.291098205,6.384692735,6.146509097,1,0.4156479218,0.000009999900001,0.00001463574441
Agranular insular area dorsal part layer 6a',45,116,1,41,41.1,1932,Frontal,6,312,0.467748431,3.56E+02,-4,1.455769834,0.4256972316,0,1.4190964,2.010902745,1.330050614,0.5759493671,0.0413202934,0.000009999900001,0.00001463574441
Agranular insular area dorsal part layer 6a',45,119,1,41,41.1,1933,Frontal,6,2315,0.7824902489,1.151331429,1.151331429,4.407141639,3.154525639,0,4.579204486,1.802772781,4.254263557,0.9746835443,0.4129584352,0.000009999900001,0.00001463574441
Agranular insular area dorsal part layer 6a',44,133,1,41,41.1,1934,Frontal,6,149,0.8118191428,3.46E+02,-14,0.301017163,0.2032977164,0,0.3138269611,0.107125717,0.2890907557,0.4493670886,0.03300733496,0.000009999900001,0.00001463574441
Agranular insular area dorsal part layer 6a',73,135,1,41,41.1,1935,Frontal,6,1932,0.6428233555,2.97E+02,-63,5.052991318,2.634683827,0,4.977756638,6.191866444,4.757841003,1,0.2051344743,0.000009999900001,0.00001463574441
Agranular insular area dorsal part layer 6a',44,137,1,41,41.1,1936,Frontal,6,3979,0.8220449486,3.464526941,3.464526941,2.965976923,5.422182046,0,3.126945958,0.5295071156,3.265759683,0.9936708861,0.5557457213,0.000009999900001,0.00001463574441
Agranular insular area dorsal part layer 6a',44,138,1,41,41.1,1937,Frontal,6,8065,0.7486598911,2.78E+02,-82,6.437632332,11.00263614,0,6.405750194,6.92032132,6.994797293,1,0.4388753056,0.000009999900001,0.00001463574441
Agranular insular area dorsal part layer 6a',71,144,1,41,41.1,1938,Frontal,6,1144,0.5573383568,3.40E+02,-20,4.679517598,1.560889849,0,4.274476889,10.81051522,4.298892775,0.9810126582,0.1863080685,0.000009999900001,0.00001463574441
Agranular insular area dorsal part layer 6a',71,145,1,41,41.1,1939,Frontal,6,380,0.6849152106,2.70E+02,-90,0.2213528854,0.5184773974,0,0.209689793,0.3978955204,0.2576171653,0.8227848101,0.02860635697,0.000009999900001,0.00001463574441
Agranular insular area dorsal part layer 6a',43,149,1,41,41.1,1940,Frontal,6,8628,0.6868477797,3.00E+02,-60,9.70633351,11.76943692,0,9.041734901,19.76622516,9.958144066,1,0.7391198044,0.000009999900001,0.00001463574441
Agranular insular area dorsal part layer 6a',43,152,1,41,41.1,1941,Frontal,6,183,0.9043608422,3.48E+02,-12,0.327761599,0.2496877993,0,0.3370808919,0.1867048211,0.3182329689,0.5189873418,0.04645476773,0.000009999900001,0.00001463574441
Agranular insular area dorsal part layer 6a',43,154,1,41,41.1,1942,Frontal,6,1550,0.8227800969,2.72E+02,-88,0.5766176279,2.114842016,0,0.6126905233,0.03060734772,0.7643586224,0.9303797468,0.07359413203,0.000009999900001,0.00001463574441
Secondary motor area layer 6a',107,156,1,41,41.1,1943,Frontal,6,11384,0.6315603311,2.60E+02,-100,13.80449156,15.52839805,0,13.27678121,21.79243158,14.01490668,1,0.4569682152,0.000009999900001,0.00001463574441
Agranular insular area dorsal part layer 6a',71,157,1,41,41.1,1944,Frontal,6,534,0.4797850923,3.43E+02,-17,2.111672385,0.7285971848,0,2.109030415,2.151696545,1.942869727,0.8607594937,0.07897310513,0.000009999900001,0.00001463574441
Secondary motor area layer 6a',42,165,1,41,41.1,1945,Frontal,6,895,0.7316436631,3.46E+02,-14,1.054982647,1.214328641,0,1.119221798,0.08263983885,1.074431772,0.6835443038,0.169193154,0.000009999900001,0.00001463574441
Secondary motor area layer 6a',5,167,1,41,41.1,1946,Frontal,6,1101,0.8516899568,0.6590851266,0.6590851266,1.283922606,1.500855624,1,1.352772146,0.241798047,1.310400436,0.9746835443,0.233007335,0.000009999900001,0.00001463574441
Secondary motor area layer 6a',68,169,1,41,41.1,1947,Frontal,6,1372,0.903773683,3.48E+02,-12,0.4504825218,1.870611873,0,0.4749868117,0.07957910408,0.623809891,0.9683544304,0.2555012225,0.000009999900001,0.00001463574441
Secondary motor area layer 6a',66,176,1,41,41.1,1948,Frontal,6,93,0.8083289298,3.37E+02,-23,0.1500343894,0.126890521,0,0.1597443939,0.003060734772,0.1472098088,0.3164556962,0.01931540342,0.000009999900001,0.00001463574441
Secondary motor area layer 6a',4,179,1,41,41.1,1949,Frontal,6,5428,0.7948805917,3.40E+02,-20,12.72523028,7.39376057,0,11.92785102,24.79195166,12.07436833,1,0.8540342298,0.000009999900001,0.00001463574441
Secondary motor area layer 6a',3,181,1,41,41.1,1950,Frontal,6,2232,0.8195064181,3.43E+02,-17,3.811746003,3.044008089,0,3.603954851,6.957050137,3.718046833,0.9873417722,0.4486552567,0.000009999900001,0.00001463574441
Secondary motor area layer 6a',1,190,1,41,41.1,1951,Frontal,6,2479,0.8114239165,3.49E+02,-11,6.552955858,3.379653983,0,6.288873916,10.55035276,6.165659694,1,0.4633251834,0.000009999900001,0.00001463574441
Secondary motor area layer 6a',0,196,1,41,41.1,1952,Frontal,6,142,0.6739890443,3.42E+02,-18,0.7169784978,0.1937468169,0,0.7427103275,0.3274986206,0.6531186312,0.4936708861,0.02738386308,0.000009999900001,0.00001463574441
Secondary motor area layer 6a',63,197,1,41,41.1,1953,Frontal,6,1323,0.8636674327,3.39E+02,-21,3.887806421,1.803755577,0,3.898976459,3.715732013,3.633284624,0.9810126582,0.2921760391,0.000009999900001,0.00001463574441
Secondary motor area layer 6a',38,205,1,41,41.1,1954,Frontal,6,308,0.3777903052,3.55E+02,-5,2.478507416,0.4202395748,0,2.484126429,2.393494592,2.227297729,0.5949367089,0.04278728606,0.000009999900001,0.00001463574441
Secondary motor area layer 6a',101,219,1,41,41.1,1955,Frontal,6,946,0.6939901405,3.46E+02,-14,3.356900914,1.288007008,0,3.384963485,2.932183912,3.104395085,0.9620253165,0.171393643,0.000009999900001,0.00001463574441
Secondary motor area layer 6a',58,223,1,41,41.1,1956,Frontal,6,1111,0.956479345,3.49E+02,-11,0.5553738205,1.514499766,0,0.5726533208,0.2938305381,0.6724357554,0.9556962025,0.2432762836,0.000009999900001,0.00001463574441
Secondary motor area layer 5',56,229,1,41,41.1,1957,Frontal,5,1129,0.7645832803,3.58E+02,-2,1.546435368,1.537694808,1,1.644154008,0.06733616499,1.545369938,0.917721519,0.1907090465,0.000009999900001,0.00001463574441
Secondary motor area layer 5',56,230,1,41,41.1,1958,Frontal,5,196,0.8383952945,3.51E+02,-9,0.220594178,0.2674251839,0,0.2301128104,0.07651836931,0.2263101019,0.6455696203,0.0435207824,0.000009999900001,0.00001463574441
Orbital area lateral part layer 5',160,261,1,41,41.1,1959,Frontal,5,316,0.6321612096,3.47E+02,-13,1.089693511,0.4311548884,0,1.116390884,0.685604589,1.009319741,0.7151898734,0.06039119804,0.000009999900001,0.00001463574441
Orbital area lateral part layer 5',162,262,1,41,41.1,1960,Frontal,5,11113,0.6423904454,3.48E+02,-12,12.93823738,15.15454856,1,12.96760504,12.49391934,13.2087498,1,0.8227383863,0.000009999900001,0.00001463574441
Orbital area lateral part layer 5',162,263,1,41,41.1,1961,Frontal,5,1002,0.8043595184,3.48E+02,-12,0.9153804843,1.365778618,0,0.8842559929,1.386512852,0.9703524385,0.9113924051,0.1816625917,0.000009999900001,0.00001463574441
Orbital area lateral part layer 5',161,264,1,41,41.1,1962,Frontal,5,342,0.6638263587,3.37E+02,-23,0.8757380224,0.4666296577,0,0.9192379931,0.2173121688,0.8258070607,0.6898734177,0.05892420538,0.000009999900001,0.00001463574441
Orbital area lateral part layer 5',162,265,1,41,41.1,1963,Frontal,5,1083,0.7358699906,3.56E+02,-4,0.7799512125,1.477660583,0,0.7627289287,1.040649823,0.8651074169,0.9113924051,0.1899755501,0.000009999900001,0.00001463574441
Orbital area lateral part layer 5',161,266,1,41,41.1,1964,Frontal,5,218,0.6999884075,3.47E+02,-13,0.8988785982,0.2974422964,0,0.9350102244,0.3519844988,0.8254740068,0.6518987342,0.04107579462,0.000009999900001,0.00001463574441
Orbital area lateral part layer 5',161,270,1,41,41.1,1965,Frontal,5,3364,0.5418972482,3.33E+02,-27,3.738720416,4.584431725,0,3.792210586,2.929123177,3.841942871,1,0.4193154034,0.000009999900001,0.00001463574441
Orbital area lateral part layer 5',160,274,1,41,41.1,1966,Frontal,5,479,0.653292513,3.43E+02,-17,0.3956659118,0.6521899894,0,0.3918792852,0.4529887463,0.4269750562,0.7721518987,0.08973105134,0.000009999900001,0.00001463574441
Orbital area lateral part layer 5',163,282,1,41,41.1,1967,Frontal,5,1355,0.4763232266,3.07E+02,-53,1.637669934,1.848781246,0,1.661948321,1.27020493,1.663437534,0.9556962025,0.1611246944,0.000009999900001,0.00001463574441
Orbital area lateral part layer 5',163,283,1,41,41.1,1968,Frontal,5,5417,0.4641671434,3.46E+02,-14,25.59897753,7.388302913,1,25.62744936,25.16842203,23.37638475,1,0.5452322738,0.000009999900001,0.00001463574441
Orbital area lateral part layer 5',232,299,1,41,41.1,1969,Frontal,5,2719,0.4323809,3.55E+02,-5,4.860469314,3.707113392,0,4.409754103,11.68282463,4.719706335,0.9746835443,0.2970660147,0.000009999900001,0.00001463574441
Orbital area lateral part layer 5',234,304,1,41,41.1,1970,Frontal,5,2207,0.3641011935,3.50E+02,-10,6.466652891,3.009897734,0,6.530512588,5.500140386,6.044761141,0.9746835443,0.2784841076,0.000009999900001,0.00001463574441
Orbital area lateral part layer 5',233,306,1,41,41.1,1971,Frontal,5,1508,0.3426984187,11.74195405,11.74195405,3.843232361,2.056172205,0,3.728717244,5.576658755,3.625124804,0.9493670886,0.1924205379,0.000009999900001,0.00001463574441
Orbital area lateral part layer 5',233,311,1,41,41.1,1972,Frontal,5,11701,0.3412410577,3.34E+02,-26,12.88911107,15.95682411,0,12.88510413,12.94996882,13.26353716,1,0.8366748166,0.000009999900001,0.00001463574441
Orbital area lateral part layer 5',235,316,1,41,41.1,1973,Frontal,5,3481,0.587396341,3.53E+02,-7,5.524907324,4.742703772,1,5.544545924,5.224674256,5.429277596,0.9936708861,0.4124694377,0.000009999900001,0.00001463574441
Orbital area lateral part layer 6a',207,328,1,41,41.1,1974,Frontal,6,544,0.3634533288,7.824762296,7.824762296,3.09988878,0.7422413269,0,3.1829576,1.842562333,2.812140317,0.6898734177,0.06161369193,0.000009999900001,0.00001463574441
Orbital area lateral part layer 6a',175,331,1,41,41.1,1975,Frontal,6,1108,0.3730913357,2.82E+02,-78,0.4571212116,1.511770938,0,0.4759978521,0.1714011472,0.5858417503,0.8797468354,0.09755501222,0.000009999900001,0.00001463574441
Orbital area lateral part layer 6a',207,332,1,41,41.1,1976,Frontal,6,1047,0.3790349144,3.34E+02,-26,2.754297557,1.425812843,0,2.762162557,2.632231904,2.591991712,0.9050632911,0.135207824,0.000009999900001,0.00001463574441
Orbital area lateral part layer 6a',176,339,1,41,41.1,1977,Frontal,6,7268,0.2937948046,3.32E+02,-28,11.38440461,9.915198019,1,10.70995167,21.59042308,11.20493121,1,0.6234718826,0.000009999900001,0.00001463574441
Orbital area lateral part layer 6a',177,340,1,41,41.1,1978,Frontal,6,2675,0.2000659968,3.40E+02,-20,3.004101971,3.648443581,0,2.961539738,3.648395849,3.082746584,0.9620253165,0.2457212714,0.000009999900001,0.00001463574441
Orbital area lateral part layer 6a',177,341,1,41,41.1,1979,Frontal,6,1346,0.4768606613,3.28E+02,-32,3.760343577,1.836501518,0,3.747118181,3.960590795,3.525541698,0.9303797468,0.1775061125,0.000009999900001,0.00001463574441
Orbital area lateral part layer 6a',144,343,1,41,41.1,1980,Frontal,6,1135,0.3475935049,3.16E+02,-44,4.729781963,1.548610121,0,4.932462025,1.661978981,4.34152367,0.917721519,0.1202933985,0.000009999900001,0.00001463574441
Orbital area lateral part layer 6a',144,344,1,41,41.1,1981,Frontal,6,5338,0.5921002274,3.43E+02,-17,3.748204258,7.276420949,0,3.723257626,4.122809738,4.17866033,1,0.5293398533,0.000009999900001,0.00001463574441
Orbital area lateral part layer 6a',239,345,1,41,41.1,1982,Frontal,6,11894,0.7037106646,3.52E+02,-8,12.06515483,16.21333398,1,11.66922687,18.05527442,12.5712847,1,0.7809290954,0.000009999900001,0.00001463574441
Orbital area lateral part layer 6a',177,346,1,41,41.1,1983,Frontal,6,8075,0.1627421597,2.90E+02,-70,12.82101709,11.01218704,0,12.28393947,20.95072952,12.60026038,1,0.5931540342,0.000009999900001,0.00001463574441
Orbital area lateral part layer 6a',178,350,1,41,41.1,1984,Frontal,6,5664,0.4764822092,3.41E+02,-19,8.038504957,7.726677636,1,7.538722142,15.60362587,8.000453442,1,0.6410757946,0.000009999900001,0.00001463574441
Orbital area lateral part layer 6a',209,351,1,41,41.1,1985,Frontal,6,7906,0.7490505295,9.588153317,9.588153317,0.2742727269,10.7775078,0,0.2869332847,0.08263983885,1.556194189,0.9810126582,0.7127139364,0.000009999900001,0.00001463574441
Orbital area lateral part layer 6a',178,352,1,41,41.1,1986,Frontal,6,1824,0.2284155185,3.47E+02,-13,3.53121394,2.488691508,0,3.561086735,3.079099181,3.403977037,0.9240506329,0.1870415648,0.000009999900001,0.00001463574441
Orbital area lateral part layer 6b',179,358,1,41,41.1,1987,Frontal,6,214,0.5239283514,3.35E+02,-25,0.1944187726,0.2906202254,1,0.1904800241,0.2540409861,0.206160343,0.6772151899,0.03594132029,0.000009999900001,0.00001463574441
Orbital area lateral part layer 6b',179,360,1,41,41.1,1988,Frontal,6,5226,0.6514591609,3.36E+02,-24,5.495128058,7.126335386,1,5.09847487,11.49918054,5.694221947,1,0.5858190709,0.000009999900001,0.00001463574441
Orbital area lateral part layer 6b',145,361,1,41,41.1,1989,Frontal,6,4719,0.5753116116,3.45E+02,-15,4.606112656,6.435941799,0,4.302381606,9.20362946,4.829447584,1,0.6073349633,0.000009999900001,0.00001463574441
Orbital area lateral part layer 6b',242,363,1,41,41.1,1990,Frontal,6,905,0.3509079855,3.52E+02,-8,2.296227962,1.234794854,0,2.15735815,4.398275868,2.166681925,0.8607594937,0.1158924205,0.000009999900001,0.00001463574441
Orbital area lateral part layer 6b',179,365,1,41,41.1,1991,Frontal,6,466,0.7043517838,3.50E+02,-10,0.4032529858,0.635817019,0,0.4102802217,0.2938305381,0.4314712834,0.8101265823,0.08826405868,0.000009999900001,0.00001463574441
Orbital area lateral part layer 6b',179,366,1,41,41.1,1992,Frontal,6,983,0.4798612655,3.25E+02,-35,1.517983841,1.341219162,0,1.43608188,2.75772203,1.49641102,0.8037974684,0.1163814181,0.000009999900001,0.00001463574441
Orbital area lateral part layer 6b',145,367,1,41,41.1,1993,Frontal,6,714,0.1505887041,3.26E+02,-34,2.112810446,0.9741917415,0,1.942208738,4.695167141,1.973843737,0.8481012658,0.07261613692,0.000009999900001,0.00001463574441
Orbital area lateral part layer 6b',145,368,1,41,41.1,1994,Frontal,6,856,0.08365392807,2.21E+02,-139,1.634824781,1.163845316,0,1.636672309,1.606885755,1.577343109,0.7341772152,0.0586797066,0.0402195978,0.04883188493
Orbital area lateral part layer 6b',242,369,1,41,41.1,1995,Frontal,6,2536,0.4126418408,3.30E+02,-30,2.77402395,3.460154421,0,2.742143956,3.256621798,2.857768697,0.9746835443,0.2848410758,0.000009999900001,0.00001463574441
Orbital area lateral part layer 6a',243,372,1,41,41.1,1996,Frontal,6,39,0.5082655851,3.06E+02,-54,0.2020058466,0.05321215395,0,0.2109030415,0.06733616499,0.183845734,0.1518987342,0.00586797066,0.00007999920001,0.000112268204
Orbital area lateral part layer 6a',243,373,1,41,41.1,1997,Frontal,6,290,0.4204666011,3.43E+02,-17,3.077317235,0.3956801191,0,3.243215612,0.5662359329,2.750025771,0.6265822785,0.04254278729,0.000009999900001,0.00001463574441
Orbital area lateral part layer 6a',180,374,1,41,41.1,1998,Frontal,6,577,0.2185679407,3.36E+02,-24,1.830571292,0.7872669956,0,1.841306899,1.668100451,1.703237471,0.7215189873,0.05696821516,0.000009999900001,0.00001463574441
Orbital area lateral part layer 6a',210,375,1,41,41.1,1999,Frontal,6,743,0.3969716399,3.44E+02,-16,1.086658681,1.013759753,0,0.9695878084,2.858726277,1.07776231,0.8227848101,0.09535452323,0.000009999900001,0.00001463574441
Orbital area lateral part layer 6a',180,376,1,41,41.1,2000,Frontal,6,1036,0.4345857857,0.9908370984,0.9908370984,1.821277126,1.413533115,0,1.707040725,3.550452336,1.771513513,0.917721519,0.1449877751,0.000009999900001,0.00001463574441
Orbital area lateral part layer 6a',180,378,1,41,41.1,2001,Frontal,6,8740,0.3794003082,3.26E+02,-34,13.00177912,11.91952248,1,12.49726901,20.63547383,12.86953444,1,0.7452322738,0.000009999900001,0.00001463574441
Orbital area lateral part layer 6a',180,379,1,41,41.1,2002,Frontal,6,1007,0.4210321501,3.52E+02,-8,1.477772348,1.371236275,0,1.407570539,2.540409861,1.464770903,0.8607594937,0.1276283619,0.000009999900001,0.00001463574441
Orbital area lateral part layer 6a',243,383,1,41,41.1,2003,Frontal,6,121,0.5691337604,15.16532549,15.16532549,0.158190494,0.1650941187,0,0.1565090644,0.1836440863,0.159033221,0.4746835443,0.02151589242,0.000009999900001,0.00001463574441
Orbital area lateral part layer 6b',210,384,1,41,41.1,2004,Frontal,6,5527,0.5049318438,1.857057026,1.857057026,2.744434361,7.532930819,0,2.631738337,4.450308359,3.328873391,0.9936708861,0.6909535452,0.000009999900001,0.00001463574441
Orbital area lateral part layer 6a',180,385,1,41,41.1,2005,Frontal,6,3869,0.3251465685,3.39E+02,-21,4.962136106,5.273460898,0,4.556354971,11.10434575,5.00013769,0.9936708861,0.4569682152,0.000009999900001,0.00001463574441
Orbital area lateral part layer 6a',181,388,1,41,41.1,2006,Frontal,6,1981,0.8220390524,5.601490384,5.601490384,1.584750092,2.697446881,0,1.62170891,1.025346149,1.720556272,0.9873417722,0.3562347188,0.000009999900001,0.00001463574441
Orbital area lateral part layer 6a',146,389,1,41,41.1,2007,Frontal,6,95,0.4330879572,2.97E+02,-63,0.3454015462,0.1296193494,0,0.3595259903,0.1316115952,0.3190656036,0.2848101266,0.009290953545,0.000009999900001,0.00001463574441
Orbital area lateral part layer 6a',146,391,1,41,41.1,2008,Frontal,6,21,0.21944389,3.05E+02,-55,0.09540745619,0.02865269828,0,0.0996885901,0.03060734772,0.08726011289,0.05696202532,0.001711491443,0.5263847362,0.5599678833
Orbital area lateral part layer 6a',244,392,1,41,41.1,2009,Frontal,6,31,0.5902070415,3.00E+02,-60,0.3440738082,0.04229684032,0,0.2942127761,1.098803783,0.3072421914,0.1455696203,0.00391198044,0.000009999900001,0.00001463574441
Orbital area lateral part layer 6a',181,393,1,41,41.1,2010,Frontal,6,2668,0.1346349223,2.59E+02,-101,2.603504461,3.640257096,0,2.502122949,4.138113412,2.730042539,0.9556962025,0.182396088,0.000009999900001,0.00001463574441
Orbital area lateral part layer 6a',211,399,1,41,41.1,2011,Frontal,6,331,0.6153403157,3.42E+02,-18,0.485952093,0.4516211014,0,0.516843887,0.01836440863,0.4817624171,0.5569620253,0.05012224939,0.000009999900001,0.00001463574441
Orbital area lateral part layer 6a',182,400,1,41,41.1,2012,Frontal,6,17,0.5039890552,3.51E+02,-9,0.3932001127,0.02319504146,0,0.4179641293,0.01836440863,0.34804129,0.08860759494,0.003422982885,0.0164698353,0.02064231585
Orbital area lateral part layer 6a',182,406,1,41,41.1,2013,Frontal,6,13476,0.2622344365,2.81E+02,-79,9.792636478,18.38138815,0,9.478908799,14.5415509,10.84090334,1,0.7195599022,0.000009999900001,0.00001463574441
Orbital area lateral part layer 6a',183,410,1,41,41.1,2014,Frontal,6,408,0.3848428074,2.87E+02,-73,1.196860932,0.5566809951,0,1.268855787,0.107125717,1.118727936,0.7025316456,0.03643031785,0.000009999900001,0.00001463574441
Orbital area lateral part layer 6a',183,412,1,41,41.1,2015,Frontal,6,10771,0.753783444,3.44E+02,-16,11.99421569,14.68109683,1,11.31354283,22.29745282,12.32216041,1,0.9552567237,0.000009999900001,0.00001463574441
Orbital area lateral part layer 6a',212,414,1,41,41.1,2016,Frontal,6,1722,0.3203837439,3.34E+02,-26,4.950755495,2.349521259,0,4.715492741,8.511903402,4.633278857,0.9810126582,0.2034229829,0.000009999900001,0.00001463574441
Orbital area lateral part layer 6a',246,417,1,41,41.1,2017,Frontal,6,2413,0.180117138,3.30E+02,-30,1.956896075,3.290967059,0,1.983459189,1.554853264,2.11972133,0.9936708861,0.2246943765,0.000009999900001,0.00001463574441
Orbital area lateral part layer 6a',246,418,1,41,41.1,2018,Frontal,6,470,0.5637121443,3.09E+02,-51,0.6395903425,0.6412746758,0,0.6652646276,0.2509802513,0.6397964766,0.7341772152,0.05770171149,0.000009999900001,0.00001463574441
Orbital area lateral part layer 6a',246,420,1,41,41.1,2019,Frontal,6,121,0.5049094853,3.29E+02,-31,0.07643977107,0.1650941187,0,0.07421037032,0.1101864518,0.08726011289,0.4746835443,0.01833740831,0.000009999900001,0.00001463574441
Orbital area lateral part layer 6a',184,423,1,41,41.1,2020,Frontal,6,4954,0.03501529296,2.62E+02,-98,4.332219283,6.757943551,0,3.917175187,10.61156746,4.628116522,0.9810126582,0.3144254279,0.1066689333,0.1242814539
Orbital area lateral part layer 6a',184,424,1,41,41.1,2021,Frontal,6,669,0.1993705446,14.27517716,14.27517716,4.09929611,0.9127931023,0,3.965502922,6.124530279,3.710386594,0.7721518987,0.07555012225,0.0000199998,0.00002885868577
Orbital area lateral part layer 6a',247,429,1,41,41.1,2022,Frontal,6,73,0.6357228445,3.43E+02,-17,0.149275682,0.09960223688,0,0.1559024401,0.04897175636,0.1432131624,0.2151898734,0.01002444988,0.000009999900001,0.00001463574441
Orbital area lateral part layer 6a',212,431,1,41,41.1,2023,Frontal,6,1229,0.3786376554,3.42E+02,-18,4.653911223,1.676865056,0,4.281554172,10.2901903,4.290566429,0.9620253165,0.1537897311,0.000009999900001,0.00001463574441
Orbital area lateral part layer 6a',248,435,1,41,41.1,2024,Frontal,6,468,0.6409994917,3.48E+02,-12,0.9360552611,0.6385458474,0,0.9586685713,0.5937825458,0.899745019,0.7848101266,0.07995110024,0.000009999900001,0.00001463574441
Orbital area lateral part layer 6a',213,443,1,41,41.1,2025,Frontal,6,194,0.4499833795,5.613278575,5.613278575,1.809137807,0.2646963555,0,1.590568864,5.117548539,1.620640112,0.4240506329,0.0271393643,0.000009999900001,0.00001463574441
Orbital area lateral part layer 6a',250,448,1,41,41.1,2026,Frontal,6,538,0.5993987418,3.19E+02,-41,1.799084934,0.7326904274,0,1.746471304,2.595503087,1.668932922,0.7658227848,0.07677261614,0.000009999900001,0.00001463574441
Orbital area lateral part layer 6a',187,450,1,41,41.1,2027,Frontal,6,1570,0.7581020621,2.90E+02,-70,1.597079088,2.140765886,0,1.051482086,9.855565967,1.663437534,0.9556962025,0.1349633252,0.000009999900001,0.00001463574441
Orbital area lateral part layer 6a',187,455,1,41,41.1,2028,Frontal,6,197,0.8385630703,3.20E+02,-40,0.4922114291,0.2687895981,0,0.5156306384,0.1377330648,0.4649431969,0.4303797468,0.03667481663,0.000009999900001,0.00001463574441
Orbital area lateral part layer 6a',187,456,1,41,41.1,2029,Frontal,6,191,0.7225254112,3.12E+02,-48,0.3177087259,0.2606031129,0,0.3342499786,0.06733616499,0.310739257,0.335443038,0.0315403423,0.000009999900001,0.00001463574441
Orbital area lateral part layer 6a',188,459,1,41,41.1,2030,Frontal,6,3228,0.5558937678,3.44E+02,-16,7.478768569,4.401600221,0,7.121769053,12.88263266,7.103206327,1,0.4457212714,0.000009999900001,0.00001463574441
Orbital area lateral part layer 6a',214,460,1,41,41.1,2031,Frontal,6,166,0.2851369405,3.14E+02,-46,1.090072864,0.2264927578,0,1.088688375,1.111046722,0.9846737548,0.3860759494,0.01442542787,0.0002699973,0.0003730901918
Orbital area lateral part layer 6a',188,462,1,41,41.1,2032,Frontal,6,1033,0.888054694,3.54E+02,-6,0.8355265299,1.40534663,1,0.8060014607,1.279387135,0.9049073539,0.9113924051,0.2139364303,0.000009999900001,0.00001463574441
Frontal pole layer 6b',252,466,1,41,41.1,2033,Frontal,6,9261,0.707765487,3.18E+02,-42,12.66662013,12.62901787,1,11.89671097,24.31753777,12.66187535,1,0.771393643,0.000009999900001,0.00001463574441
Frontal pole layer 6b',189,467,1,41,41.1,2034,Frontal,6,3220,0.7372960319,7.146642422,7.146642422,12.29428447,4.386591665,1,12.36724921,11.19004633,11.32916031,0.9936708861,0.5026894866,0.000009999900001,0.00001463574441
corpus callosum anterior forceps',150,469,1,41,41.1,2035,Excluded,0,1774,0.551307349,10.24782075,10.24782075,5.932333201,2.417741969,0,5.746754018,8.741458509,5.503382082,0.9936708861,0.2704156479,0.000009999900001,0.00001463574441
Frontal pole layer 6b',189,472,1,41,41.1,2036,Frontal,6,652,0.8224870572,3.53E+02,-7,1.098039292,0.8895980609,0,1.141869104,0.4346243377,1.072599975,0.8734177215,0.1435207824,0.000009999900001,0.00001463574441
Secondary motor area layer 6a',215,473,1,41,41.1,2037,Frontal,6,23,0.5388382244,3.341485395,3.341485395,0.1445337607,0.03138152669,0,0.1538803592,0.003060734772,0.1307236424,0.1265822785,0.004645476773,0.0007099929001,0.0009621878495
Frontal pole layer 6b',252,474,1,41,41.1,2038,Frontal,6,3634,0.8570111729,3.51E+02,-9,5.992650439,4.950094731,1,4.999999528,21.01806568,5.865411634,1,0.6320293399,0.000009999900001,0.00001463574441
Secondary motor area layer 6a',190,477,1,41,41.1,2039,Frontal,6,1548,0.739307761,3.54E+02,-6,4.890438257,2.109384359,0,4.153152033,16.05049315,4.551014552,0.9810126582,0.2850855746,0.000009999900001,0.00001463574441
Frontal pole layer 6b',189,480,1,41,41.1,2040,Frontal,6,151,0.5516361488,3.38E+02,-22,1.131043064,0.2060265448,0,1.189388006,0.2479195166,1.018145668,0.4113924051,0.0271393643,0.000009999900001,0.00001463574441
Secondary motor area layer 6a',253,486,1,41,41.1,2041,Frontal,6,946,0.8051216579,3.29E+02,-31,0.993527347,1.290735837,0,1.02559945,0.5080819722,1.029802554,0.8924050633,0.182396088,0.000009999900001,0.00001463574441
Secondary motor area layer 6a',253,489,1,41,41.1,2042,Frontal,6,95,0.7796313412,0.1608059514,0.1608059514,0.5312848604,0.1282549352,0,0.5653738294,0.01530367386,0.482095471,0.3734177215,0.02224938875,0.000009999900001,0.00001463574441
Secondary motor area layer 6a',151,490,1,41,41.1,2043,Frontal,6,327,0.7739237531,3.55E+02,-5,1.514949011,0.4461634446,0,1.591377696,0.3581059684,1.384504921,0.6139240506,0.06968215159,0.000009999900001,0.00001463574441
Secondary motor area layer 6a',128,495,1,41,41.1,2044,Frontal,6,685,0.947999729,0.6640848897,0.6640848897,0.4370154653,0.9346237296,0,0.4179641293,0.725394141,0.4977490027,0.835443038,0.1474327628,0.000009999900001,0.00001463574441
Secondary motor area layer 6a',152,500,1,41,41.1,2045,Frontal,6,5880,0.8685952467,3.339629563,3.339629563,5.527183446,8.015933447,0,5.484692328,6.170441301,5.830940559,1,0.8872860636,0.000009999900001,0.00001463574441
Secondary motor area layer 6a',192,502,1,41,41.1,2046,Frontal,6,443,0.8769161621,3.56E+02,-4,1.200654469,0.6030710781,0,1.219112596,0.9212811664,1.12772039,0.8227848101,0.09388753056,0.000009999900001,0.00001463574441
Secondary motor area layer 6a',193,508,1,41,41.1,2047,Frontal,6,2539,0.9058121165,5.261669768,5.261669768,1.701970387,3.456061178,0,1.635661268,2.705689539,1.916058891,0.9746835443,0.515403423,0.000009999900001,0.00001463574441
Secondary motor area layer 6a',153,510,1,41,41.1,2048,Frontal,6,401,0.968070135,5.807002637,5.807002637,0.02939991195,0.5457656815,0,0.03033121403,0.01530367386,0.09242244781,0.7848101266,0.09828850856,0.000009999900001,0.00001463574441
Secondary motor area layer 6a',194,516,1,41,41.1,2049,Frontal,6,585,0.8434275009,4.236607255,4.236607255,0.7890557013,0.7981823092,0,0.819549403,0.3274986206,0.790170297,0.7784810127,0.1283618582,0.000009999900001,0.00001463574441
Secondary motor area layer 6a',196,521,1,41,41.1,2050,Frontal,6,423,0.8747453674,0.5711156329,0.5711156329,0.7050288562,0.5744183798,0,0.7228939343,0.4346243377,0.6890884487,0.746835443,0.09339853301,0.000009999900001,0.00001463574441
Secondary motor area layer 6a',196,522,1,41,41.1,2051,Frontal,6,234,0.5939583375,16.90652284,16.90652284,0.8897741093,0.3192729237,0,0.7906336456,2.390433857,0.820145145,0.6392405063,0.04156479218,0.000009999900001,0.00001463574441
Secondary motor area layer 6a',197,525,1,41,41.1,2052,Frontal,6,478,0.6488299974,5.662706799,5.662706799,1.579249464,0.6508255752,0,1.628381777,0.8355805928,1.465936591,0.7721518987,0.09046454768,0.000009999900001,0.00001463574441
Secondary motor area layer 6a',134,527,1,41,41.1,2053,Frontal,6,1803,0.6799621128,8.871697242,8.871697242,4.975223809,2.458674395,0,4.893435863,6.213291588,4.668082986,0.9810126582,0.2787286064,0.000009999900001,0.00001463574441
Secondary motor area layer 6a',135,530,1,41,41.1,2054,Frontal,6,1038,0.9399903217,3.57E+02,-3,0.650401923,1.412168701,0,0.5485905577,2.191486097,0.7433762289,0.9430379747,0.2398533007,0.000009999900001,0.00001463574441
Secondary motor area layer 6a',155,531,1,41,41.1,2055,Frontal,6,827,0.8121000705,15.78909525,15.78909525,0.8656851492,1.124277304,0,0.89517523,0.4193206638,0.897247115,0.7974683544,0.1743276284,0.000009999900001,0.00001463574441
Secondary motor area layer 6a',198,533,1,41,41.1,2056,Frontal,6,1312,0.8516875929,2.333931085,2.333931085,1.288664528,1.787382607,0,1.25894759,1.738497351,1.349534265,0.9936708861,0.2601466993,0.000009999900001,0.00001463574441
Secondary motor area layer 6a',136,536,1,41,41.1,2057,Frontal,6,1867,0.9582658023,3.56E+02,-4,0.536975166,2.540539247,0,0.5443441877,0.4254421333,0.7815108965,0.9873417722,0.362591687,0.000009999900001,0.00001463574441
Secondary motor area layer 5',157,562,1,41,41.1,2058,Frontal,5,174,0.9417257405,3.57E+02,-3,0.06581786739,0.2360436573,0,0.06672867086,0.05203249113,0.08659400516,0.6075949367,0.04303178484,0.000009999900001,0.00001463574441
Agranular insular area dorsal part layer 6a',11,575,1,41,41.1,2059,Frontal,6,2387,0.8099481022,3.56E+02,-4,2.572397457,3.244576977,0,2.489586047,3.825918465,2.654439312,0.9936708861,0.426405868,0.000009999900001,0.00001463574441
Orbital area lateral part layer 6a',48,577,1,41,41.1,2060,Frontal,6,1346,0.7470832652,3.962568574,3.962568574,2.121535582,1.836501518,0,2.046143698,3.262743267,2.086748997,0.9556962025,0.2234718826,0.000009999900001,0.00001463574441
Secondary motor area layer 6a',255,583,1,41,41.1,2061,Frontal,6,986,0.9121567586,3.60E+02,0,1.161770714,1.345312405,0,1.071298479,2.531227657,1.184173021,0.9303797468,0.2139364303,0.000009999900001,0.00001463574441
Orbital area lateral part layer 5',23,584,1,41,41.1,2062,Frontal,5,724,0.534084629,3.19E+02,-41,1.816345528,0.9878358835,0,1.906013489,0.4560494811,1.715060883,0.8987341772,0.09364303178,0.000009999900001,0.00001463574441
Agranular insular area dorsal part layer 6a',45,585,1,41,41.1,2063,Frontal,6,2110,0.7826797448,0.8314853095,0.8314853095,2.184128942,2.876185142,0,2.26129311,1.016163944,2.268596408,0.9683544304,0.380195599,0.000009999900001,0.00001463574441
Orbital area lateral part layer 5',94,586,1,41,41.1,2064,Frontal,5,2919,0.4139591731,3.25E+02,-35,3.799227331,3.982725061,0,3.829214667,3.345383106,3.821626585,0.9936708861,0.2682151589,0.000009999900001,0.00001463574441
Orbital area lateral part layer 5',91,587,1,41,41.1,2065,Frontal,5,7567,0.556595328,3.36E+02,-24,6.881665841,10.32315787,0,6.950094382,5.846003415,7.301706431,1,0.5305623472,0.000009999900001,0.00001463574441
Orbital area lateral part layer 5',84,590,1,41,41.1,2066,Frontal,5,7492,0.4195572063,3.28E+02,-32,10.67558222,10.21809797,0,10.39754017,14.8843532,10.61975557,0.9936708861,0.6171149144,0.000009999900001,0.00001463574441
Orbital area lateral part layer 6a',243,596,1,41,41.1,2067,Frontal,6,546,0.755192513,15.39870242,15.39870242,0.5682718464,0.7449701553,0,0.5813482688,0.3703489074,0.5898383967,0.8101265823,0.104400978,0.000009999900001,0.00001463574441
Orbital area lateral part layer 6a',243,600,1,41,41.1,2068,Frontal,6,325,0.7891009759,3.36E+02,-24,0.5324229215,0.4434346162,0,0.5400978178,0.416259929,0.5215623541,0.6139240506,0.05036674817,0.000009999900001,0.00001463574441
Orbital area lateral part layer 6a',211,601,1,41,41.1,2069,Frontal,6,880,0.5372478219,3.19E+02,-41,1.753941844,1.200684499,0,1.801876321,1.028406883,1.68641825,0.9303797468,0.1144254279,0.000009999900001,0.00001463574441
Orbital area lateral part layer 6a',246,603,1,41,41.1,2070,Frontal,6,2163,0.5371608357,3.43E+02,-17,2.074306046,2.949863509,0,2.046143698,2.500620309,2.181169768,0.9810126582,0.3114914425,0.000009999900001,0.00001463574441
Orbital area lateral part layer 6a',212,606,1,41,41.1,2071,Frontal,6,477,0.8866607758,2.901772458,2.901772458,0.6445219406,0.6508255752,0,0.6838677722,0.04897175636,0.6452918653,0.746835443,0.1046454768,0.000009999900001,0.00001463574441
Orbital area lateral part layer 6a',249,607,1,41,41.1,2072,Frontal,6,8554,0.6754063708,3.00E+02,-60,11.66626441,11.66983468,0,11.39058412,15.83930245,11.6667104,0.9936708861,0.5599022005,0.000009999900001,0.00001463574441
Orbital area lateral part layer 6a',250,608,1,41,41.1,2073,Frontal,6,2362,0.7213696066,2.83E+02,-77,2.733622781,3.222746349,0,2.780765702,2.02008495,2.793322774,0.9810126582,0.1577017115,0.000009999900001,0.00001463574441
Orbital area lateral part layer 6b',87,11,2,41,41.2,2074,Frontal,6,134,0.6898290033,3.53E+02,-7,0.2891442374,0.3428703021,1,0.3250744995,0.05681136334,0.2944747624,0.56,0.05069124424,0.000009999900001,0.00001463574441
Secondary motor area layer 6a',11,37,2,41,41.2,2075,Frontal,6,35,0.5937346599,24.58875009,24.58875009,0.6146428673,0.08955567591,0,0.666418994,0.2798485676,0.5625483392,0.18,0.009677419355,0.0001799982,0.0002499543172
Secondary motor area layer 6a',7,56,2,41,41.2,2076,Frontal,6,428,0.8830822854,3.58E+02,-2,0.8547509475,1.090020513,0,0.8203331464,1.077311779,0.8780932786,0.71,0.1834101382,0.000009999900001,0.00001463574441
Secondary motor area layer 6a',6,61,2,41,41.2,2077,Frontal,6,215,0.9079493017,3.54E+02,-6,0.1600720535,0.5501277235,0,0.1805969442,0.02735361939,0.1987704646,0.68,0.09631336406,0.000009999900001,0.00001463574441
Secondary motor area layer 6a',7,63,2,41,41.2,2078,Frontal,6,408,0.9332748745,3.53E+02,-7,0.7375150773,1.043963308,0,0.4217182696,2.779548554,0.7679191003,0.61,0.1774193548,0.000009999900001,0.00001463574441
Secondary motor area layer 6a',6,69,2,41,41.2,2079,Frontal,6,379,0.9332849602,3.654304075,3.654304075,0.6701608154,0.9697600334,1,0.2843995121,3.16460335,0.6998852758,0.67,0.1391705069,0.000009999900001,0.00001463574441
Secondary motor area layer 6a',162,126,2,41,41.2,2080,Frontal,6,1704,0.1186750809,72.63056091,72.63056091,5.537703962,4.36008205,1,4.501256808,12.23758849,5.420620346,0.95,0.2594470046,0.000009999900001,0.00001463574441
'Secondary motor area layer 6a'',225,130,2,41,41.2,2081,Frontal,6,1510,0.1278836538,27.53751382,27.53751382,3.153250363,3.863687732,1,2.689755568,6.150356113,3.223737076,0.98,0.234562212,0.000009999900001,0.00001463574441
Secondary motor area layer 6a',229,148,2,41,41.2,2082,Frontal,6,2176,0.05649875333,2.06E+02,-154,5.435404393,5.565245574,0,5.307597759,6.261874715,5.44829082,1,0.3036866359,0.0006699933001,0.0009096229906
Secondary motor area layer 6a',168,150,2,41,41.2,2083,Frontal,6,58,0.4538040325,2.78E+02,-82,0.1600720535,0.1484065487,0,0.1799461444,0.03156186852,0.1589148287,0.38,0.009677419355,0.0000299997,0.00004295758569
Secondary motor area layer 6a',232,152,2,41,41.2,2084,Frontal,6,3312,0.4841640213,7.177155413,7.177155413,5.862920775,8.469408208,1,5.27180377,9.683181262,6.121267195,1,0.7013824885,0.000009999900001,0.00001463574441
Secondary motor area layer 6a',232,155,2,41,41.2,2085,Frontal,6,6360,0.1967304947,24.34622844,24.34622844,17.838734,16.27098695,0,16.47597311,26.64873766,17.68295563,1,0.7511520737,0.000009999900001,0.00001463574441
Secondary motor area layer 6a',234,156,2,41,41.2,2086,Frontal,6,99,0.3639148664,3.50E+02,-10,0.4861343173,0.2533146261,0,0.5460210312,0.0988938547,0.4630361781,0.32,0.02258064516,0.000009999900001,0.00001463574441
Secondary motor area layer 6a',232,158,2,41,41.2,2087,Frontal,6,2021,0.08082716952,2.70E+02,-90,5.645639872,5.1712006,1,4.240936889,14.72887198,5.598574492,0.99,0.2640552995,0.00006999930001,0.00009872708291
Secondary motor area layer 6a',233,159,2,41,41.2,2088,Frontal,6,753,0.1204514732,10.62112487,10.62112487,3.049541709,1.926726399,0,2.820566328,4.530180195,2.938147328,0.86,0.1271889401,0.000009999900001,0.00001463574441
Secondary motor area layer 6a',233,162,2,41,41.2,2089,Frontal,6,2821,0.1313608859,3.45E+02,-15,8.865680863,7.218187478,0,7.7633908,15.99345084,8.702236945,1,0.4815668203,0.000009999900001,0.00001463574441
Secondary motor area layer 6a',235,169,2,41,41.2,2090,Frontal,6,138,0.2565866337,63.64204674,63.64204674,0.316480486,0.3531052364,0,0.3247490996,0.263015571,0.3201143754,0.42,0.0202764977,0.0022299777,0.002942367997
Secondary motor area layer 6a',207,174,2,41,41.2,2091,Frontal,6,380,0.4260056536,3.36E+02,-24,1.272403735,0.972318767,0,0.9000561217,3.68011387,1.242632726,0.78,0.100921659,0.000009999900001,0.00001463574441
Secondary motor area layer 6a',175,175,2,41,41.2,2092,Frontal,6,1977,0.4916233011,20.92339025,20.92339025,4.074510122,5.058616322,1,3.234475,9.506434799,4.172148897,1,0.467281106,0.000009999900001,0.00001463574441
Secondary motor area layer 6a',207,178,2,41,41.2,2093,Frontal,6,31,0.5095333196,2.83E+02,-77,0.1409084978,0.07932074152,0,0.1607475503,0.01262474741,0.1347983611,0.21,0.004608294931,0.0003599964,0.0004950225391
Secondary motor area layer 6a',176,184,2,41,41.2,2094,Frontal,6,83,0.6095093766,3.32E+02,-28,0.1986809819,0.2123748886,0,0.2251767304,0.02735361939,0.2000397524,0.3,0.02396313364,0.000009999900001,0.00001463574441
Secondary motor area layer 6a',144,188,2,41,41.2,2095,Frontal,6,1539,0.3341455645,2.63241646,2.63241646,10.41821069,3.937891006,1,9.947800324,13.46008486,9.775292824,0.98,0.3447004608,0.000009999900001,0.00001463574441
Secondary motor area layer 6a',177,190,2,41,41.2,2096,Frontal,6,3095,0.4103848686,3.51E+02,-9,9.34336067,7.911604283,0,7.791049791,19.3810914,9.201320895,1,0.7069124424,0.000009999900001,0.00001463574441
Secondary motor area layer 6a',239,191,2,41,41.2,2097,Frontal,6,1080,0.37767446,3.01E+02,-59,3.677993609,2.760873552,0,4.17195211,0.4839486507,3.587007235,0.96,0.2069124424,0.000009999900001,0.00001463574441
Secondary motor area layer 6a',177,192,2,41,41.2,2098,Frontal,6,262,0.7808891261,22.95204503,22.95204503,0.4244163953,0.6703882025,0,0.3859242807,0.6733198618,0.4488201551,0.66,0.08940092166,0.000009999900001,0.00001463574441
Secondary motor area layer 6a',177,193,2,41,41.2,2099,Frontal,6,2330,0.388596178,12.63315651,12.63315651,3.005578257,5.954173081,1,3.079259248,2.529157731,3.298117339,1,0.5152073733,0.000009999900001,0.00001463574441
Secondary motor area layer 6a',178,198,2,41,41.2,2100,Frontal,6,637,0.4848023858,3.31E+02,-29,1.065268243,1.629913302,0,0.7500467681,3.103583738,1.121288815,0.84,0.169124424,0.000009999900001,0.00001463574441
Secondary motor area layer 6a',209,199,2,41,41.2,2101,Frontal,6,46,0.5404896957,2.76E+02,-84,0.1859992171,0.1177017455,0,0.2108591348,0.02524949482,0.179223433,0.24,0.007834101382,0.000009999900001,0.00001463574441
Secondary motor area layer 6a',178,200,2,41,41.2,2102,Frontal,6,423,0.1957182839,12.91400382,12.91400382,2.406998959,1.082344312,0,1.788723247,6.404955185,2.275579112,0.94,0.09262672811,0.000009999900001,0.00001463574441
Secondary motor area layer 6a',209,202,2,41,41.2,2103,Frontal,6,3261,0.178313249,2.74E+02,-86,9.338006147,8.341471528,0,9.50818506,8.237647684,9.239145671,1,0.4341013825,0.000009999900001,0.00001463574441
Secondary motor area layer 6a',209,204,2,41,41.2,2104,Frontal,6,401,0.462926098,3.09E+02,-51,0.8916689739,1.026052173,0,1.011668287,0.1157268512,0.9050021793,0.82,0.07880184332,0.000009999900001,0.00001463574441
Secondary motor area layer 6a',178,205,2,41,41.2,2105,Frontal,6,950,0.4800844486,3.18E+02,-42,0.9945321773,2.430796918,0,0.8600319341,1.864254367,1.137027984,0.96,0.2483870968,0.000009999900001,0.00001463574441
Secondary motor area layer 6a',178,206,2,41,41.2,2106,Frontal,6,269,0.4781677252,3.02E+02,-58,0.7468150382,0.6882993377,0,0.5375606338,2.099916319,0.7410101996,0.72,0.05944700461,0.000009999900001,0.00001463574441
Secondary motor area layer 6a',145,208,2,41,41.2,2107,Frontal,6,863,0.5160631478,3.42E+02,-18,2.097563898,2.203069627,0,1.774405651,4.187207891,2.108033127,0.98,0.2368663594,0.000009999900001,0.00001463574441
Secondary motor area layer 6a',145,213,2,41,41.2,2108,Frontal,6,211,0.5728658268,2.99E+02,-61,0.5729339519,0.5398927891,0,0.608172412,0.3450764292,0.5696563507,0.6,0.04147465438,0.000009999900001,0.00001463574441
Secondary motor area layer 6a',145,214,2,41,41.2,2109,Frontal,6,72,0.7015646071,3.57E+02,-3,0.1490811906,0.184228819,0,0.1653031489,0.04418661593,0.1525683898,0.47,0.0267281106,0.000009999900001,0.00001463574441
Secondary motor area layer 6a',145,215,2,41,41.2,2110,Frontal,6,4480,0.5818133883,1.630481657,1.630481657,10.35113825,11.46056778,1,7.981408732,25.67031973,10.46070822,1,0.8520737327,0.000009999900001,0.00001463574441
Secondary motor area layer 6a',242,216,2,41,41.2,2111,Frontal,6,1887,0.1744181448,2.022055405,2.022055405,6.122756045,4.828330298,0,5.635926257,9.270772847,5.994338418,0.98,0.3419354839,0.000009999900001,0.00001463574441
Secondary motor area layer 6a',180,217,2,41,41.2,2112,Frontal,6,897,0.5208200762,3.45E+02,-15,3.225677331,2.292625303,0,3.547184303,1.14674789,3.133109929,0.9,0.2557603687,0.000009999900001,0.00001463574441
Secondary motor area layer 6a',244,222,2,41,41.2,2113,Frontal,6,428,0.1751352905,2.68E+02,-92,1.575075188,1.09513798,0,1.674507882,0.9321271837,1.527460901,0.83,0.06221198157,0.00005999940001,0.00008478257967
Secondary motor area layer 6a',181,223,2,41,41.2,2114,Frontal,6,165,0.4062251852,3.49E+02,-11,1.097113564,0.4221910436,0,1.234567218,0.2083083322,1.030153953,0.6,0.04700460829,0.000009999900001,0.00001463574441
Secondary motor area layer 6a',245,229,2,41,41.2,2115,Frontal,6,600,0.4786314012,3.06E+02,-54,0.9212597584,1.535240158,0,1.024358883,0.2545990727,0.9821748757,0.84,0.1276497696,0.000009999900001,0.00001463574441
Secondary motor area layer 6a',211,230,2,41,41.2,2116,Frontal,6,702,0.5888305994,22.37858425,22.37858425,4.143555285,1.796230985,0,3.855663408,6.005171517,3.910675616,0.93,0.2156682028,0.000009999900001,0.00001463574441
Secondary motor area layer 6a',245,231,2,41,41.2,2117,Frontal,6,494,0.6056221477,15.32049888,15.32049888,2.970069316,1.264014397,0,2.439848446,6.398642812,2.800810391,0.92,0.1506912442,0.000009999900001,0.00001463574441
Secondary motor area layer 6a',246,233,2,41,41.2,2118,Frontal,6,4247,0.2472632358,3.48E+02,-12,15.87531499,10.86694159,1,15.07447574,21.05387043,15.37843675,1,0.5248847926,0.000009999900001,0.00001463574441
Secondary motor area layer 6a',246,234,2,41,41.2,2119,Frontal,6,3853,0.408492698,1.537560774,1.537560774,12.59073791,9.856241817,0,11.629467,18.80666539,12.31945323,1,0.6797235023,0.000009999900001,0.00001463574441
Secondary motor area layer 6a',183,236,2,41,41.2,2120,Frontal,6,1351,0.6857969005,3.54E+02,-6,2.450398776,3.451731623,0,2.099154751,4.721655531,2.54974527,1,0.4746543779,0.000009999900001,0.00001463574441
Secondary motor area layer 6a',182,237,2,41,41.2,2121,Frontal,6,281,0.3869986432,3.17E+02,-43,2.437153377,0.7190041409,0,2.485404432,2.125165814,2.266694098,0.74,0.06958525346,0.000009999900001,0.00001463574441
Secondary motor area layer 6a',246,239,2,41,41.2,2122,Frontal,6,1034,0.6989190742,24.95540044,24.95540044,1.721056392,2.64573054,0,1.71290507,1.773777011,1.812796792,0.94,0.335483871,0.000009999900001,0.00001463574441
Secondary motor area layer 6a',246,240,2,41,41.2,2123,Frontal,6,53,0.6995077455,3.19E+02,-41,0.3390258456,0.1356128807,0,0.3755114839,0.1031021038,0.3188450876,0.31,0.01520737327,0.000009999900001,0.00001463574441
Secondary motor area layer 6a',147,242,2,41,41.2,2124,Frontal,6,503,0.5723901739,3.31E+02,-29,1.123040727,1.287043,0,1.265805609,0.199891834,1.139312701,0.87,0.1400921659,0.000009999900001,0.00001463574441
Secondary motor area layer 6a',212,247,2,41,41.2,2125,Frontal,6,1155,0.6343783378,3.48E+02,-12,3.489458039,2.955337305,0,3.164188622,5.592763102,3.436469706,0.92,0.3760368664,0.000009999900001,0.00001463574441
Secondary motor area layer 6b',247,250,2,41,41.2,2126,Frontal,6,1948,0.5376048916,3.51E+02,-9,5.286041385,4.984413048,0,4.159261514,12.57214429,5.256120652,1,0.5599078341,0.000009999900001,0.00001463574441
Secondary motor area layer 6b',247,251,2,41,41.2,2127,Frontal,6,8810,0.7844484836,9.163750225,9.163750225,20.88602117,22.51429692,1,16.03798484,52.2348924,21.04758364,1,0.9552995392,0.000009999900001,0.00001463574441
Secondary motor area layer 6a',249,255,2,41,41.2,2128,Frontal,6,956,0.698136048,4.117909443,4.117909443,4.451299445,2.446149319,0,4.226944693,5.902069414,4.252367884,0.97,0.3437788018,0.000009999900001,0.00001463574441
Secondary motor area layer 6a',249,258,2,41,41.2,2129,Frontal,6,375,0.5486528744,3.28E+02,-32,2.259045036,0.959525099,0,2.465555038,0.9237106854,2.130118734,0.78,0.1101382488,0.000009999900001,0.00001463574441
Secondary motor area layer 6a',187,263,2,41,41.2,2130,Frontal,6,1915,0.5038510986,28.09484639,28.09484639,5.277023241,4.894857372,0,5.345344147,4.835278257,5.239112195,1,0.4216589862,0.000009999900001,0.00001463574441
Secondary motor area layer 6a',250,266,2,41,41.2,2131,Frontal,6,5830,0.742787771,3.46E+02,-14,8.874699007,14.896947,0,7.782589394,15.93663948,9.472186905,1,0.8852534562,0.000009999900001,0.00001463574441
Secondary motor area layer 6a',187,268,2,41,41.2,2132,Frontal,6,166,0.7603755697,7.869830043,7.869830043,0.3519894274,0.4221910436,0,0.404146675,0.01472887198,0.3589545811,0.47,0.06589861751,0.000009999900001,0.00001463574441
Secondary motor area layer 6a',187,269,2,41,41.2,2133,Frontal,6,528,0.7789656212,6.122269477,6.122269477,0.8947689608,1.351011339,1,0.5372352339,3.206685842,0.9400345218,0.96,0.1949308756,0.000009999900001,0.00001463574441
Secondary motor area layer 6a',250,271,2,41,41.2,2134,Frontal,6,907,0.7100468031,3.51E+02,-9,3.742529701,2.320771373,0,3.703050855,3.997836679,3.601477116,0.9,0.3248847926,0.000009999900001,0.00001463574441
Secondary motor area layer 6a',251,276,2,41,41.2,2135,Frontal,6,1908,0.693601468,3.41E+02,-19,5.784857467,4.87950497,0,5.975643752,4.551221441,5.695040362,1,0.5903225806,0.000009999900001,0.00001463574441
Secondary motor area layer 6a',150,280,2,41,41.2,2136,Frontal,6,629,0.8522146581,2.984211939,2.984211939,1.449384808,1.604325966,0,0.9706678999,4.544909067,1.464758085,0.8,0.2437788018,0.000009999900001,0.00001463574441
Secondary motor area layer 6a',189,283,2,41,41.2,2137,Frontal,6,172,0.6624442078,1.411018023,1.411018023,0.9435233011,0.4401021788,0,0.5544814286,3.45918079,0.8935785894,0.63,0.06405529954,0.000009999900001,0.00001463574441
Secondary motor area layer 6a',190,286,2,41,41.2,2138,Frontal,6,420,0.7201769428,3.54E+02,-6,3.245122704,1.074668111,0,3.13652963,3.94733769,3.029789905,0.93,0.1594470046,0.000009999900001,0.00001463574441
Secondary motor area layer 6a',191,289,2,41,41.2,2139,Frontal,6,1193,0.7873620083,0.08117394773,0.08117394773,3.693211727,3.047451715,0,3.728432047,3.465493164,3.629147589,0.97,0.4156682028,0.000009999900001,0.00001463574441
Secondary motor area layer 6a',189,337,2,41,41.2,2140,Frontal,6,632,0.8973884132,5.856672157,5.856672157,0.3192986559,1.612002166,1,0.1867795423,1.176205634,0.4475508674,0.87,0.2387096774,0.000009999900001,0.00001463574441
Secondary motor area layer 6a',90,11,3,41,41.3,2141,Frontal,6,502,0.3581102334,3.05E+02,-55,3.053499044,3.055445378,0,3.318863574,1.86462414,3.053589425,0.9090909091,0.2291891892,0.000009999900001,0.00001463574441
Secondary motor area layer 6a',88,16,3,41,41.3,2142,Frontal,6,70,0.3768662021,3.59E+02,-1,1.155794939,0.4260581204,0,1.193751294,0.9857465515,1.122492028,0.5272727273,0.04216216216,0.0003599964,0.0004950225391
Secondary motor area layer 6a',89,21,3,41,41.3,2143,Frontal,6,611,0.1264373386,2.67E+02,-93,7.777385182,3.718878737,0,6.429452615,13.81640231,7.592168304,0.9818181818,0.1632432432,0.0027399726,0.00360893992
Secondary motor area layer 6a',87,29,3,41,41.3,2144,Frontal,6,334,0.314666537,3.37E+02,-23,3.690044884,2.032905889,0,3.64142208,3.907894905,3.614418775,0.9454545455,0.1859459459,0.000009999900001,0.00001463574441
Secondary motor area layer 6a',87,30,3,41,41.3,2145,Frontal,6,114,0.1955402607,2.52E+02,-108,2.988592906,0.6938660818,0,3.107028793,2.457986142,2.883868408,0.5636363636,0.03351351351,0.0417595824,0.05059247578
Secondary motor area layer 6a',23,35,3,41,41.3,2146,Frontal,6,20,0.5558327783,3.24E+02,-36,0.6944665636,0.1217308915,0,0.447523226,1.800821774,0.668328587,0.2545454545,0.01297297297,0.0013599864,0.001809296328
Secondary motor area layer 6a',85,36,3,41,41.3,2147,Frontal,6,498,0.4205469186,2.91E+02,-69,2.97171149,3.0310992,0,3.449880716,0.8294307553,2.974423321,0.8181818182,0.2021621622,0.000009999900001,0.00001463574441
Secondary motor area layer 6a',23,37,3,41,41.3,2148,Frontal,6,111,0.4695887095,3.20E+02,-40,1.071969972,0.6756064481,0,1.075195022,1.057524213,1.053881404,0.6545454545,0.08,0.000009999900001,0.00001463574441
Secondary motor area layer 6a',85,38,3,41,41.3,2149,Frontal,6,53,0.5690962923,3.57E+02,-3,0.5326378086,0.3225868626,0,0.5336812376,0.5279645769,0.5230518409,0.5090909091,0.03459459459,0.000009999900001,0.00001463574441
Secondary motor area layer 6a',23,39,3,41,41.3,2150,Frontal,6,605,0.7073593359,3.42E+02,-18,3.056991751,3.67018638,1,2.969603204,3.448517871,3.084978091,0.9454545455,0.3264864865,0.000009999900001,0.00001463574441
Secondary motor area layer 6a',23,42,3,41,41.3,2151,Frontal,6,139,0.388043604,3.12E+02,-48,1.184318712,0.8460296963,0,0.8338101792,2.754667143,1.168880588,0.7454545455,0.08540540541,0.000009999900001,0.00001463574441
Secondary motor area layer 6a',21,46,3,41,41.3,2152,Frontal,6,541,0.5830314531,17.23023992,17.23023992,2.317411056,3.292820616,0,2.350476005,2.169280437,2.36192767,0.8909090909,0.3372972973,0.000009999900001,0.00001463574441
Secondary motor area layer 6a',21,52,3,41,41.3,2153,Frontal,6,106,0.2216377556,3.51E+02,-9,1.101657981,0.6451737252,0,0.9662514203,1.708308344,1.080825657,0.3272727273,0.04216216216,0.0325496745,0.03986361116
Secondary motor area layer 6a',21,53,3,41,41.3,2154,Frontal,6,2,0.9594929736,3.53E+02,-7,0.1586271069,0.01217308915,0,0.1886931661,0.02392588717,0.1519433654,0.03636363636,0.001081081081,0.1920580794,0.2185655899
Secondary motor area layer 6a',21,54,3,41,41.3,2155,Frontal,6,32,0.2059886075,1.74E+02,174,0.5649453478,0.1947694265,0,0.6508134105,0.1802416834,0.5480516634,0.1818181818,0.005405405405,0.4242457575,0.459123654
Secondary motor area layer 6a',22,55,3,41,41.3,2156,Frontal,6,26,0.07301488473,2.76E+02,-84,0.6659427902,0.158250159,0,0.8006998689,0.06220730665,0.6427732129,0.2727272727,0.008648648649,0.8752312477,0.8866541578
Secondary motor area layer 6a',47,80,3,41,41.3,2157,Frontal,6,508,0.8002773692,18.52322928,18.52322928,1.360118295,3.091964645,0,1.058817879,2.710005487,1.439156446,0.9090909091,0.3481081081,0.000009999900001,0.00001463574441
Secondary motor area layer 6a',47,81,3,41,41.3,2158,Frontal,6,46,0.2141819364,18.35684841,18.35684841,0.7628654078,0.2799810506,0,0.885789806,0.2121428663,0.7408280721,0.3090909091,0.02486486486,0.2453275467,0.2743329894
Secondary motor area layer 6a',47,83,3,41,41.3,2159,Frontal,6,166,0.5641968282,35.17340256,35.17340256,1.565896946,1.0103664,0,1.608876259,1.373345924,1.540544615,0.5636363636,0.07027027027,0.000009999900001,0.00001463574441
Secondary motor area layer 6a',15,90,3,41,41.3,2160,Frontal,6,22,0.6246548037,19.3886059,19.3886059,0.2832003212,0.1339039807,0,0.3400037238,0.02871106461,0.276386926,0.2363636364,0.01621621622,0.0004799952,0.0006564211393
Secondary motor area layer 6a',46,95,3,41,41.3,2161,Frontal,6,324,0.6244502161,40.92474641,40.92474641,2.887013346,1.972040443,0,2.739255132,3.549006597,2.845257571,0.8727272727,0.1491891892,0.000009999900001,0.00001463574441
Secondary motor area layer 6a',110,104,3,41,41.3,2162,Frontal,6,52,0.1727007844,1.35E+02,135,0.7870232975,0.316500318,0,0.9274447125,0.1579108553,0.7655501187,0.2909090909,0.01189189189,0.2978470215,0.3296232279
Secondary motor area layer 6a',76,105,3,41,41.3,2163,Frontal,6,20,0.4897710643,3.38E+02,-22,0.2817450266,0.1217308915,0,0.3357314257,0.03987647862,0.2744424954,0.2181818182,0.01081081081,0.0197098029,0.02452557564
Secondary motor area layer 6b',110,109,3,41,41.3,2164,Frontal,6,188,0.5635337582,11.69895425,11.69895425,0.6478971377,1.144270381,1,0.7718618567,0.0925134304,0.6705507934,0.8181818182,0.1372972973,0.000009999900001,0.00001463574441
Secondary motor area layer 6a',11,128,3,41,41.3,2165,Frontal,6,7,0.6021474116,72.88192165,72.88192165,0.1871508803,0.04260581204,0,0.2253637248,0.01595059145,0.1805542733,0.07272727273,0.003243243243,0.0256397436,0.03157279149
Secondary motor area layer 6a',44,133,3,41,41.3,2166,Frontal,6,477,0.6912490842,6.982069377,6.982069377,4.204928099,2.903281763,0,4.049782574,4.900021693,4.145526115,1,0.387027027,0.000009999900001,0.00001463574441
Secondary motor area layer 6a',73,135,3,41,41.3,2167,Frontal,6,257,0.7719264762,6.559953963,6.559953963,1.684648982,1.564241956,1,1.271720734,3.534651065,1.679154742,0.8909090909,0.2281081081,0.000009999900001,0.00001463574441
Secondary motor area layer 6a',43,139,3,41,41.3,2168,Frontal,6,254,0.6355807315,11.75320833,11.75320833,1.157832351,1.533809233,0,1.303406945,0.5056337489,1.174991655,0.8363636364,0.2043243243,0.000009999900001,0.00001463574441
Secondary motor area layer 6a',44,141,3,41,41.3,2169,Frontal,6,417,0.6777139463,3.054282596,3.054282596,2.346808006,2.538089089,0,2.312025322,2.502647798,2.355538827,0.9818181818,0.3675675676,0.000009999900001,0.00001463574441
Secondary motor area layer 6a',73,145,3,41,41.3,2170,Frontal,6,1740,0.5968907016,3.44E+02,-16,13.78658748,10.57841448,0,10.84878897,26.94852425,13.64018091,1,0.8302702703,0.000009999900001,0.00001463574441
Secondary motor area layer 6a',73,153,3,41,41.3,2171,Frontal,6,447,0.654374856,3.57E+02,-3,2.230384441,2.720685426,0,2.401743582,1.462669236,2.252761779,0.9272727273,0.3027027027,0.000009999900001,0.00001463574441
Secondary motor area layer 6a',8,154,3,41,41.3,2172,Frontal,6,344,0.6237154775,14.58859737,14.58859737,2.578781959,2.093771335,0,2.138641224,4.55070374,2.55664851,0.9090909091,0.2864864865,0.000009999900001,0.00001463574441
Secondary motor area layer 6a',43,164,3,41,41.3,2173,Frontal,6,153,0.3065203675,6.864403882,6.864403882,4.780642626,0.9312413203,0,4.51866729,5.954355788,4.604967296,0.7090909091,0.08324324324,0.000009999900001,0.00001463574441
Secondary motor area layer 6a',7,170,3,41,41.3,2174,Frontal,6,89,0.5482859036,26.4479101,26.4479101,0.2348845418,0.5417024674,0,0.263102358,0.1084640218,0.2488871213,0.6727272727,0.05837837838,0.000009999900001,0.00001463574441
Secondary motor area layer 6a',7,171,3,41,41.3,2175,Frontal,6,76,0.2737317563,13.53542574,13.53542574,0.4729707317,0.4625773879,0,0.5440059581,0.154720737,0.4724966444,0.3818181818,0.04,0.0018799812,0.002486391117
Secondary motor area layer 6a',7,172,3,41,41.3,2176,Frontal,6,71,0.718631516,5.07092049,5.07092049,1.020452545,0.432144665,0,0.5368854612,3.186928171,0.9936040547,0.5090909091,0.06486486486,0.000009999900001,0.00001463574441
Secondary motor area layer 6a',69,173,3,41,41.3,2177,Frontal,6,564,0.7013986072,13.05328544,13.05328544,4.231123401,3.426724597,0,3.478006678,7.605242002,4.194414656,1,0.4345945946,0.000009999900001,0.00001463574441
Secondary motor area layer 6a',69,183,3,41,41.3,2178,Frontal,6,134,0.7960230948,3.55E+02,-5,0.1941362942,0.8155969734,0,0.213614905,0.1068689627,0.2224984198,0.6727272727,0.1027027027,0.000009999900001,0.00001463574441
Secondary motor area layer 6a',68,193,3,41,41.3,2179,Frontal,6,418,0.6198933305,3.601107911,3.601107911,1.852881033,2.544175633,0,1.823559239,1.984253576,1.884431061,0.9636363636,0.2983783784,0.000009999900001,0.00001463574441
Secondary motor area layer 6a',5,196,3,41,41.3,2180,Frontal,6,2,0.6785094116,1.76E+02,176,0.201412767,0.01217308915,0,0.2364004949,0.04466165605,0.1927764087,0.03636363636,0,0.5338646614,0.5673887407
Secondary motor area layer 6a',68,197,3,41,41.3,2181,Frontal,6,94,0.5868887583,3.599014055,3.599014055,1.086813977,0.5721351903,0,1.233626076,0.4290709099,1.063325782,0.4727272727,0.07351351351,0.000009999900001,0.00001463574441
Secondary motor area layer 6a',68,198,3,41,41.3,2182,Frontal,6,87,0.4653591297,8.222159694,8.222159694,0.2299365403,0.5295293782,0,0.2442330414,0.1658861511,0.243609381,0.5272727273,0.05837837838,0.000009999900001,0.00001463574441
Secondary motor area layer 6a',4,201,3,41,41.3,2183,Frontal,6,272,0.6497404626,14.32302098,14.32302098,2.318284233,1.655540125,0,2.290307806,2.44363061,2.288039306,0.8,0.2097297297,0.000009999900001,0.00001463574441
Secondary motor area layer 6a',4,203,3,41,41.3,2184,Frontal,6,13,0.3879858396,30.04650535,30.04650535,0.4540519024,0.07912507951,0,0.377742357,0.7959345133,0.4369413414,0.1818181818,0.007567567568,0.1534884651,0.1769086201
Secondary motor area layer 6a',4,204,3,41,41.3,2185,Frontal,6,85,0.4369191043,36.1411499,36.1411499,1.237291434,0.5173562891,0,1.362507069,0.6763050774,1.204435891,0.6,0.05189189189,0.000009999900001,0.00001463574441
Secondary motor area layer 6a',41,206,3,41,41.3,2186,Frontal,6,137,0.4719483083,11.22704944,11.22704944,2.157037595,0.8277700625,0,2.036818119,2.695649955,2.096374001,0.7454545455,0.09621621622,0.000009999900001,0.00001463574441
Secondary motor area layer 6a',4,207,3,41,41.3,2187,Frontal,6,747,0.6967602566,11.35414582,11.35414582,5.366544216,4.540562255,0,5.252078464,5.879388008,5.328851044,1,0.6551351351,0.000009999900001,0.00001463574441
Secondary motor area layer 6a',4,212,3,41,41.3,2188,Frontal,6,279,0.5376898619,47.77421399,47.77421399,3.473205995,1.698145937,0,3.386864319,3.86004313,3.392198131,0.8909090909,0.1589189189,0.000009999900001,0.00001463574441
Secondary motor area layer 6a',105,215,3,41,41.3,2189,Frontal,6,218,0.588602505,68.09357378,68.09357378,1.134838697,1.326866718,0,1.250359244,0.617287889,1.143602989,0.5636363636,0.08864864865,0.000009999900001,0.00001463574441
Secondary motor area layer 6a',66,217,3,41,41.3,2190,Frontal,6,104,0.5549656742,3.51E+02,-9,0.887729681,0.633000636,0,0.7031490623,1.714688581,0.8761048891,0.5090909091,0.08648648649,0.000009999900001,0.00001463574441
Secondary motor area layer 6a',3,219,3,41,41.3,2191,Frontal,6,44,0.2241764127,77.78484374,77.78484374,1.870635626,0.2678079614,0,2.20379377,0.3780290173,1.797487235,0.2727272727,0.01945945946,0.2570674293,0.2870331267
Secondary motor area layer 6a',3,220,3,41,41.3,2192,Frontal,6,270,0.5296707993,41.5340687,41.5340687,3.360275137,1.643367036,0,3.199951277,4.078566233,3.281921137,0.8545454545,0.1805405405,0.000009999900001,0.00001463574441
Secondary motor area layer 6a',40,224,3,41,41.3,2193,Frontal,6,22,0.1934340202,55.21813466,55.21813466,0.7774183534,0.1339039807,0,0.6636303048,1.28721273,0.748050243,0.2545454545,0.01081081081,0.4460655393,0.4808877055
Secondary motor area layer 6a',40,237,3,41,41.3,2194,Frontal,6,169,0.4234032137,41.50992414,41.50992414,2.034210735,1.028626034,0,1.913277499,2.576020519,1.988319213,0.7090909091,0.1016216216,0.000009999900001,0.00001463574441
Secondary motor area layer 6a',2,238,3,41,41.3,2195,Frontal,6,286,0.7401413512,9.68161527,9.68161527,0.5308914551,1.740751749,1,0.5457860823,0.4641622111,0.5861069487,0.8545454545,0.227027027,0.000009999900001,0.00001463574441
Secondary motor area layer 5',1,245,3,41,41.3,2196,Frontal,5,28,0.1383348178,2.69E+02,-91,0.3149257426,0.1704232482,0,0.3424958977,0.1914070974,0.3083311436,0.1636363636,0.006486486486,0.4863851361,0.520862484
Anterior cingulate area ventral part 6a',162,285,3,41,41.3,2197,Frontal,6,283,0.1439594927,3.42E+02,-18,3.508715182,1.722492115,0,3.337020841,4.277948626,3.427197883,0.7272727273,0.1351351351,0.0005199948001,0.0007098291661
Anterior cingulate area ventral part 6a',162,286,3,41,41.3,2198,Frontal,6,345,0.04347793067,3.53E+02,-7,2.107266521,2.099857879,1,1.723516258,3.826546888,2.106929481,0.9272727273,0.1286486486,0.6291237088,0.659598262
Anterior cingulate area ventral part 6a',162,287,3,41,41.3,2199,Frontal,6,510,0.1983688434,8.318887192,8.318887192,6.218182592,3.104137734,0,5.667559454,8.685097043,6.07606796,0.9272727273,0.2194594595,0.000009999900001,0.00001463574441
Anterior cingulate area ventral part 6a',162,288,3,41,41.3,2200,Frontal,6,3071,0.1522474728,3.32E+02,-28,12.09873685,18.67351876,0,10.91394152,17.40688045,12.39880083,1,0.8389189189,0.000009999900001,0.00001463574441
Anterior cingulate area ventral part 6a',162,292,3,41,41.3,2201,Frontal,6,1169,0.1480511784,3.31E+02,-29,7.355931878,7.109084066,0,7.24012118,7.874806998,7.344670061,0.9818181818,0.4778378378,0.000009999900001,0.00001463574441
Infralimbic area layer 6a',226,299,3,41,41.3,2202,Frontal,6,85,0.4525443571,3.46E+02,-14,0.8097258927,0.5173562891,0,0.926376638,0.2871106461,0.7963832331,0.4727272727,0.04324324324,0.0000399996,0.0000569867719
Infralimbic area layer 6a',163,302,3,41,41.3,2203,Frontal,6,1241,0.1269924367,3.51E+02,-9,10.1864798,7.547315276,0,9.641152712,12.62967831,10.06603962,1,0.5210810811,0.000009999900001,0.00001463574441
Infralimbic area layer 6a',229,314,3,41,41.3,2204,Frontal,6,800,0.1755229595,3.44E+02,-16,3.742144429,4.869235662,0,2.746019604,8.204984241,3.79358417,0.9272727273,0.2389189189,0.000009999900001,0.00001463574441
Infralimbic area layer 5',232,318,3,41,41.3,2205,Frontal,5,227,0.4081075274,3.52E+02,-8,1.46839221,1.381645619,0,1.318716013,2.138974313,1.464434044,0.6909090909,0.0627027027,0.000009999900001,0.00001463574441
Prelimbic area layer 5',234,327,3,41,41.3,2206,Frontal,5,43,0.3085566932,3.31E+02,-29,0.9663155872,0.2617214168,1,0.9641152712,0.9761761966,0.9341600324,0.4363636364,0.02594594595,0.0137698623,0.0173646835
Prelimbic area layer 5',234,328,3,41,41.3,2207,Frontal,5,44,0.30691722,1.39677122,1.39677122,0.9808685328,0.2678079614,0,0.8711927875,1.472239591,0.9483265985,0.3636363636,0.02054054054,0.06263937361,0.07476205196
Prelimbic area layer 5',234,329,3,41,41.3,2208,Frontal,5,29,0.2873117543,3.29E+02,-31,0.9500162881,0.1765097927,0,1.087299866,0.3349624204,0.914715726,0.2,0.01297297297,0.162498375,0.1866244093
Prelimbic area layer 5',234,330,3,41,41.3,2209,Frontal,5,117,0.161092303,2.25E+02,-135,1.479452449,0.7121257155,0,1.544791788,1.186724004,1.444434186,0.5090909091,0.03243243243,0.1927380726,0.219228601
Prelimbic area layer 5',235,340,3,41,41.3,2210,Frontal,5,13,0.4619411988,11.06370642,11.06370642,0.4392078979,0.07912507951,0,0.3296790034,0.9299194814,0.4227747753,0.1636363636,0.006486486486,0.08283917161,0.09814261857
Prelimbic area layer 5',207,351,3,41,41.3,2211,Frontal,5,12,0.5305809924,3.40E+02,-20,0.4936359144,0.07303853493,0,0.5354613619,0.3062513558,0.474441075,0.1818181818,0.007567567568,0.0298197018,0.03659986301
Prelimbic area layer 5',207,355,3,41,41.3,2212,Frontal,5,430,0.3125611936,13.33124966,13.33124966,1.845895619,2.617214168,0,1.91114135,1.553587607,1.881097752,0.9090909091,0.212972973,0.000009999900001,0.00001463574441
Prelimbic area layer 5',176,357,3,41,41.3,2213,Frontal,5,75,0.1225594147,2.95E+02,-65,1.605480958,0.4564908433,0,1.809318245,0.6922556688,1.553044526,0.3818181818,0.03027027027,0.3002069979,0.3320717211
Prelimbic area layer 5',208,362,3,41,41.3,2214,Frontal,5,58,0.3651930971,2.83E+02,-77,0.7905160045,0.3530195855,0,0.7120496833,1.142062348,0.7705500832,0.4909090909,0.02918918919,0.0002299977,0.00031840395
Prelimbic area layer 5',144,368,3,41,41.3,2215,Frontal,5,25,0.5608922297,26.10233134,26.10233134,0.1659035797,0.1521636144,0,0.1929654642,0.04466165605,0.165276604,0.3272727273,0.02054054054,0.000199998,0.0002775557941
Prelimbic area layer 5',177,370,3,41,41.3,2216,Frontal,5,17,0.2954215713,3.36E+02,-24,0.237504072,0.1034712578,0,0.2424529172,0.2153329845,0.2313872456,0.1454545455,0.00972972973,0.1057889421,0.1233838905
Prelimbic area layer 5',144,372,3,41,41.3,2217,Frontal,5,32,0.2257609065,51.26925982,51.26925982,0.399332827,0.1947694265,0,0.4485913005,0.1786466242,0.3899972303,0.3636363636,0.0172972973,0.2148578514,0.2424285832
Prelimbic area layer 5',179,396,3,41,41.3,2218,Frontal,5,4,0.2041195047,1.66E+02,166,0.2124730056,0.02434617831,0,0.2552698115,0.02073576888,0.2038874409,0.05454545455,0.002162162162,0.8668513315,0.8793521168
Prelimbic area layer 5',210,403,3,41,41.3,2219,Frontal,5,77,0.2733731254,3.43E+02,-17,1.200618011,0.4686639325,0,1.359302845,0.4896831575,1.167213933,0.4545454545,0.04432432432,0.0035299647,0.004619738686
Prelimbic area layer 5',243,406,3,41,41.3,2220,Frontal,5,7,0.4598681967,2.58E+02,-102,0.2334292473,0.04260581204,0,0.2734270784,0.05423201092,0.2247206263,0.01818181818,0.002162162162,0.337096629,0.3706910171
Prelimbic area layer 5',243,408,3,41,41.3,2221,Frontal,5,37,0.6295900351,14.45838552,14.45838552,0.3757570551,0.2252021494,0,0.4172611144,0.1898120382,0.3688862691,0.3454545455,0.03351351351,0.000009999900001,0.00001463574441
Prelimbic area layer 5',243,409,3,41,41.3,2222,Frontal,5,42,0.383044466,21.80910896,21.80910896,0.9863986521,0.2556348722,0,1.102608935,0.4657572703,0.9530487871,0.4,0.02918918919,0.0020599794,0.002722850047
Prelimbic area layer 5',211,427,3,41,41.3,2223,Frontal,5,85,0.4817363221,3.27E+02,-33,0.2535123122,0.5173562891,0,0.2744951529,0.1595059145,0.2655536696,0.4727272727,0.05513513514,0.000009999900001,0.00001463574441
Prelimbic area layer 5',245,429,3,41,41.3,2224,Frontal,5,171,0.6063618581,16.85894823,16.85894823,1.705314164,1.040799123,0,1.581462347,2.260198808,1.674988104,0.8,0.1502702703,0.000009999900001,0.00001463574441
Prelimbic area layer 5',245,432,3,41,41.3,2225,Frontal,5,141,0.6739093135,27.58731843,27.58731843,1.253881792,0.8582027854,0,0.9431098055,2.646203121,1.235824557,0.5454545455,0.12,0.000009999900001,0.00001463574441
Prelimbic area layer 5',147,442,3,41,41.3,2226,Frontal,5,306,0.6300283471,28.00017169,28.00017169,2.66144269,1.850309552,0,3.037603949,0.9761761966,2.624425806,0.8727272727,0.2443243243,0.000009999900001,0.00001463574441
Prelimbic area layer 5',246,443,3,41,41.3,2227,Frontal,5,455,0.7115084941,18.36778917,18.36778917,5.558643098,2.769377783,1,4.545369153,10.09831945,5.431350316,0.9454545455,0.3610810811,0.000009999900001,0.00001463574441
Prelimbic area layer 5',147,444,3,41,41.3,2228,Frontal,5,1821,0.7081641135,10.72151986,10.72151986,12.6523309,11.08359768,0,9.164791474,28.27720852,12.58074399,1,0.8454054054,0.000009999900001,0.00001463574441
Prelimbic area layer 5',247,450,3,41,41.3,2229,Frontal,5,61,0.5120207068,11.57049999,11.57049999,0.511390508,0.3712792192,0,0.5358173867,0.4019549045,0.5049964136,0.4545454545,0.04972972973,0.000009999900001,0.00001463574441
Prelimbic area layer 5',212,453,3,41,41.3,2230,Frontal,5,486,0.58178117,21.10057309,21.10057309,3.077365875,2.95197412,0,3.287533388,2.134189136,3.071367076,0.9272727273,0.3578378378,0.000009999900001,0.00001463574441
Prelimbic area layer 5',248,459,3,41,41.3,2231,Frontal,5,168,0.6028123364,39.98408325,39.98408325,1.038207138,1.022539489,0,1.23754235,0.1451503822,1.037492632,0.8181818182,0.1221621622,0.000009999900001,0.00001463574441
Prelimbic area layer 5',248,467,3,41,41.3,2232,Frontal,5,487,0.7399481771,7.269022832,7.269022832,2.259199273,2.964147209,0,2.313805446,2.0145597,2.291372616,1,0.4259459459,0.000009999900001,0.00001463574441
Prelimbic area layer 5',248,468,3,41,41.3,2233,Frontal,5,327,0.7327608599,16.31071068,16.31071068,1.400575484,1.990300077,0,1.660499861,0.2360687534,1.427489862,0.9454545455,0.2908108108,0.000009999900001,0.00001463574441
Prelimbic area layer 5',249,470,3,41,41.3,2234,Frontal,5,83,0.5850042744,30.46020984,30.46020984,0.8632807324,0.5051831999,0,0.9231724144,0.594957061,0.8469384296,0.5454545455,0.05837837838,0.000009999900001,0.00001463574441
Prelimbic area layer 5',249,471,3,41,41.3,2235,Frontal,5,71,0.4469942333,36.38088279,36.38088279,0.4974196803,0.432144665,0,0.5828126658,0.1148442584,0.494440933,0.5818181818,0.04972972973,0.000009999900001,0.00001463574441
Prelimbic area layer 5',249,475,3,41,41.3,2236,Frontal,5,474,0.6669445966,13.99397418,13.99397418,2.723147179,2.88502213,0,2.749579852,2.604731583,2.730536164,1,0.3848648649,0.000009999900001,0.00001463574441
Prelimbic area layer 5',249,478,3,41,41.3,2237,Frontal,5,614,0.655965185,11.12526217,11.12526217,5.341804208,3.731051826,0,5.614867778,4.118442712,5.268295919,0.9818181818,0.5210810811,0.000009999900001,0.00001463574441
Anterior cingulate area dorsal part layer 5',250,479,3,41,41.3,2238,Frontal,5,348,0.6468138568,12.33844108,12.33844108,2.923686769,2.118117513,0,2.932576621,2.883866934,2.886923942,0.9454545455,0.2918918919,0.000009999900001,0.00001463574441
Anterior cingulate area dorsal part layer 5',250,485,3,41,41.3,2239,Frontal,5,198,0.7927932836,14.86511079,14.86511079,1.248642732,1.205135826,1,1.421607193,0.473732566,1.246657813,0.8727272727,0.1708108108,0.000009999900001,0.00001463574441
Anterior cingulate area dorsal part layer 5',149,487,3,41,41.3,2240,Frontal,5,183,0.4663785006,40.09364786,40.09364786,1.951841063,1.113837658,0,2.230851658,0.7018260237,1.913597521,0.8363636364,0.1221621622,0.000009999900001,0.00001463574441
Anterior cingulate area dorsal part layer 5',251,494,3,41,41.3,2241,Frontal,5,55,0.8724137879,3.53E+02,-7,0.1341781583,0.3347599518,0,0.1160640984,0.2153329845,0.1433323154,0.4727272727,0.05513513514,0.000009999900001,0.00001463574441
Anterior cingulate area dorsal part layer 5',189,498,3,41,41.3,2242,Frontal,5,20,0.6295156284,29.90729529,29.90729529,0.4205801276,0.1217308915,0,0.3941194997,0.5391299909,0.4069415544,0.2,0.01513513514,0.0031799682,0.004171391853
Anterior cingulate area dorsal part layer 5',254,507,3,41,41.3,2243,Frontal,5,108,0.3581093812,14.65397982,14.65397982,1.267270502,0.6573468144,0,1.456141602,0.4210956142,1.239435642,0.5818181818,0.06594594595,0.0001099989,0.0001536026823
Anterior cingulate area dorsal part layer 5',215,509,3,41,41.3,2244,Frontal,5,283,0.6244250199,33.71130608,33.71130608,1.854336327,1.722492115,0,2.014388554,1.13727717,1.848320207,0.9090909091,0.2054054054,0.000009999900001,0.00001463574441
Anterior cingulate area dorsal part layer 5',255,518,3,41,41.3,2245,Frontal,5,76,0.5264832561,3.380849131,3.380849131,1.047812083,0.4625773879,0,1.194107319,0.3923845496,1.021103859,0.4363636364,0.05297297297,0.000009999900001,0.00001463574441
Anterior cingulate area dorsal part layer 5',128,522,3,41,41.3,2246,Frontal,5,630,0.6793985852,22.54157885,22.54157885,4.618522813,3.834523084,0,4.224234746,6.385021757,4.582745232,0.9818181818,0.5437837838,0.000009999900001,0.00001463574441
Secondary motor area layer 6a',42,594,3,41,41.3,2247,Frontal,6,28,0.5809216225,20.39716213,20.39716213,0.2884393816,0.1704232482,0,0.3400037238,0.05742212921,0.2830535454,0.2181818182,0.01945945946,0.0000299997,0.00004295758569
Secondary motor area layer 6a',40,596,3,41,41.3,2248,Frontal,6,67,0.5765961341,8.709182115,8.709182115,1.138913522,0.4077984867,0,1.274924958,0.5295596361,1.105547704,0.4727272727,0.05621621622,0.000009999900001,0.00001463574441
Secondary motor area layer 6a',21,599,3,41,41.3,2249,Frontal,6,293,0.2190521859,3.21E+02,-39,3.933079075,1.783357561,0,3.476226554,5.979876734,3.834972765,0.6,0.1102702703,0.000009999900001,0.00001463574441
Secondary motor area layer 6a',111,600,3,41,41.3,2250,Frontal,6,29,0.1094411458,22.46661397,22.46661397,0.7352148112,0.1765097927,0,0.8533915455,0.2057626297,0.7097171819,0.2727272727,0.01189189189,0.7379726203,0.7609603153
Prelimbic area layer 5',248,605,3,41,41.3,2251,Frontal,5,159,0.7289166962,18.07513376,18.07513376,1.794087132,0.9677605878,0,1.960984828,1.04476374,1.75609864,0.8181818182,0.1394594595,0.000009999900001,0.00001463574441