Region,Subject,Session,Neuron,State,FR
Caudoputamen,7,7.1,1,SWD,2.330410706
Caudoputamen,7,7.1,1,Still,0.04874230535
Caudoputamen,7,7.1,1,Moving,0.2039349546
Caudoputamen,7,7.1,2,SWD,7.106598985
Caudoputamen,7,7.1,2,Still,17.58342471
Caudoputamen,7,7.1,2,Moving,23.969287
Somatosensory,7,7.1,3,SWD,3.161052146
Somatosensory,7,7.1,3,Still,0.08300669822
Somatosensory,7,7.1,3,Moving,3.928882799
Somatosensory,7,7.1,4,SWD,4.130133826
Somatosensory,7,7.1,4,Still,4.834657574
Somatosensory,7,7.1,4,Moving,3.842424938
Somatosensory,7,7.1,5,SWD,33.54868482
Somatosensory,7,7.1,5,Still,23.13473895
Somatosensory,7,7.1,5,Moving,18.40826458
Somatosensory,7,7.1,6,SWD,14.23627134
Somatosensory,7,7.1,6,Still,4.34240855
Somatosensory,7,7.1,6,Moving,0.5444865294
Somatosensory,7,7.1,7,SWD,0.3230272266
Somatosensory,7,7.1,7,Still,0.2456419151
Somatosensory,7,7.1,7,Moving,0.02771931422
Somatosensory,7,7.1,8,SWD,18.11259806
Somatosensory,7,7.1,8,Still,33.5820006
Somatosensory,7,7.1,8,Moving,43.21309091
Somatosensory,7,7.1,9,SWD,3.784033226
Somatosensory,7,7.1,9,Still,18.45837322
Somatosensory,7,7.1,9,Moving,15.04168787
Somatosensory,7,7.1,10,SWD,11.05214582
Somatosensory,7,7.1,10,Still,15.92570373
Somatosensory,7,7.1,10,Moving,17.05265812
Somatosensory,7,7.1,11,SWD,10.49838486
Somatosensory,7,7.1,11,Still,12.24010981
Somatosensory,7,7.1,11,Moving,11.64079201
Somatosensory,7,7.1,12,SWD,8.952468851
Somatosensory,7,7.1,12,Still,12.59674905
Somatosensory,7,7.1,12,Moving,15.81584872
Somatosensory,7,7.1,13,SWD,6.760498385
Somatosensory,7,7.1,13,Still,7.947891355
Somatosensory,7,7.1,13,Moving,8.598267279
Somatosensory,7,7.1,14,SWD,3.045685279
Somatosensory,7,7.1,14,Still,4.527243233
Somatosensory,7,7.1,14,Moving,5.005976152
Somatosensory,7,7.1,15,SWD,7.083525611
Somatosensory,7,7.1,15,Still,6.269418701
Somatosensory,7,7.1,15,Moving,5.262709801
Somatosensory,7,7.1,16,SWD,0.6691278265
Somatosensory,7,7.1,16,Still,2.495992112
Somatosensory,7,7.1,16,Moving,2.680193692
Somatosensory,7,7.1,17,SWD,20.97369635
Somatosensory,7,7.1,17,Still,11.61997256
Somatosensory,7,7.1,17,Moving,12.26579654
Somatosensory,7,7.1,18,SWD,1.938163359
Somatosensory,7,7.1,18,Still,3.167284654
Somatosensory,7,7.1,18,Moving,4.132817754
Somatosensory,7,7.1,19,SWD,3.737886479
Somatosensory,7,7.1,19,Still,4.213555129
Somatosensory,7,7.1,19,Moving,3.338857397
Somatosensory,7,7.1,20,SWD,9.667743424
Somatosensory,7,7.1,20,Still,3.529715063
Somatosensory,7,7.1,20,Moving,2.567996468
Somatosensory,7,7.1,21,SWD,3.299492386
Somatosensory,7,7.1,21,Still,2.28944056
Somatosensory,7,7.1,21,Moving,1.293567997
Somatosensory,7,7.1,22,SWD,3.161052146
Somatosensory,7,7.1,22,Still,1.254752415
Somatosensory,7,7.1,22,Moving,0.2699333218
Somatosensory,7,7.1,23,SWD,2.076603599
Somatosensory,7,7.1,23,Still,0.7108655028
Somatosensory,7,7.1,23,Moving,0.3735507584
Somatosensory,7,7.1,24,SWD,5.376095985
Somatosensory,7,7.1,24,Still,2.192921144
Somatosensory,7,7.1,24,Moving,1.817595033
Somatosensory,7,7.1,25,SWD,4.614674665
Somatosensory,7,7.1,25,Still,1.128794576
Somatosensory,7,7.1,25,Moving,0.2395740729
Somatosensory,7,7.1,26,SWD,2.791878173
Somatosensory,7,7.1,26,Still,0.7364431482
Somatosensory,7,7.1,26,Moving,1.079073304
Caudoputamen,7,7.1,27,SWD,3.760959852
Caudoputamen,7,7.1,27,Still,1.502807315
Caudoputamen,7,7.1,27,Moving,3.772466669
Caudoputamen,7,7.1,28,SWD,3.530226119
Caudoputamen,7,7.1,28,Still,0.4406111365
Caudoputamen,7,7.1,28,Moving,4.61922572
Caudoputamen,7,7.1,29,SWD,2.122750346
Caudoputamen,7,7.1,29,Still,0.3923514282
Caudoputamen,7,7.1,29,Moving,0.6725233618
Caudoputamen,7,7.1,30,SWD,8.375634518
Caudoputamen,7,7.1,30,Still,1.880198234
Caudoputamen,7,7.1,30,Moving,6.895509405
Caudoputamen,7,7.1,31,SWD,3.345639132
Caudoputamen,7,7.1,31,Still,0.2253728376
Caudoputamen,7,7.1,31,Moving,3.050444532
Caudoputamen,7,7.1,32,SWD,4.153207199
Caudoputamen,7,7.1,32,Still,3.353084531
Caudoputamen,7,7.1,32,Moving,0.7504014351
Caudoputamen,7,7.1,33,SWD,9.229349331
Caudoputamen,7,7.1,33,Still,1.605600494
Caudoputamen,7,7.1,33,Moving,0.4804681132
Somatosensory,7,7.1,34,SWD,2.145823719
Somatosensory,7,7.1,34,Still,1.516320034
Somatosensory,7,7.1,34,Moving,0.6256645211
Somatosensory,7,7.1,35,SWD,1.915089986
Somatosensory,7,7.1,35,Still,0.3889732486
Somatosensory,7,7.1,35,Moving,0.1874353628
Somatosensory,15,15.1,36,SWD,7.899473198
Somatosensory,15,15.1,36,Still,1.168768823
Somatosensory,15,15.1,36,Moving,0.1292413056
Somatosensory,15,15.1,37,SWD,27.09719235
Somatosensory,15,15.1,37,Still,19.02791061
Somatosensory,15,15.1,37,Moving,9.188741607
Somatosensory,15,15.1,38,SWD,1.083329756
Somatosensory,15,15.1,38,Still,1.910115989
Somatosensory,15,15.1,38,Moving,2.286625441
Somatosensory,15,15.1,39,SWD,0.8183091718
Somatosensory,15,15.1,39,Still,1.178428069
Somatosensory,15,15.1,39,Moving,0.2408301402
Somatosensory,15,15.1,40,SWD,3.06400991
Somatosensory,15,15.1,40,Still,2.434935047
Somatosensory,15,15.1,40,Moving,3.805368394
Somatosensory,15,15.1,41,SWD,11.19130782
Somatosensory,15,15.1,41,Still,21.19641144
Somatosensory,15,15.1,41,Moving,22.12232885
Somatosensory,15,15.1,42,SWD,7.160205253
Somatosensory,15,15.1,42,Still,5.423666893
Somatosensory,15,15.1,42,Moving,4.08780793
Somatosensory,15,15.1,43,SWD,4.221731409
Somatosensory,15,15.1,43,Still,2.417226429
Somatosensory,15,15.1,43,Moving,1.507394935
Somatosensory,15,15.1,44,SWD,9.489596702
Somatosensory,15,15.1,44,Still,7.816745205
Somatosensory,15,15.1,44,Moving,7.388820009
Somatosensory,15,15.1,45,SWD,2.808288294
Somatosensory,15,15.1,45,Still,1.42312898
Somatosensory,15,15.1,45,Moving,1.742551067
Somatosensory,15,15.1,46,SWD,3.519659335
Somatosensory,15,15.1,46,Still,5.665952991
Somatosensory,15,15.1,46,Moving,8.02367852
Somatosensory,15,15.1,47,SWD,0.4138040698
Somatosensory,15,15.1,47,Still,0.500670942
Somatosensory,15,15.1,47,Moving,0.1311326418
Caudoputamen,15,15.1,48,SWD,1.720309054
Caudoputamen,15,15.1,48,Still,0.5956535323
Caudoputamen,15,15.1,48,Moving,0.133023978
Caudoputamen,15,15.1,49,SWD,7.648401066
Caudoputamen,15,15.1,49,Still,9.390397443
Caudoputamen,15,15.1,49,Moving,13.88682068
Caudoputamen,15,15.1,50,SWD,4.951700386
Caudoputamen,15,15.1,50,Still,5.440570574
Caudoputamen,15,15.1,50,Moving,13.12209042
Caudoputamen,15,15.1,51,SWD,3.19419546
Caudoputamen,15,15.1,51,Still,0.2760934616
Caudoputamen,15,15.1,51,Moving,1.479024893
Somatosensory,15,15.1,52,SWD,0.9531442058
Somatosensory,15,15.1,52,Still,1.221894678
Somatosensory,15,15.1,52,Moving,0.04854429528
Somatosensory,15,15.1,53,SWD,0.8973503986
Somatosensory,15,15.1,53,Still,3.81701223
Somatosensory,15,15.1,53,Moving,0.5585746184
Somatosensory,15,15.1,54,SWD,0.6555772342
Somatosensory,15,15.1,54,Still,1.611484286
Somatosensory,15,15.1,54,Moving,1.834596094
Somatosensory,15,15.1,55,SWD,6.988174348
Somatosensory,15,15.1,55,Still,13.2122393
Somatosensory,15,15.1,55,Moving,50.62602597
Somatosensory,15,15.1,56,SWD,5.133030259
Somatosensory,15,15.1,56,Still,2.636974286
Somatosensory,15,15.1,56,Moving,9.352026964
Somatosensory,15,15.1,57,SWD,0.3394123269
Somatosensory,15,15.1,57,Still,0.1778911225
Somatosensory,15,15.1,57,Moving,0.7407733371
Somatosensory,15,15.1,58,SWD,4.444906638
Somatosensory,15,15.1,58,Still,10.80789186
Somatosensory,15,15.1,58,Moving,48.56068686
Hipp,16,16.1,59,SWD,28.28939662
Hipp,16,16.1,59,Still,16.89638872
Hipp,16,16.1,59,Moving,34.32877691
Hipp,16,16.1,60,SWD,29.97540207
Hipp,16,16.1,60,Still,29.25301808
Hipp,16,16.1,60,Moving,33.34610012
Hipp,16,16.1,61,SWD,9.636852175
Hipp,16,16.1,61,Still,5.205407659
Hipp,16,16.1,61,Moving,16.55494854
Visual,16,16.1,62,SWD,16.06142029
Visual,16,16.1,62,Still,16.61090797
Visual,16,16.1,62,Moving,15.5452256
Visual,16,16.1,63,SWD,4.587709553
Visual,16,16.1,63,Still,4.60035891
Visual,16,16.1,63,Moving,5.660759237
Visual,16,16.1,64,SWD,0.4348119305
Visual,16,16.1,64,Still,0.1486582997
Visual,16,16.1,64,Moving,0.5688706925
Visual,16,16.1,65,SWD,0.1242319802
Visual,16,16.1,65,Still,0.7986832851
Visual,16,16.1,65,Moving,0.04597845534
Visual,16,16.1,66,SWD,10.07166411
Visual,16,16.1,66,Still,9.846955334
Visual,16,16.1,66,Moving,12.56473984
Visual,16,16.1,67,SWD,10.41773891
Visual,16,16.1,67,Still,11.81549422
Visual,16,16.1,67,Moving,25.95348573
Visual,16,16.1,68,SWD,68.91325413
Visual,16,16.1,68,Still,55.5499138
Visual,16,16.1,68,Moving,56.59316775
Visual,16,16.1,69,SWD,63.05660364
Visual,16,16.1,69,Still,46.35866466
Visual,16,16.1,69,Moving,67.19345555
Visual,16,16.1,70,SWD,12.60067227
Visual,16,16.1,70,Still,13.50944134
Visual,16,16.1,70,Moving,13.96032119
Visual,16,16.1,71,SWD,10.14265381
Visual,16,16.1,71,Still,10.70055697
Visual,16,16.1,71,Moving,2.279990462
Visual,16,16.1,72,SWD,5.989756186
Visual,16,16.1,72,Still,6.593516368
Visual,16,16.1,72,Moving,24.26580596
Somatosensory,17,17.1,73,SWD,0.2037233703
Somatosensory,17,17.1,73,Still,0.62746948
Somatosensory,17,17.1,73,Moving,0.5872623785
Somatosensory,17,17.1,74,SWD,0.1455166931
Somatosensory,17,17.1,74,Still,0.7177578937
Somatosensory,17,17.1,74,Moving,0.2587935905
Somatosensory,17,17.1,75,SWD,0.05820667722
Somatosensory,17,17.1,75,Still,0.1991244474
Somatosensory,17,17.1,75,Moving,0.009953599636
Somatosensory,17,17.1,76,SWD,5.833140581
Somatosensory,17,17.1,76,Still,16.85663687
Somatosensory,17,17.1,76,Moving,44.10108212
Somatosensory,17,17.1,77,SWD,1.88340177
Somatosensory,17,17.1,77,Still,4.860876228
Somatosensory,17,17.1,77,Moving,11.07503853
Somatosensory,17,17.1,78,SWD,0.440707699
Somatosensory,17,17.1,78,Still,1.599644726
Somatosensory,17,17.1,78,Moving,0.6801626418
Somatosensory,17,17.1,79,SWD,0.7816325227
Somatosensory,17,17.1,79,Still,1.42676691
Somatosensory,17,17.1,79,Moving,0.7332485065
Somatosensory,17,17.1,80,SWD,7.932738581
Somatosensory,17,17.1,80,Still,8.605045758
Somatosensory,17,17.1,80,Moving,5.653644593
Somatosensory,17,17.1,81,SWD,0.9271492157
Somatosensory,17,17.1,81,Still,2.958870303
Somatosensory,17,17.1,81,Moving,2.279374317
Somatosensory,17,17.1,82,SWD,0.9520949345
Somatosensory,17,17.1,82,Still,2.286956526
Somatosensory,17,17.1,82,Moving,2.166566854
Somatosensory,17,17.1,83,SWD,0.1663047921
Somatosensory,17,17.1,83,Still,1.004371114
Somatosensory,17,17.1,83,Moving,0.8294666364
Somatosensory,17,17.1,84,SWD,0.4282348396
Somatosensory,17,17.1,84,Still,1.695532421
Somatosensory,17,17.1,84,Moving,1.466497013
Somatosensory,17,17.1,85,SWD,0.1787776515
Somatosensory,17,17.1,85,Still,1.014519812
Somatosensory,17,17.1,85,Moving,0.7597914389
Somatosensory,17,17.1,86,SWD,0.02078809901
Somatosensory,17,17.1,86,Still,0.4538917543
Somatosensory,17,17.1,86,Moving,0.4976799818
Somatosensory,17,17.1,87,SWD,7.092899381
Somatosensory,17,17.1,87,Still,9.998916889
Somatosensory,17,17.1,87,Moving,19.0810505
Somatosensory,17,17.1,88,SWD,8.16972291
Somatosensory,17,17.1,88,Still,14.94448225
Somatosensory,17,17.1,88,Moving,4.243551312
Somatosensory,17,17.1,89,SWD,0.2993486257
Somatosensory,17,17.1,89,Still,0.4503922034
Somatosensory,17,17.1,89,Moving,0.9621812982
Somatosensory,17,17.1,90,SWD,0.1663047921
Somatosensory,17,17.1,90,Still,1.630440774
Somatosensory,17,17.1,90,Moving,0.3915082524
Somatosensory,17,17.1,91,SWD,1.654732681
Somatosensory,17,17.1,91,Still,4.986160151
Somatosensory,17,17.1,91,Moving,10.87264867
Somatosensory,17,17.1,92,SWD,3.496558253
Somatosensory,17,17.1,92,Still,9.512479311
Somatosensory,17,17.1,92,Moving,1.970812728
Somatosensory,17,17.1,93,SWD,1.313807857
Somatosensory,17,17.1,93,Still,1.602444366
Somatosensory,17,17.1,93,Moving,1.512947145
Somatosensory,17,17.1,94,SWD,0.8772577781
Somatosensory,17,17.1,94,Still,3.336471847
Somatosensory,17,17.1,94,Moving,1.493039945
Somatosensory,17,17.1,95,SWD,4.452810807
Somatosensory,17,17.1,95,Still,5.737863689
Somatosensory,17,17.1,95,Moving,2.959536959
Somatosensory,17,17.1,96,SWD,3.76264592
Somatosensory,17,17.1,96,Still,5.186334464
Somatosensory,17,17.1,96,Moving,8.789028479
Somatosensory,17,17.1,97,SWD,1.999815125
Somatosensory,17,17.1,97,Still,3.732271056
Somatosensory,17,17.1,97,Moving,1.974130595
Somatosensory,17,17.1,98,SWD,4.323924594
Somatosensory,17,17.1,98,Still,2.761495631
Somatosensory,17,17.1,98,Moving,3.447263341
Somatosensory,17,17.1,99,SWD,10.18201089
Somatosensory,17,17.1,99,Still,8.44511628
Somatosensory,17,17.1,99,Moving,10.48777615
Somatosensory,17,17.1,100,SWD,9.753776054
Somatosensory,17,17.1,100,Still,11.32069727
Somatosensory,17,17.1,100,Moving,11.88459797
Somatosensory,17,17.1,101,SWD,4.207511239
Somatosensory,17,17.1,101,Still,4.103923364
Somatosensory,17,17.1,101,Moving,5.355036604
Somatosensory,17,17.1,102,SWD,23.02489846
Somatosensory,17,17.1,102,Still,20.84192546
Somatosensory,17,17.1,102,Moving,27.64114619
Somatosensory,17,17.1,103,SWD,7.088741762
Somatosensory,17,17.1,103,Still,7.792799989
Somatosensory,17,17.1,103,Moving,7.359027998
Somatosensory,17,17.1,104,SWD,2.976855778
Somatosensory,17,17.1,104,Still,2.2817072
Somatosensory,17,17.1,104,Moving,1.297285819
Somatosensory,17,17.1,105,SWD,1.584053144
Somatosensory,17,17.1,105,Still,0.47558897
Somatosensory,17,17.1,105,Moving,0.218979192
Somatosensory,17,17.1,106,SWD,0.8356815801
Somatosensory,17,17.1,106,Still,0.1518805099
Somatosensory,17,17.1,106,Moving,0.009953599636
Somatosensory,17,17.1,107,SWD,1.995657505
Somatosensory,17,17.1,107,Still,0.6558158424
Somatosensory,17,17.1,107,Moving,2.461856977
Somatosensory,17,17.1,108,SWD,10.49799
Somatosensory,17,17.1,108,Still,6.070670981
Somatosensory,17,17.1,108,Moving,6.632415224
Somatosensory,17,17.1,109,SWD,3.130687711
Somatosensory,17,17.1,109,Still,0.353804598
Somatosensory,17,17.1,109,Moving,0.06303946436
Somatosensory,17,17.1,110,SWD,7.52944946
Somatosensory,17,17.1,110,Still,0.4608908562
Somatosensory,17,17.1,110,Moving,0.08626453018
Somatosensory,17,17.1,111,SWD,0.9895135127
Somatosensory,17,17.1,111,Still,0.9312304998
Somatosensory,17,17.1,111,Moving,3.845407326
Somatosensory,17,17.1,112,SWD,3.783434019
Somatosensory,17,17.1,112,Still,0.490637039
Somatosensory,17,17.1,112,Moving,0.2023898593
Somatosensory,17,17.1,113,SWD,1.530004087
Somatosensory,17,17.1,113,Still,2.599116468
Somatosensory,17,17.1,113,Moving,7.033877076
Somatosensory,17,17.1,114,SWD,1.987342265
Somatosensory,17,17.1,114,Still,0.1021868869
Somatosensory,17,17.1,114,Moving,0.01658933273
Somatosensory,17,17.1,115,SWD,1.783618895
Somatosensory,17,17.1,115,Still,0.5676271592
Somatosensory,17,17.1,115,Moving,1.423364748
Somatosensory,17,17.1,116,SWD,2.340739948
Somatosensory,17,17.1,116,Still,1.469461431
Somatosensory,17,17.1,116,Moving,1.018585029
Somatosensory,17,17.1,117,SWD,0.6194853504
Somatosensory,17,17.1,117,Still,0.1350826655
Somatosensory,17,17.1,117,Moving,0.03317866545
Somatosensory,17,17.1,118,SWD,2.428049964
Somatosensory,17,17.1,118,Still,1.271036894
Somatosensory,17,17.1,118,Moving,2.392181779
Somatosensory,17,17.1,119,SWD,1.214024982
Somatosensory,17,17.1,119,Still,0.1210844618
Somatosensory,17,17.1,119,Moving,0.02322506582
Somatosensory,17,17.1,120,SWD,1.808564614
Somatosensory,17,17.1,120,Still,0.9494281646
Somatosensory,17,17.1,120,Moving,2.83345803
Somatosensory,17,17.1,121,SWD,1.205709742
Somatosensory,17,17.1,121,Still,0.08293935681
Somatosensory,17,17.1,121,Moving,0.009953599636
Somatosensory,17,17.1,122,SWD,0.7650020435
Somatosensory,17,17.1,122,Still,0.1420817674
Somatosensory,17,17.1,122,Moving,0.1128074625
Somatosensory,17,17.1,123,SWD,0.7816325227
Somatosensory,17,17.1,123,Still,0.3590539244
Somatosensory,17,17.1,123,Moving,0.9090954335
Somatosensory,17,17.1,124,SWD,1.105926867
Somatosensory,17,17.1,124,Still,0.1245840128
Somatosensory,17,17.1,124,Moving,0.01327146618
Somatosensory,17,17.1,125,SWD,1.633944582
Somatosensory,17,17.1,125,Still,0.1655287585
Somatosensory,17,17.1,125,Moving,0.02986079891
Somatosensory,17,17.1,126,SWD,1.754515556
Somatosensory,17,17.1,126,Still,0.2218715283
Somatosensory,17,17.1,126,Moving,0.2654293236
Somatosensory,17,17.1,127,SWD,0.09562525543
Somatosensory,17,17.1,127,Still,0.1753275011
Somatosensory,17,17.1,127,Moving,0.109489596
Somatosensory,17,17.1,128,SWD,0.3908162613
Somatosensory,17,17.1,128,Still,0.7604524149
Somatosensory,17,17.1,128,Moving,0.9986778302
Somatosensory,17,17.1,129,SWD,0.07899477623
Somatosensory,17,17.1,129,Still,0.2138225612
Somatosensory,17,17.1,129,Moving,0.036496532
Somatosensory,17,17.1,130,SWD,1.093454008
Somatosensory,17,17.1,130,Still,1.671035564
Somatosensory,17,17.1,130,Moving,1.818190867
Somatosensory,17,17.1,131,SWD,3.055850554
Somatosensory,17,17.1,131,Still,4.817831752
Somatosensory,17,17.1,131,Moving,4.127425983
Somatosensory,17,17.1,132,SWD,5.488058138
Somatosensory,17,17.1,132,Still,2.215215732
Somatosensory,17,17.1,132,Moving,2.903133227
Somatosensory,17,17.1,133,SWD,0.1372014534
Somatosensory,17,17.1,133,Still,0.273664882
Somatosensory,17,17.1,133,Moving,0.03317866545
Somatosensory,17,17.1,134,SWD,0.2245114693
Somatosensory,17,17.1,134,Still,0.8762875504
Somatosensory,17,17.1,134,Moving,0.2986079891
Somatosensory,17,17.1,135,SWD,12.15272268
Somatosensory,17,17.1,135,Still,7.579677338
Somatosensory,17,17.1,135,Moving,3.185151884
Somatosensory,17,17.1,136,SWD,0.4074467405
Somatosensory,17,17.1,136,Still,0.4577412604
Somatosensory,17,17.1,136,Moving,0.009953599636
Somatosensory,17,17.1,137,SWD,0.6111701108
Somatosensory,17,17.1,137,Still,1.189847313
Somatosensory,17,17.1,137,Moving,0.1957541262
Somatosensory,17,17.1,138,SWD,11.37524778
Somatosensory,17,17.1,138,Still,15.97405013
Somatosensory,17,17.1,138,Moving,24.85745616
Somatosensory,17,17.1,139,SWD,1.05187781
Somatosensory,17,17.1,139,Still,2.555722037
Somatosensory,17,17.1,139,Moving,1.675522605
Somatosensory,17,17.1,140,SWD,0.4698110376
Somatosensory,17,17.1,140,Still,1.033767342
Somatosensory,17,17.1,140,Moving,0.1658933273
Somatosensory,17,17.1,141,SWD,6.057652051
Somatosensory,17,17.1,141,Still,3.725271954
Somatosensory,17,17.1,141,Moving,6.164596041
Somatosensory,17,17.1,142,SWD,17.32064409
Somatosensory,17,17.1,142,Still,20.68024621
Somatosensory,17,17.1,142,Moving,24.50244444
Somatosensory,17,17.1,143,SWD,11.38772064
Somatosensory,17,17.1,143,Still,9.844236738
Somatosensory,17,17.1,143,Moving,10.91578093
Somatosensory,17,17.1,144,SWD,4.236614578
Somatosensory,17,17.1,144,Still,2.760095811
Somatosensory,17,17.1,144,Moving,0.8958239673
Somatosensory,17,17.1,145,SWD,0.3658705425
Somatosensory,17,17.1,145,Still,0.5966734319
Somatosensory,17,17.1,145,Moving,0.1161253291
Somatosensory,17,17.1,146,SWD,1.974869406
Somatosensory,17,17.1,146,Still,1.547851372
Somatosensory,17,17.1,146,Moving,0.3151973218
Somatosensory,17,17.1,147,SWD,2.536148079
Somatosensory,17,17.1,147,Still,1.457562958
Somatosensory,17,17.1,147,Moving,0.5142693145
Somatosensory,17,17.1,148,SWD,2.078809901
Somatosensory,17,17.1,148,Still,4.04933037
Somatosensory,17,17.1,148,Moving,3.755824929
Somatosensory,17,17.1,149,SWD,3.538134451
Somatosensory,17,17.1,149,Still,5.895693435
Somatosensory,17,17.1,149,Moving,4.455894771
Somatosensory,17,17.1,150,SWD,3.675335904
Somatosensory,17,17.1,150,Still,4.328244578
Somatosensory,17,17.1,150,Moving,2.627750304
Somatosensory,17,17.1,151,SWD,17.34558981
Somatosensory,17,17.1,151,Still,22.03912183
Somatosensory,17,17.1,151,Moving,54.75143373
Somatosensory,17,17.1,152,SWD,3.895689754
Somatosensory,17,17.1,152,Still,1.320380562
Somatosensory,17,17.1,152,Moving,1.370278883
Somatosensory,17,17.1,153,SWD,2.918649101
Somatosensory,17,17.1,153,Still,0.4836379372
Somatosensory,17,17.1,153,Moving,0.7697450385
Somatosensory,17,17.1,154,SWD,2.989328637
Somatosensory,17,17.1,154,Still,11.32314696
Somatosensory,17,17.1,154,Moving,15.66033009
Somatosensory,17,17.1,155,SWD,2.947752439
Somatosensory,17,17.1,155,Still,1.879608799
Somatosensory,17,17.1,155,Moving,0.620441044
Somatosensory,17,17.2,156,SWD,0.3236595102
Somatosensory,17,17.2,156,Still,0.6757009706
Somatosensory,17,17.2,156,Moving,0.2438863121
Somatosensory,17,17.2,157,SWD,3.441579458
Somatosensory,17,17.2,157,Still,3.453454619
Somatosensory,17,17.2,157,Moving,1.495836048
Somatosensory,17,17.2,158,SWD,11.00442335
Somatosensory,17,17.2,158,Still,11.64450319
Somatosensory,17,17.2,158,Moving,28.47237202
Somatosensory,17,17.2,159,SWD,21.82543964
Somatosensory,17,17.2,159,Still,30.11750663
Somatosensory,17,17.2,159,Moving,18.64917333
Somatosensory,17,17.2,160,SWD,4.488078541
Somatosensory,17,17.2,160,Still,5.593558717
Somatosensory,17,17.2,160,Moving,9.877395641
Somatosensory,17,17.2,161,SWD,3.16107455
Somatosensory,17,17.2,161,Still,4.250228289
Somatosensory,17,17.2,161,Moving,4.343886204
Somatosensory,17,17.2,162,SWD,8.87905923
Somatosensory,17,17.2,162,Still,7.882024917
Somatosensory,17,17.2,162,Moving,2.026966239
Somatosensory,17,17.2,163,SWD,11.87830402
Somatosensory,17,17.2,163,Still,13.43445735
Somatosensory,17,17.2,163,Moving,15.09114302
Somatosensory,17,17.2,164,SWD,7.454957385
Somatosensory,17,17.2,164,Still,6.567136964
Somatosensory,17,17.2,164,Moving,8.267745981
Somatosensory,17,17.2,165,SWD,5.72877333
Somatosensory,17,17.2,165,Still,3.209387431
Somatosensory,17,17.2,165,Moving,2.070323805
Somatosensory,17,17.2,166,SWD,5.200129464
Somatosensory,17,17.2,166,Still,8.069207154
Somatosensory,17,17.2,166,Moving,15.47865128
Somatosensory,17,17.2,167,SWD,3.215017801
Somatosensory,17,17.2,167,Still,5.717706279
Somatosensory,17,17.2,167,Moving,6.316655484
Somatosensory,17,17.2,168,SWD,3.117919948
Somatosensory,17,17.2,168,Still,2.398392524
Somatosensory,17,17.2,168,Moving,2.352147988
Somatosensory,17,17.2,169,SWD,2.23325062
Somatosensory,17,17.2,169,Still,2.238499689
Somatosensory,17,17.2,169,Moving,2.476800992
Somatosensory,17,17.2,170,SWD,3.517100011
Somatosensory,17,17.2,170,Still,2.51485293
Somatosensory,17,17.2,170,Moving,2.449702513
Somatosensory,17,17.2,171,SWD,1.316215341
Somatosensory,17,17.2,171,Still,1.601618853
Somatosensory,17,17.2,171,Moving,1.447058785
Somatosensory,17,17.2,172,SWD,1.650663502
Somatosensory,17,17.2,172,Still,2.071688414
Somatosensory,17,17.2,172,Moving,1.287177758
Somatosensory,17,17.2,173,SWD,8.684863524
Somatosensory,17,17.2,173,Still,3.754791116
Somatosensory,17,17.2,173,Moving,1.466027721
Somatosensory,17,17.2,174,SWD,1.672240803
Somatosensory,17,17.2,174,Still,1.915254799
Somatosensory,17,17.2,174,Moving,0.8454725487
Somatosensory,17,17.2,175,SWD,0.4854892653
Somatosensory,17,17.2,175,Still,0.4008851606
Somatosensory,17,17.2,175,Moving,0.06774619781
Somatosensory,17,17.2,176,SWD,1.801704607
Somatosensory,17,17.2,176,Still,1.305279008
Somatosensory,17,17.2,176,Moving,0.4417052097
Somatosensory,17,17.2,177,SWD,0.8630920272
Somatosensory,17,17.2,177,Still,1.189587317
Somatosensory,17,17.2,177,Moving,0.775016503
Somatosensory,17,17.2,178,SWD,0.5825871184
Somatosensory,17,17.2,178,Still,0.4566170381
Somatosensory,17,17.2,178,Moving,0.2520158559
Somatosensory,17,17.2,179,SWD,1.510411048
Somatosensory,17,17.2,179,Still,1.044300078
Somatosensory,17,17.2,179,Moving,0.3360211411
Somatosensory,17,17.2,180,SWD,1.175962887
Somatosensory,17,17.2,180,Still,0.6353434041
Somatosensory,17,17.2,180,Moving,0.1625908747
Somatosensory,17,17.2,181,SWD,14.3596936
Somatosensory,17,17.2,181,Still,12.45972603
Somatosensory,17,17.2,181,Moving,10.88545906
Somatosensory,17,17.2,182,SWD,0.5825871184
Somatosensory,17,17.2,182,Still,0.7268205548
Somatosensory,17,17.2,182,Moving,0.2574355517
Caudoputamen,17,17.2,183,SWD,2.168518718
Caudoputamen,17,17.2,183,Still,0.1533587527
Caudoputamen,17,17.2,183,Moving,0.03251817495
Caudoputamen,17,17.2,184,SWD,3.322904305
Caudoputamen,17,17.2,184,Still,0.362449383
Caudoputamen,17,17.2,184,Moving,0.7452081759
Caudoputamen,17,17.2,185,SWD,5.275650016
Caudoputamen,17,17.2,185,Still,1.337180703
Caudoputamen,17,17.2,185,Moving,1.731592816
Caudoputamen,17,17.2,186,SWD,6.710540511
Caudoputamen,17,17.2,186,Still,3.046804092
Caudoputamen,17,17.2,186,Moving,3.330403084
Caudoputamen,17,17.2,187,SWD,3.452368109
Caudoputamen,17,17.2,187,Still,0.7118306015
Caudoputamen,17,17.2,187,Moving,1.05142099
Caudoputamen,17,17.2,188,SWD,2.23325062
Caudoputamen,17,17.2,188,Still,0.1902570992
Caudoputamen,17,17.2,188,Moving,0.8292134612
Caudoputamen,17,17.2,189,SWD,8.512245118
Caudoputamen,17,17.2,189,Still,1.842995537
Caudoputamen,17,17.2,189,Moving,2.709847912
Caudoputamen,17,17.2,190,SWD,7.552055238
Caudoputamen,17,17.2,190,Still,4.663412899
Caudoputamen,17,17.2,190,Moving,8.834104195
Caudoputamen,17,17.2,191,SWD,1.5859316
Caudoputamen,17,17.2,191,Still,0.1791107237
Caudoputamen,17,17.2,191,Moving,0.01896893539
Caudoputamen,17,17.2,192,SWD,2.632430683
Caudoputamen,17,17.2,192,Still,0.4462393782
Caudoputamen,17,17.2,192,Moving,1.151685363
Caudoputamen,17,17.2,193,SWD,2.092998166
Caudoputamen,17,17.2,193,Still,0.6899222083
Caudoputamen,17,17.2,193,Moving,0.7479180238
Caudoputamen,17,17.2,194,SWD,1.380947243
Caudoputamen,17,17.2,194,Still,0.2636694345
Caudoputamen,17,17.2,194,Moving,0.4444150576
Caudoputamen,17,17.2,195,SWD,2.190096019
Caudoputamen,17,17.2,195,Still,0.4846751558
Caudoputamen,17,17.2,195,Moving,0.6639127386
Caudoputamen,17,17.2,196,SWD,4.002589276
Caudoputamen,17,17.2,196,Still,1.700014444
Caudoputamen,17,17.2,196,Moving,2.121810915
Caudoputamen,17,17.2,197,SWD,1.014133132
Caudoputamen,17,17.2,197,Still,0.1798794393
Caudoputamen,17,17.2,197,Moving,0.3956377952
Caudoputamen,17,17.2,198,SWD,2.664796634
Caudoputamen,17,17.2,198,Still,0.7840898635
Caudoputamen,17,17.2,198,Moving,0.7885657425
Caudoputamen,17,17.2,199,SWD,3.236595102
Caudoputamen,17,17.2,199,Still,0.4558483226
Caudoputamen,17,17.2,199,Moving,0.6286847157
Caudoputamen,17,17.2,200,SWD,3.16107455
Caudoputamen,17,17.2,200,Still,0.8302127966
Caudoputamen,17,17.2,200,Moving,0.1219431561
Caudoputamen,17,17.2,201,SWD,3.722084367
Caudoputamen,17,17.2,201,Still,0.3970415828
Caudoputamen,17,17.2,201,Moving,0.8617316362
Caudoputamen,17,17.2,202,SWD,3.463156759
Caudoputamen,17,17.2,202,Still,0.5365634556
Caudoputamen,17,17.2,202,Moving,0.6070059324
Caudoputamen,17,17.2,203,SWD,5.825871184
Caudoputamen,17,17.2,203,Still,0.3701365385
Caudoputamen,17,17.2,203,Moving,3.148843274
Caudoputamen,17,17.2,204,SWD,2.912935592
Caudoputamen,17,17.2,204,Still,0.3616806674
Caudoputamen,17,17.2,204,Moving,0.3224719016
Caudoputamen,17,17.2,205,SWD,8.102276405
Caudoputamen,17,17.2,205,Still,2.419916559
Caudoputamen,17,17.2,205,Moving,13.47336382
Caudoputamen,17,17.2,206,SWD,1.974323012
Caudoputamen,17,17.2,206,Still,0.4712226336
Caudoputamen,17,17.2,206,Moving,0.2276272246
Caudoputamen,17,17.2,207,SWD,0.7228395728
Caudoputamen,17,17.2,207,Still,0.2621320034
Caudoputamen,17,17.2,207,Moving,0.1707204185
Caudoputamen,17,17.2,208,SWD,4.067321178
Caudoputamen,17,17.2,208,Still,0.9947179248
Caudoputamen,17,17.2,208,Moving,0.9999338797
Caudoputamen,17,17.2,209,SWD,5.566943575
Caudoputamen,17,17.2,209,Still,2.618245172
Caudoputamen,17,17.2,209,Moving,13.87171146
Caudoputamen,17,17.2,210,SWD,9.375337145
Caudoputamen,17,17.2,210,Still,6.337675372
Caudoputamen,17,17.2,210,Moving,7.476470391
Caudoputamen,17,17.2,211,SWD,0.5502211673
Caudoputamen,17,17.2,211,Still,0.6584048706
Caudoputamen,17,17.2,211,Moving,0.5013218638
Somatosensory,17,17.2,212,SWD,1.89880246
Somatosensory,17,17.2,212,Still,1.488617667
Somatosensory,17,17.2,212,Moving,0.4796430805
Somatosensory,17,17.2,213,SWD,1.456467796
Somatosensory,17,17.2,213,Still,0.5930640487
Somatosensory,17,17.2,213,Moving,0.2384666163
Somatosensory,17,17.2,214,SWD,0.9062466285
Somatosensory,17,17.2,214,Still,0.3097923676
Somatosensory,17,17.2,214,Moving,0.1625908747
Somatosensory,17,17.2,215,SWD,5.966123638
Somatosensory,17,17.2,215,Still,5.598555368
Somatosensory,17,17.2,215,Moving,3.446926545
Somatosensory,17,17.2,216,SWD,2.54612148
Somatosensory,17,17.2,216,Still,1.592009909
Somatosensory,17,17.2,216,Moving,1.93483141
Somatosensory,17,17.2,217,SWD,0.09709785306
Somatosensory,17,17.2,217,Still,0.2240805835
Somatosensory,17,17.2,217,Moving,0.0216787833
Somatosensory,17,17.2,218,SWD,3.020822095
Somatosensory,17,17.2,218,Still,1.752287102
Somatosensory,17,17.2,218,Moving,0.1734302664
Somatosensory,17,17.2,219,SWD,3.991800626
Somatosensory,17,17.2,219,Still,2.064385616
Somatosensory,17,17.2,219,Moving,0.6964309135
Caudoputamen,17,17.2,220,SWD,7.530477937
Caudoputamen,17,17.2,220,Still,0.7037590882
Caudoputamen,17,17.2,220,Moving,0.3387309891
Hipp,18,18.1,221,SWD,18.40918203
Hipp,18,18.1,221,Still,21.11551921
Hipp,18,18.1,221,Moving,28.4997554
Hipp,18,18.1,222,SWD,11.84625461
Hipp,18,18.1,222,Still,13.96820362
Hipp,18,18.1,222,Moving,14.76418363
Hipp,18,18.1,223,SWD,7.831153432
Hipp,18,18.1,223,Still,8.485715222
Hipp,18,18.1,223,Moving,7.305109719
Hipp,18,18.1,224,SWD,11.36285008
Hipp,18,18.1,224,Still,11.25171001
Hipp,18,18.1,224,Moving,17.75829587
Hipp,18,18.1,225,SWD,16.83953908
Hipp,18,18.1,225,Still,13.83464385
Hipp,18,18.1,225,Moving,25.91512241
Hipp,18,18.1,226,SWD,7.262442217
Hipp,18,18.1,226,Still,6.999279057
Hipp,18,18.1,226,Moving,12.69822435
Hipp,18,18.1,227,SWD,16.07177894
Hipp,18,18.1,227,Still,15.04882357
Hipp,18,18.1,227,Moving,26.92298733
Visual,18,18.1,228,SWD,10.89650688
Visual,18,18.1,228,Still,9.783019547
Visual,18,18.1,228,Moving,1.92728231
Visual,18,18.1,229,SWD,14.90592095
Visual,18,18.1,229,Still,10.73194769
Visual,18,18.1,229,Moving,27.09660653
Hipp,20,20.1,230,SWD,4.664129588
Hipp,20,20.1,230,Still,5.227677095
Hipp,20,20.1,230,Moving,8.332381208
Hipp,20,20.1,231,SWD,0.247715532
Hipp,20,20.1,231,Still,0.1597690003
Hipp,20,20.1,231,Moving,0.498811241
Hipp,20,20.1,232,SWD,11.6992507
Hipp,20,20.1,232,Still,15.58477999
Hipp,20,20.1,232,Moving,15.59120151
Hipp,20,20.1,233,SWD,0
Hipp,20,20.1,233,Still,0.1433937842
Hipp,20,20.1,233,Moving,0.9529528186
Hipp,20,20.1,234,SWD,3.376008822
Hipp,20,20.1,234,Still,2.442562639
Hipp,20,20.1,234,Moving,1.47558788
Hipp,20,20.1,235,SWD,16.56155271
Hipp,20,20.1,235,Still,12.6969885
Hipp,20,20.1,235,Moving,28.47839939
Visual,20,20.1,236,SWD,5.43558653
Visual,20,20.1,236,Still,4.613385205
Visual,20,20.1,236,Moving,12.96164732
Visual,20,20.1,237,SWD,1.818939763
Visual,20,20.1,237,Still,0.877623068
Visual,20,20.1,237,Moving,0.03126876436
Visual,20,20.1,238,SWD,1.344741459
Visual,20,20.1,238,Still,1.883149851
Visual,20,20.1,238,Moving,4.484834203
Visual,20,20.1,239,SWD,3.786508846
Visual,20,20.1,239,Still,4.580634773
Visual,20,20.1,239,Moving,4.900262072
Visual,20,20.1,240,SWD,0.0495431064
Visual,20,20.1,240,Still,0.1495898119
Visual,20,20.1,240,Moving,0.6223973097
Visual,20,20.1,241,SWD,2.923043277
Visual,20,20.1,241,Still,6.907685752
Visual,20,20.1,241,Moving,7.498547491
Visual,20,20.1,242,SWD,8.167534969
Visual,20,20.1,242,Still,8.685945705
Visual,20,20.1,242,Moving,6.779365911
Visual,20,20.1,243,SWD,1.535836298
Visual,20,20.1,243,Still,1.87783897
Visual,20,20.1,243,Moving,3.831168129
Visual,20,20.1,244,SWD,7.95520737
Visual,20,20.1,244,Still,10.25177042
Visual,20,20.1,244,Moving,16.79281545
Visual,20,20.1,245,SWD,6.419371071
Visual,20,20.1,245,Still,7.927374884
Visual,20,20.1,245,Moving,6.819568608
Visual,20,20.1,246,SWD,7.657948731
Visual,20,20.1,246,Still,9.446729394
Visual,20,20.1,246,Moving,10.75645494
Visual,20,20.1,247,SWD,3.284000195
Visual,20,20.1,247,Still,3.164399867
Visual,20,20.1,247,Moving,2.523835981
Visual,20,20.1,248,SWD,14.36750085
Visual,20,20.1,248,Still,16.90807448
Visual,20,20.1,248,Moving,20.17579796
Visual,20,20.1,249,SWD,3.871439885
Visual,20,20.1,249,Still,6.040684446
Visual,20,20.1,249,Moving,4.74391825
Visual,20,20.1,250,SWD,17.40378552
Visual,20,20.1,250,Still,23.4218699
Visual,20,20.1,250,Moving,36.71846329
Visual,20,20.1,251,SWD,12.79627662
Visual,20,20.1,251,Still,19.28248081
Visual,20,20.1,251,Moving,22.92596023
Visual,20,20.1,252,SWD,0.4600431308
Visual,20,20.1,252,Still,1.356487495
Visual,20,20.1,252,Moving,2.089051257
Visual,20,20.1,253,SWD,0.1203189727
Visual,20,20.1,253,Still,0.2496114021
Visual,20,20.1,253,Moving,0.1891015749
Visual,22,22.1,254,SWD,7.201042685
Visual,22,22.1,254,Still,4.510258693
Visual,22,22.1,254,Moving,9.229474991
Visual,22,22.1,255,SWD,4.626914304
Visual,22,22.1,255,Still,6.455486544
Visual,22,22.1,255,Moving,7.045739759
Visual,22,22.1,256,SWD,6.875203649
Visual,22,22.1,256,Still,6.773823228
Visual,22,22.1,256,Moving,8.478901671
Visual,22,22.1,257,SWD,9.840338873
Visual,22,22.1,257,Still,13.22710929
Visual,22,22.1,257,Moving,14.54379726
Visual,22,22.1,258,SWD,0.9042033236
Visual,22,22.1,258,Still,1.801462896
Visual,22,22.1,258,Moving,5.975528568
Visual,22,22.1,259,SWD,1.490713587
Visual,22,22.1,259,Still,3.107816894
Visual,22,22.1,259,Moving,4.801147231
Visual,22,22.1,260,SWD,5.262300424
Visual,22,22.1,260,Still,3.796568384
Visual,22,22.1,260,Moving,7.671308903
Hipp,22,22.1,261,SWD,3.739002933
Hipp,22,22.1,261,Still,5.54595316
Hipp,22,22.1,261,Moving,9.106115606
Hipp,22,22.1,262,SWD,8.39850114
Hipp,22,22.1,262,Still,12.05571831
Hipp,22,22.1,262,Moving,33.57842437
Hipp,22,22.1,263,SWD,9.343434343
Hipp,22,22.1,263,Still,8.667706452
Hipp,22,22.1,263,Moving,17.87614542
Visual,22,22.1,264,SWD,4.822417726
Visual,22,22.1,264,Still,5.42492654
Visual,22,22.1,264,Moving,7.835239818
Visual,22,22.1,265,SWD,1.596611274
Visual,22,22.1,265,Still,1.043762908
Visual,22,22.1,265,Moving,0.001096527859
Visual,22,22.1,266,SWD,0.6028022157
Visual,22,22.1,266,Still,0.2860629192
Visual,22,22.1,266,Moving,1.116813625
Visual,22,22.1,267,SWD,5.278592375
Visual,22,22.1,267,Still,4.148645823
Visual,22,22.1,267,Moving,9.197675683
Visual,22,22.1,268,SWD,1.181166504
Visual,22,22.1,268,Still,1.435449059
Visual,22,22.1,268,Moving,1.951819589
Visual,22,22.1,269,SWD,0.9286412512
Visual,22,22.1,269,Still,1.030560004
Visual,22,22.1,269,Moving,3.354278721
Visual,22,22.1,270,SWD,8.447376996
Visual,22,22.1,270,Still,6.231770671
Visual,22,22.1,270,Moving,8.167487759
Visual,22,22.1,271,SWD,0.03258390355
Visual,22,22.1,271,Still,0.09388731708
Visual,22,22.1,271,Moving,0.2401396012
Visual,22,22.1,272,SWD,3.80417074
Visual,22,22.1,272,Still,5.799742314
Visual,22,22.1,272,Moving,8.617612445
Visual,22,22.1,273,SWD,1.759530792
Visual,22,22.1,273,Still,3.251581848
Visual,22,22.1,273,Moving,8.971790944
Visual,22,22.1,274,SWD,0.9612251548
Visual,22,22.1,274,Still,1.475057771
Visual,22,22.1,274,Moving,5.164646217
Visual,22,22.1,275,SWD,0.1058976865
Visual,22,22.1,275,Still,0.1672367835
Visual,22,22.1,275,Moving,0.3262170381
Visual,22,22.1,276,SWD,0.03258390355
Visual,22,22.1,276,Still,0.05207812119
Visual,22,22.1,276,Moving,0.2543944633
Visual,22,22.1,277,SWD,2.631150212
Visual,22,22.1,277,Still,5.109523834
Visual,22,22.1,277,Moving,11.60455433
Visual,22,22.1,278,SWD,6.256109482
Visual,22,22.1,278,Still,7.688491075
Visual,22,22.1,278,Moving,18.71827882
Visual,22,22.1,279,SWD,0.5294884327
Visual,22,22.1,279,Still,0.5867957317
Visual,22,22.1,279,Moving,0.7873070029
Excluded,23,23.1,280,SWD,21.69229883
Excluded,23,23.1,280,Still,21.42340817
Excluded,23,23.1,280,Moving,40.39265301
Excluded,23,23.1,281,SWD,0.5299233915
Excluded,23,23.1,281,Still,0.8012375033
Excluded,23,23.1,281,Moving,0.5831128736
Excluded,23,23.1,282,SWD,10.41990669
Excluded,23,23.1,282,Still,13.26774374
Excluded,23,23.1,282,Moving,15.99860448
Hipp,23,23.1,283,SWD,39.55417315
Hipp,23,23.1,283,Still,42.45375644
Hipp,23,23.1,283,Moving,57.2822066
Hipp,23,23.1,284,SWD,0.8697655665
Hipp,23,23.1,284,Still,0.8107682201
Hipp,23,23.1,284,Moving,0.01677312834
Hipp,23,23.1,285,SWD,2.24065434
Hipp,23,23.1,285,Still,2.284085582
Hipp,23,23.1,285,Moving,0.02663967443
Hipp,23,23.1,286,SWD,10.88070964
Hipp,23,23.1,286,Still,12.15330717
Hipp,23,23.1,286,Moving,16.11798968
Hipp,23,23.1,287,SWD,6.382120846
Hipp,23,23.1,287,Still,7.099726737
Hipp,23,23.1,287,Moving,8.1142475
Hipp,23,23.1,288,SWD,23.34542941
Hipp,23,23.1,288,Still,31.25910793
Hipp,23,23.1,288,Moving,51.60598264
Visual,23,23.1,289,SWD,18.14987616
Visual,23,23.1,289,Still,18.51752548
Visual,23,23.1,289,Moving,15.4263448
Visual,23,23.1,290,SWD,37.88952249
Visual,23,23.1,290,Still,37.21416271
Visual,23,23.1,290,Moving,45.3989385
Visual,23,23.1,291,SWD,3.409941824
Visual,23,23.1,291,Still,3.128375633
Visual,23,23.1,291,Moving,1.907203358
Visual,23,23.1,292,SWD,4.498588791
Visual,23,23.1,292,Still,8.26378877
Visual,23,23.1,292,Moving,11.70764358
Visual,23,23.1,293,SWD,3.864984736
Visual,23,23.1,293,Still,2.927573289
Visual,23,23.1,293,Moving,1.281664336
Visual,23,23.1,294,SWD,3.916825068
Visual,23,23.1,294,Still,4.932967566
Visual,23,23.1,294,Moving,10.25035473
Visual,23,23.1,295,SWD,3.116179944
Visual,23,23.1,295,Still,3.975294848
Visual,23,23.1,295,Moving,6.472454231
Visual,23,23.1,296,SWD,0.5875237602
Visual,23,23.1,296,Still,1.328713382
Visual,23,23.1,296,Moving,1.660539706
Visual,23,23.1,297,SWD,8.536374633
Visual,23,23.1,297,Still,8.666050749
Visual,23,23.1,297,Moving,11.74612311
Hipp,24,24.1,298,SWD,6.136855782
Hipp,24,24.1,298,Still,15.08604028
Hipp,24,24.1,298,Moving,29.52945092
Hipp,24,24.1,299,SWD,5.357297531
Hipp,24,24.1,299,Still,8.294801873
Hipp,24,24.1,299,Moving,6.734457028
Hipp,24,24.1,300,SWD,13.69857081
Hipp,24,24.1,300,Still,13.53145647
Hipp,24,24.1,300,Moving,17.30160246
Hipp,24,24.1,301,SWD,11.08271979
Hipp,24,24.1,301,Still,3.334148908
Hipp,24,24.1,301,Moving,7.850596089
Hipp,24,24.1,302,SWD,54.21827631
Hipp,24,24.1,302,Still,49.46330386
Hipp,24,24.1,302,Moving,70.14697648
Hipp,24,24.1,303,SWD,7.379818103
Hipp,24,24.1,303,Still,3.889840392
Hipp,24,24.1,303,Moving,2.8911571
Hipp,24,24.1,304,SWD,6.799480294
Hipp,24,24.1,304,Still,6.014253855
Hipp,24,24.1,304,Moving,8.459793856
Hipp,24,24.1,305,SWD,9.237765266
Hipp,24,24.1,305,Still,2.996062274
Hipp,24,24.1,305,Moving,1.740771767
Hipp,24,24.1,306,SWD,0.4590731919
Hipp,24,24.1,306,Still,0.1647403959
Hipp,24,24.1,306,Moving,0.8908854126
Hipp,24,24.1,307,SWD,8.497184929
Hipp,24,24.1,307,Still,10.42474766
Hipp,24,24.1,307,Moving,11.75901217
Hipp,24,24.1,308,SWD,10.04763967
Hipp,24,24.1,308,Still,13.40544236
Hipp,24,24.1,308,Moving,16.81588421
Hipp,24,24.1,309,SWD,9.077522737
Hipp,24,24.1,309,Still,10.02949365
Hipp,24,24.1,309,Moving,10.17789556
Visual,24,24.1,310,SWD,11.09571243
Visual,24,24.1,310,Still,13.33413682
Visual,24,24.1,310,Moving,14.35690542
Hipp,24,24.1,311,SWD,9.475963621
Hipp,24,24.1,311,Still,8.371025041
Hipp,24,24.1,311,Moving,11.46816003
Hipp,24,24.1,312,SWD,8.046773495
Hipp,24,24.1,312,Still,7.624775636
Hipp,24,24.1,312,Moving,7.962981742
Visual,24,24.1,313,SWD,7.804244262
Visual,24,24.1,313,Still,9.191653506
Visual,24,24.1,313,Moving,13.01358334
Visual,24,24.1,314,SWD,8.116067562
Visual,24,24.1,314,Still,10.77758717
Visual,24,24.1,314,Moving,12.44441995
Visual,24,24.1,315,SWD,0.3681247293
Visual,24,24.1,315,Still,0.4487331679
Visual,24,24.1,315,Moving,0.8879913615
Visual,24,24.1,316,SWD,0.8618449545
Visual,24,24.1,316,Still,0.648511633
Visual,24,24.1,316,Moving,0.9188612404
Visual,24,24.1,317,SWD,0.7492420961
Visual,24,24.1,317,Still,0.6509704449
Visual,24,24.1,317,Moving,0.8764151568
Visual,24,24.1,318,SWD,4.456474664
Visual,24,24.1,318,Still,4.534049104
Visual,24,24.1,318,Moving,5.271996513
Visual,24,24.1,319,SWD,1.320918146
Visual,24,24.1,319,Still,1.699653711
Visual,24,24.1,319,Moving,2.758030747
Visual,24,24.1,320,SWD,1.424859246
Visual,24,24.1,320,Still,1.93754376
Visual,24,24.1,320,Moving,1.88933306
Visual,24,24.1,321,SWD,6.552620182
Visual,24,24.1,321,Still,6.883443855
Visual,24,24.1,321,Moving,8.320397059
Visual,24,24.1,322,SWD,5.326981377
Visual,24,24.1,322,Still,7.906309596
Visual,24,24.1,322,Moving,9.599567667
Visual,24,24.1,323,SWD,3.629276743
Visual,24,24.1,323,Still,4.386520392
Visual,24,24.1,323,Moving,4.947862784
Visual,24,24.1,324,SWD,1.888263317
Visual,24,24.1,324,Still,1.513398711
Visual,24,24.1,324,Moving,2.186937986
Visual,24,24.1,325,SWD,2.355998268
Visual,24,24.1,325,Still,1.530610395
Visual,24,24.1,325,Moving,2.141597852
Visual,24,24.1,326,SWD,11.18233001
Visual,24,24.1,326,Still,8.477983358
Visual,24,24.1,326,Moving,9.941548045
Visual,24,24.1,327,SWD,5.820701602
Visual,24,24.1,327,Still,5.058390738
Visual,24,24.1,327,Moving,7.989028202
Visual,24,24.1,328,SWD,1.580770896
Visual,24,24.1,328,Still,0.9429543555
Visual,24,24.1,328,Moving,1.263253327
Visual,24,24.1,329,SWD,0.692940667
Visual,24,24.1,329,Still,0.5532326727
Visual,24,24.1,329,Moving,0.5397405396
Visual,24,24.1,330,SWD,0.2728453876
Visual,24,24.1,330,Still,0.2083843067
Visual,24,24.1,330,Moving,0.1919720597
Visual,24,24.1,331,SWD,1.411866609
Visual,24,24.1,331,Still,0.9952041079
Visual,24,24.1,331,Moving,1.070316584
Visual,24,24.1,332,SWD,0.1299263751
Visual,24,24.1,332,Still,0.3159573264
Visual,24,24.1,332,Moving,0.2734878338
Visual,24,24.1,333,SWD,0.3897791252
Visual,24,24.1,333,Still,0.607326534
Visual,24,24.1,333,Moving,0.6661141066
Visual,24,24.1,334,SWD,0.2208748376
Visual,24,24.1,334,Still,0.5593797024
Visual,24,24.1,334,Moving,0.3844264612
Visual,24,24.1,335,SWD,0.6799480294
Visual,24,24.1,335,Still,0.4567243065
Visual,24,24.1,335,Moving,0.2271830153
Visual,24,24.1,336,SWD,0.9484625379
Visual,24,24.1,336,Still,0.4026304451
Visual,24,24.1,336,Moving,0.6622553717
Visual,24,24.1,337,SWD,5.790385448
Visual,24,24.1,337,Still,7.923521279
Visual,24,24.1,337,Moving,9.509852082
Visual,24,24.1,338,SWD,0.2771762668
Visual,24,24.1,338,Still,0.386033465
Visual,24,24.1,338,Moving,0.3636857613
Hipp,24,24.1,339,SWD,30.88349935
Hipp,24,24.1,339,Still,27.24302091
Hipp,24,24.1,339,Moving,26.36191193
Hipp,24,24.1,340,SWD,0.8358596795
Hipp,24,24.1,340,Still,0.40570396
Hipp,24,24.1,340,Moving,0.8079226129
Hipp,24,24.1,341,SWD,0.6236466003
Hipp,24,24.1,341,Still,0.9865982663
Hipp,24,24.1,341,Moving,0.2566058687
Hipp,24,24.1,342,SWD,7.310524036
Hipp,24,24.1,342,Still,9.74304207
Hipp,24,24.1,342,Moving,14.22233204
Visual,24,24.1,343,SWD,11.05673452
Visual,24,24.1,343,Still,18.51362404
Visual,24,24.1,343,Moving,23.89183928
Visual,24,24.1,344,SWD,3.624945864
Visual,24,24.1,344,Still,2.930289056
Visual,24,24.1,344,Moving,2.298358956
Visual,24,24.1,345,SWD,1.554785621
Visual,24,24.1,345,Still,1.399063959
Visual,24,24.1,345,Moving,2.329711176
Visual,24,24.1,346,SWD,5.508878302
Visual,24,24.1,346,Still,10.4524093
Visual,24,24.1,346,Moving,13.4013862
Visual,24,24.1,347,SWD,3.139887397
Visual,24,24.1,347,Still,2.275630394
Visual,24,24.1,347,Moving,2.08661088
Visual,24,24.1,348,SWD,0.6149848419
Visual,24,24.1,348,Still,0.6509704449
Visual,24,24.1,348,Moving,0.9005322498
Caudoputamen,25,25.1,349,SWD,2.890958479
Caudoputamen,25,25.1,349,Still,0.2392448663
Caudoputamen,25,25.1,349,Moving,1.413178272
Somatosensory,25,25.1,350,SWD,0.5238649593
Somatosensory,25,25.1,350,Still,4.524112728
Somatosensory,25,25.1,350,Moving,3.834949769
Somatosensory,25,25.1,351,SWD,3.861078774
Somatosensory,25,25.1,351,Still,0.6892713832
Somatosensory,25,25.1,351,Moving,0.1076024065
Somatosensory,25,25.1,352,SWD,0.184322856
Somatosensory,25,25.1,352,Still,0.6215750867
Somatosensory,25,25.1,352,Moving,0.2539416794
Somatosensory,25,25.1,353,SWD,2.114862243
Somatosensory,25,25.1,353,Still,1.907804721
Somatosensory,25,25.1,353,Moving,1.020070814
Somatosensory,25,25.1,354,SWD,0.4753589445
Somatosensory,25,25.1,354,Still,2.030888897
Somatosensory,25,25.1,354,Moving,1.044460693
Somatosensory,25,25.1,355,SWD,5.917733799
Somatosensory,25,25.1,355,Still,12.43996377
Somatosensory,25,25.1,355,Moving,14.82330752
Somatosensory,25,25.1,356,SWD,9.157935584
Somatosensory,25,25.1,356,Still,9.379783455
Somatosensory,25,25.1,356,Moving,10.56942572
Somatosensory,25,25.1,357,SWD,4.559565386
Somatosensory,25,25.1,357,Still,12.78306091
Somatosensory,25,25.1,357,Moving,17.69987852
Somatosensory,25,25.1,358,SWD,7.140085371
Somatosensory,25,25.1,358,Still,7.375819221
Somatosensory,25,25.1,358,Moving,8.130437837
Somatosensory,25,25.1,359,SWD,2.939464494
Somatosensory,25,25.1,359,Still,1.669329131
Somatosensory,25,25.1,359,Moving,1.245318518
Somatosensory,25,25.1,360,SWD,0.8537058595
Somatosensory,25,25.1,360,Still,3.356351613
Somatosensory,25,25.1,360,Moving,3.695783989
Somatosensory,25,25.1,361,SWD,6.732634847
Somatosensory,25,25.1,361,Still,2.106277955
Somatosensory,25,25.1,361,Moving,0.5322732376
Somatosensory,25,25.1,362,SWD,0.7372914241
Somatosensory,25,25.1,362,Still,1.392389736
Somatosensory,25,25.1,362,Moving,0.6341368491
Somatosensory,25,25.1,363,SWD,0.2037252619
Somatosensory,25,25.1,363,Still,1.897804132
Somatosensory,25,25.1,363,Moving,1.40457008
Somatosensory,25,25.1,364,SWD,2.037252619
Somatosensory,25,25.1,364,Still,1.793951859
Somatosensory,25,25.1,364,Moving,2.070270302
Somatosensory,25,25.1,365,SWD,24.57314707
Somatosensory,25,25.1,365,Still,11.58529803
Somatosensory,25,25.1,365,Moving,12.22363338
Somatosensory,25,25.1,366,SWD,0.2716336826
Somatosensory,25,25.1,366,Still,0.5038758438
Somatosensory,25,25.1,366,Moving,0.3744563747
Somatosensory,25,25.1,367,SWD,1.18354676
Somatosensory,25,25.1,367,Still,1.343925342
Somatosensory,25,25.1,367,Moving,1.288359481
Somatosensory,25,25.1,368,SWD,0.6790842064
Somatosensory,25,25.1,368,Still,0.956210189
Somatosensory,25,25.1,368,Moving,0.1449045741
Somatosensory,25,25.1,369,SWD,2.502910361
Somatosensory,25,25.1,369,Still,10.74832563
Somatosensory,25,25.1,369,Moving,14.80752584
Somatosensory,25,25.1,370,SWD,1.823826154
Somatosensory,25,25.1,370,Still,2.531687636
Somatosensory,25,25.1,370,Moving,2.61258643
Somatosensory,25,25.1,371,SWD,4.006596818
Somatosensory,25,25.1,371,Still,9.596719314
Somatosensory,25,25.1,371,Moving,12.93237457
Somatosensory,25,25.1,372,SWD,1.144741948
Somatosensory,25,25.1,372,Still,3.336350434
Somatosensory,25,25.1,372,Moving,1.93397392
Somatosensory,25,25.1,373,SWD,0.6111757858
Somatosensory,25,25.1,373,Still,2.307059016
Somatosensory,25,25.1,373,Moving,0.3615440859
Somatosensory,25,25.1,374,SWD,1.144741948
Somatosensory,25,25.1,374,Still,1.432392093
Somatosensory,25,25.1,374,Moving,0.373021676
Somatosensory,25,25.1,375,SWD,0.09701202949
Somatosensory,25,25.1,375,Still,1.211609853
Somatosensory,25,25.1,375,Moving,0.2812009557
Somatosensory,25,25.1,376,SWD,3.405122235
Somatosensory,25,25.1,376,Still,7.007335971
Somatosensory,25,25.1,376,Moving,6.230896687
Somatosensory,25,25.1,377,SWD,0.5820721769
Somatosensory,25,25.1,377,Still,1.1039112
Somatosensory,25,25.1,377,Moving,0.2281171018
Somatosensory,25,25.1,378,SWD,5.762514552
Somatosensory,25,25.1,378,Still,1.619326185
Somatosensory,25,25.1,378,Moving,0.4275402286
Somatosensory,25,25.1,379,SWD,0.6111757858
Somatosensory,25,25.1,379,Still,0.3284808936
Somatosensory,25,25.1,379,Moving,0.2926785457
Somatosensory,25,25.1,380,SWD,2.444703143
Somatosensory,25,25.1,380,Still,2.34167644
Somatosensory,25,25.1,380,Moving,1.595385014
Somatosensory,25,25.1,381,SWD,3.822273962
Somatosensory,25,25.1,381,Still,2.999407504
Somatosensory,25,25.1,381,Moving,2.39451222
Somatosensory,25,25.1,382,SWD,10.71012806
Somatosensory,25,25.1,382,Still,3.543285704
Somatosensory,25,25.1,382,Moving,0.08751662397
Somatosensory,25,25.1,383,SWD,0.7081878153
Somatosensory,25,25.1,383,Still,3.745605318
Somatosensory,25,25.1,383,Moving,6.103208498
Somatosensory,25,25.1,384,SWD,0.07760962359
Somatosensory,25,25.1,384,Still,0.3430971394
Somatosensory,25,25.1,384,Moving,0.1090371053
Somatosensory,25,25.1,385,SWD,0.08731082654
Somatosensory,25,25.1,385,Still,0.4469494126
Somatosensory,25,25.1,385,Moving,0.0373021676
Somatosensory,25,25.1,386,SWD,0.8731082654
Somatosensory,25,25.1,386,Still,1.769335024
Somatosensory,25,25.1,386,Moving,1.582472725
Somatosensory,25,25.1,387,SWD,5.917733799
Somatosensory,25,25.1,387,Still,2.575536374
Somatosensory,25,25.1,387,Moving,0.8063006996
Somatosensory,25,25.1,388,SWD,0.1358168413
Somatosensory,25,25.1,388,Still,0.7223502554
Somatosensory,25,25.1,388,Moving,4.692899623
Somatosensory,25,25.1,389,SWD,2.842452464
Somatosensory,25,25.1,389,Still,6.411146995
Somatosensory,25,25.1,389,Moving,4.622599384
Somatosensory,25,25.1,390,SWD,0.3395421032
Somatosensory,25,25.1,390,Still,0.8908217207
Somatosensory,25,25.1,390,Moving,0.3500664959
Somatosensory,25,25.1,391,SWD,4.763290648
Somatosensory,25,25.1,391,Still,2.360139067
Somatosensory,25,25.1,391,Moving,3.662785918
Somatosensory,25,25.1,392,SWD,12.04889406
Somatosensory,25,25.1,392,Still,25.151482
Somatosensory,25,25.1,392,Moving,28.16744063
Somatosensory,25,25.1,393,SWD,3.589445091
Somatosensory,25,25.1,393,Still,11.56068119
Somatosensory,25,25.1,393,Moving,7.374351594
Somatosensory,25,25.1,394,SWD,6.558013194
Somatosensory,25,25.1,394,Still,1.780874165
Somatosensory,25,25.1,394,Moving,1.466262126
Somatosensory,25,25.1,395,SWD,0.4462553357
Somatosensory,25,25.1,395,Still,2.277057248
Somatosensory,25,25.1,395,Moving,0.9942462363
Somatosensory,25,25.1,396,SWD,5.054326737
Somatosensory,25,25.1,396,Still,3.892537053
Somatosensory,25,25.1,396,Moving,3.529358934
Somatosensory,25,25.1,397,SWD,11.74815677
Somatosensory,25,25.1,397,Still,15.67553904
Somatosensory,25,25.1,397,Moving,17.88065057
Somatosensory,25,25.1,398,SWD,1.649204501
Somatosensory,25,25.1,398,Still,4.871825524
Somatosensory,25,25.1,398,Moving,4.269663491
Somatosensory,25,25.1,399,SWD,10.82654249
Somatosensory,25,25.1,399,Still,9.646722261
Somatosensory,25,25.1,399,Moving,11.25377702
Somatosensory,25,25.1,400,SWD,2.949165697
Somatosensory,25,25.1,400,Still,3.754836631
Somatosensory,25,25.1,400,Moving,1.229536832
Somatosensory,25,25.1,401,SWD,7.033372138
Somatosensory,25,25.1,401,Still,10.0413609
Somatosensory,25,25.1,401,Moving,9.547920206
Somatosensory,25,25.1,402,SWD,4.976717113
Somatosensory,25,25.1,402,Still,7.618910468
Somatosensory,25,25.1,402,Moving,8.885089381
Somatosensory,25,25.1,403,SWD,8.09080326
Somatosensory,25,25.1,403,Still,16.70867683
Somatosensory,25,25.1,403,Moving,16.73576096
Somatosensory,25,25.1,404,SWD,0.9701202949
Somatosensory,25,25.1,404,Still,2.154742349
Somatosensory,25,25.1,404,Moving,1.239579723
Somatosensory,25,25.1,405,SWD,3.133488553
Somatosensory,25,25.1,405,Still,2.955558766
Somatosensory,25,25.1,405,Moving,2.928220156
Somatosensory,25,25.1,406,SWD,3.696158324
Somatosensory,25,25.1,406,Still,3.142492858
Somatosensory,25,25.1,406,Moving,2.466247158
Somatosensory,25,25.1,407,SWD,1.008925107
Somatosensory,25,25.1,407,Still,2.730930146
Somatosensory,25,25.1,407,Moving,2.7632298
Somatosensory,25,25.1,408,SWD,6.97516492
Somatosensory,25,25.1,408,Still,8.571274277
Somatosensory,25,25.1,408,Moving,2.187915599
Somatosensory,25,25.1,409,SWD,5.684904928
Somatosensory,25,25.1,409,Still,5.794187565
Somatosensory,25,25.1,409,Moving,7.116105818
Somatosensory,25,25.1,410,SWD,11.69965076
Somatosensory,25,25.1,410,Still,35.01283229
Somatosensory,25,25.1,410,Moving,50.47413685
Somatosensory,25,25.1,411,SWD,0.6014745828
Somatosensory,25,25.1,411,Still,2.886323917
Somatosensory,25,25.1,411,Moving,2.12909295
Somatosensory,25,25.1,412,SWD,2.182770664
Somatosensory,25,25.1,412,Still,3.568671816
Somatosensory,25,25.1,412,Moving,1.152063099
Somatosensory,25,25.1,413,SWD,22.31276678
Somatosensory,25,25.1,413,Still,33.28811528
Somatosensory,25,25.1,413,Moving,22.5577685
Somatosensory,25,25.1,414,SWD,1.028327513
Somatosensory,25,25.1,414,Still,2.696312721
Somatosensory,25,25.1,414,Moving,4.159191687
Somatosensory,25,25.1,415,SWD,0.388048118
Somatosensory,25,25.1,415,Still,5.813419468
Somatosensory,25,25.1,415,Moving,4.876541064
Somatosensory,25,25.1,416,SWD,0.6499805976
Somatosensory,25,25.1,416,Still,1.677791168
Somatosensory,25,25.1,416,Moving,0.9928115375
Somatosensory,25,25.1,417,SWD,1.891734575
Somatosensory,25,25.1,417,Still,5.350315257
Somatosensory,25,25.1,417,Moving,2.542286192
Somatosensory,25,25.1,418,SWD,1.998447808
Somatosensory,25,25.1,418,Still,2.358600514
Somatosensory,25,25.1,418,Moving,3.77612712
Somatosensory,25,25.1,419,SWD,1.523088863
Somatosensory,25,25.1,419,Still,3.024024339
Somatosensory,25,25.1,419,Moving,3.575269294
Somatosensory,25,25.1,420,SWD,1.406674428
Somatosensory,25,25.1,420,Still,1.501626942
Somatosensory,25,25.1,420,Moving,0.7001329918
Somatosensory,25,25.1,421,SWD,0.7372914241
Somatosensory,25,25.1,421,Still,1.140067176
Somatosensory,25,25.1,421,Moving,0.6542226317
Somatosensory,25,25.1,422,SWD,1.523088863
Somatosensory,25,25.1,422,Still,2.768624674
Somatosensory,25,25.1,422,Moving,3.106122802
Somatosensory,25,25.1,423,SWD,4.258828095
Somatosensory,25,25.1,423,Still,7.39966678
Somatosensory,25,25.1,423,Moving,10.66985463
Somatosensory,25,25.1,424,SWD,14.36748157
Somatosensory,25,25.1,424,Still,19.08573998
Somatosensory,25,25.1,424,Moving,21.42435649
Somatosensory,25,25.1,425,SWD,4.190919674
Somatosensory,25,25.1,425,Still,5.901116943
Somatosensory,25,25.1,425,Moving,6.710086071
Somatosensory,25,25.1,426,SWD,0.4462553357
Somatosensory,25,25.1,426,Still,1.239303793
Somatosensory,25,25.1,426,Moving,2.83209534
Somatosensory,25,25.1,427,SWD,0.6790842064
Somatosensory,25,25.1,427,Still,1.789336202
Somatosensory,25,25.1,427,Moving,1.375876105
Somatosensory,25,25.1,428,SWD,1.008925107
Somatosensory,25,25.1,428,Still,0.9662107783
Somatosensory,25,25.1,428,Moving,0.7575209419
Somatosensory,25,25.1,429,SWD,9.390764455
Somatosensory,25,25.1,429,Still,23.21752189
Somatosensory,25,25.1,429,Moving,23.08286825
Somatosensory,25,25.1,430,SWD,8.546759798
Somatosensory,25,25.1,430,Still,12.41765476
Somatosensory,25,25.1,430,Moving,14.62818849
Somatosensory,25,25.1,431,SWD,5.199844781
Somatosensory,25,25.1,431,Still,11.05065114
Somatosensory,25,25.1,431,Moving,11.34703244
Somatosensory,25,25.1,432,SWD,8.798991075
Somatosensory,25,25.1,432,Still,15.79785394
Somatosensory,25,25.1,432,Moving,13.64972394
Somatosensory,25,25.1,433,SWD,1.08653473
Somatosensory,25,25.1,433,Still,1.566246134
Somatosensory,25,25.1,433,Moving,1.483478511
Somatosensory,25,25.1,434,SWD,1.047729919
Somatosensory,25,25.1,434,Still,0.6469611979
Somatosensory,25,25.1,434,Moving,0.285505052
Somatosensory,25,25.1,435,SWD,1.154443151
Somatosensory,25,25.1,435,Still,1.403159602
Somatosensory,25,25.1,435,Moving,1.255361409
Somatosensory,25,25.1,436,SWD,1.18354676
Somatosensory,25,25.1,436,Still,2.131664066
Somatosensory,25,25.1,436,Moving,2.870832206
Somatosensory,25,25.1,437,SWD,1.358168413
Somatosensory,25,25.1,437,Still,1.518551016
Somatosensory,25,25.1,437,Moving,0.9425970812
Somatosensory,25,25.1,438,SWD,0.4850601475
Somatosensory,25,25.1,438,Still,0.9469788758
Somatosensory,25,25.1,438,Moving,0.6972635943
Somatosensory,25,25.1,439,SWD,1.261156383
Somatosensory,25,25.1,439,Still,1.714716421
Somatosensory,25,25.1,439,Moving,1.345747431
Somatosensory,25,25.1,440,SWD,1.125339542
Somatosensory,25,25.1,440,Still,1.422391504
Somatosensory,25,25.1,440,Moving,1.395961887
Somatosensory,25,25.1,441,SWD,0.5529685681
Somatosensory,25,25.1,441,Still,0.2900170887
Somatosensory,25,25.1,441,Moving,0.1434698754
Somatosensory,25,25.1,442,SWD,0.8828094684
Somatosensory,25,25.1,442,Still,0.8485115354
Somatosensory,25,25.1,442,Moving,0.4576689024
Somatosensory,25,25.1,443,SWD,0.4753589445
Somatosensory,25,25.1,443,Still,0.6000353559
Somatosensory,25,25.1,443,Moving,0.500709865
Somatosensory,25,25.1,444,SWD,0.6790842064
Somatosensory,25,25.1,444,Still,1.042369112
Somatosensory,25,25.1,444,Moving,1.032983103
Somatosensory,25,25.1,445,SWD,3.308110206
Somatosensory,25,25.1,445,Still,1.684714653
Somatosensory,25,25.1,445,Moving,0.9913768388
Somatosensory,25,25.1,446,SWD,2.250679084
Somatosensory,25,25.1,446,Still,1.745487465
Somatosensory,25,25.1,446,Moving,2.294083307
Somatosensory,25,25.1,447,SWD,1.280558789
Somatosensory,25,25.1,447,Still,0.7692760973
Somatosensory,25,25.1,447,Moving,0.972725755
Somatosensory,25,25.1,448,SWD,0.8925106713
Somatosensory,25,25.1,448,Still,0.6238829149
Somatosensory,25,25.1,448,Moving,0.5595325139
Somatosensory,25,25.1,449,SWD,0.7469926271
Somatosensory,25,25.1,449,Still,0.4769511804
Somatosensory,25,25.1,449,Moving,0.4734505887
Somatosensory,25,25.1,450,SWD,0.6402793946
Somatosensory,25,25.1,450,Still,0.4277175101
Somatosensory,25,25.1,450,Moving,0.6269633554
Somatosensory,25,25.1,451,SWD,2.609623593
Somatosensory,25,25.1,451,Still,0.8792825793
Somatosensory,25,25.1,451,Moving,0.6843513055
Somatosensory,25,25.1,452,SWD,1.367869616
Somatosensory,25,25.1,452,Still,0.1961654048
Somatosensory,25,25.1,452,Moving,0.1506433691
Somatosensory,25,25.1,453,SWD,0.7178890182
Somatosensory,25,25.1,453,Still,0.5631101033
Somatosensory,25,25.1,453,Moving,0.2869397507
Somatosensory,25,25.1,454,SWD,2.726038029
Somatosensory,25,25.1,454,Still,1.260843524
Somatosensory,25,25.1,454,Moving,1.390223092
Somatosensory,25,25.1,455,SWD,1.01862631
Somatosensory,25,25.1,455,Still,0.5146457091
Somatosensory,25,25.1,455,Moving,0.2367252944
Somatosensory,25,25.1,456,SWD,7.683352736
Somatosensory,25,25.1,456,Still,2.078584015
Somatosensory,25,25.1,456,Moving,2.473420651
Somatosensory,25,25.1,457,SWD,3.007372914
Somatosensory,25,25.1,457,Still,4.374873166
Somatosensory,25,25.1,457,Moving,4.860759377
Somatosensory,25,25.1,458,SWD,0.2037252619
Somatosensory,25,25.1,458,Still,0.9631336739
Somatosensory,25,25.1,458,Moving,0.6671349205
Somatosensory,25,25.1,459,SWD,2.289483896
Somatosensory,25,25.1,459,Still,0.9662107783
Somatosensory,25,25.1,459,Moving,0.7044370881
Somatosensory,25,25.1,460,SWD,1.426076834
Somatosensory,25,25.1,460,Still,1.18853157
Somatosensory,25,25.1,460,Moving,0.692959498
Somatosensory,25,25.1,461,SWD,1.901435778
Somatosensory,25,25.1,461,Still,1.398543945
Somatosensory,25,25.1,461,Moving,0.9813339475
Somatosensory,25,25.1,462,SWD,4.268529298
Somatosensory,25,25.1,462,Still,1.611633424
Somatosensory,25,25.1,462,Moving,1.487782608
Somatosensory,25,25.1,463,SWD,0.8634070625
Somatosensory,25,25.1,463,Still,0.6592696154
Somatosensory,25,25.1,463,Moving,0.2424640894
Somatosensory,25,25.1,464,SWD,2.43500194
Somatosensory,25,25.1,464,Still,1.666252027
Somatosensory,25,25.1,464,Moving,1.598254412
Somatosensory,25,25.1,465,SWD,2.86185487
Somatosensory,25,25.1,465,Still,1.519320292
Somatosensory,25,25.1,465,Moving,0.8263864821
Somatosensory,25,25.1,466,SWD,1.076833527
Somatosensory,25,25.1,466,Still,0.2654002536
Somatosensory,25,25.1,466,Moving,0.1176452978
Somatosensory,25,25.1,467,SWD,0.5335661622
Somatosensory,25,25.1,467,Still,0.6623467198
Somatosensory,25,25.1,467,Moving,0.5279691414
Somatosensory,25,25.1,468,SWD,0.5335661622
Somatosensory,25,25.1,468,Still,0.3407893111
Somatosensory,25,25.1,468,Moving,0.1635556579
Somatosensory,25,25.1,469,SWD,0.8828094684
Somatosensory,25,25.1,469,Still,0.8892831685
Somatosensory,25,25.1,469,Moving,0.8694274447
Somatosensory,25,25.1,470,SWD,1.736515328
Somatosensory,25,25.1,470,Still,1.160837631
Somatosensory,25,25.1,470,Moving,1.189365267
Somatosensory,25,25.1,471,SWD,1.319363601
Somatosensory,25,25.1,471,Still,1.240073069
Somatosensory,25,25.1,471,Moving,1.088936354
Somatosensory,25,25.1,472,SWD,0.6887854094
Somatosensory,25,25.1,472,Still,0.5046451199
Somatosensory,25,25.1,472,Moving,0.4332790236
Somatosensory,25,25.1,473,SWD,6.31548312
Somatosensory,25,25.1,473,Still,5.141841435
Somatosensory,25,25.1,473,Moving,5.430334783
Somatosensory,25,25.1,474,SWD,4.404346139
Somatosensory,25,25.1,474,Still,4.559499429
Somatosensory,25,25.1,474,Moving,6.483403668
Somatosensory,25,25.1,475,SWD,2.803647652
Somatosensory,25,25.1,475,Still,9.615181941
Somatosensory,25,25.1,475,Moving,14.09304586
Somatosensory,25,25.1,476,SWD,0.4268529298
Somatosensory,25,25.1,476,Still,2.722468109
Somatosensory,25,25.1,476,Moving,7.964012782
Somatosensory,25,25.1,477,SWD,0.2231276678
Somatosensory,25,25.1,477,Still,0.6515768545
Somatosensory,25,25.1,477,Moving,0.4232361323
Somatosensory,25,25.1,478,SWD,0.8246022507
Somatosensory,25,25.1,478,Still,1.006213135
Somatosensory,25,25.1,478,Moving,0.9411623824
Somatosensory,25,25.1,479,SWD,1.998447808
Somatosensory,25,25.1,479,Still,2.010887718
Somatosensory,25,25.1,479,Moving,2.669974381
Somatosensory,25,25.1,480,SWD,1.464881645
Somatosensory,25,25.1,480,Still,2.505532249
Somatosensory,25,25.1,480,Moving,3.99420133
Somatosensory,25,25.1,481,SWD,0.9895227008
Somatosensory,25,25.1,481,Still,1.166222564
Somatosensory,25,25.1,481,Moving,0.7073064856
Somatosensory,25,25.1,482,SWD,0.7081878153
Somatosensory,25,25.1,482,Still,0.8492808115
Somatosensory,25,25.1,482,Moving,0.7087411843
Somatosensory,25,25.1,483,SWD,0.6402793946
Somatosensory,25,25.1,483,Still,0.6646545481
Somatosensory,25,25.1,483,Moving,0.5494896227
Somatosensory,25,25.1,484,SWD,0.5044625534
Somatosensory,25,25.1,484,Still,0.956210189
Somatosensory,25,25.1,484,Moving,0.605442874
Somatosensory,25,25.1,485,SWD,2.852153667
Somatosensory,25,25.1,485,Still,1.999348577
Somatosensory,25,25.1,485,Moving,1.451915139
Somatosensory,25,25.1,486,SWD,0.1067132324
Somatosensory,25,25.1,486,Still,0.3546362809
Somatosensory,25,25.1,486,Moving,0.3098949308
Somatosensory,25,25.1,487,SWD,0.1358168413
Somatosensory,25,25.1,487,Still,0.3338658262
Somatosensory,25,25.1,487,Moving,0.4045850485
Somatosensory,25,25.1,488,SWD,0.2425300737
Somatosensory,25,25.1,488,Still,0.4331024428
Somatosensory,25,25.1,488,Moving,0.1190799966
Somatosensory,25,25.1,489,SWD,0.4559565386
Somatosensory,25,25.1,489,Still,0.4292560623
Somatosensory,25,25.1,489,Moving,0.1879455367
Somatosensory,25,25.1,490,SWD,0.9022118743
Somatosensory,25,25.1,490,Still,0.5438782008
Somatosensory,25,25.1,490,Moving,0.1721638504
Somatosensory,25,25.1,491,SWD,2.425300737
Somatosensory,25,25.1,491,Still,1.424699332
Somatosensory,25,25.1,491,Moving,0.896686721
Somatosensory,25,25.1,492,SWD,2.745440435
Somatosensory,25,25.1,492,Still,1.350848827
Somatosensory,25,25.1,492,Moving,0.8593845534
Somatosensory,25,25.1,493,SWD,0.6305781917
Somatosensory,25,25.1,493,Still,1.026214314
Somatosensory,25,25.1,493,Moving,0.291243847
Somatosensory,25,25.1,494,SWD,1.18354676
Somatosensory,25,25.1,494,Still,0.9177463841
Somatosensory,25,25.1,494,Moving,0.3830645672
Somatosensory,25,25.1,495,SWD,1.154443151
Somatosensory,25,25.1,495,Still,1.603171387
Somatosensory,25,25.1,495,Moving,0.4131932411
Somatosensory,25,25.1,496,SWD,1.435778036
Somatosensory,25,25.1,496,Still,1.717024249
Somatosensory,25,25.1,496,Moving,1.022940211
Somatosensory,25,25.1,497,SWD,0.4753589445
Somatosensory,25,25.1,497,Still,0.7800459627
Somatosensory,25,25.1,497,Moving,0.3400236046
Caudoputamen,25,25.1,498,SWD,3.443927047
Caudoputamen,25,25.1,498,Still,0.2423219707
Caudoputamen,25,25.1,498,Moving,0.1406004779
Caudoputamen,25,25.1,499,SWD,5.684904928
Caudoputamen,25,25.1,499,Still,0.9131307275
Caudoputamen,25,25.1,499,Moving,6.351411383
Caudoputamen,25,25.1,500,SWD,4.055102833
Caudoputamen,25,25.1,500,Still,1.228533927
Caudoputamen,25,25.1,500,Moving,1.688640433
Caudoputamen,25,25.1,501,SWD,3.78346915
Caudoputamen,25,25.1,501,Still,0.05461860291
Caudoputamen,25,25.1,501,Moving,0.2123354155
Caudoputamen,25,25.1,502,SWD,7.673651533
Caudoputamen,25,25.1,502,Still,0.6585003393
Caudoputamen,25,25.1,502,Moving,3.958333861
Caudoputamen,25,25.1,503,SWD,0.75669383
Caudoputamen,25,25.1,503,Still,0.1215456234
Caudoputamen,25,25.1,503,Moving,1.057372981
Caudoputamen,25,25.1,504,SWD,1.823826154
Caudoputamen,25,25.1,504,Still,0.734658673
Caudoputamen,25,25.1,504,Moving,0.2223783068
Caudoputamen,25,25.1,505,SWD,4.355840124
Caudoputamen,25,25.1,505,Still,0.2046274419
Caudoputamen,25,25.1,505,Moving,5.565196465
Caudoputamen,25,25.1,506,SWD,2.522312767
Caudoputamen,25,25.1,506,Still,0.2407834185
Caudoputamen,25,25.1,506,Moving,0.5595325139
Caudoputamen,25,25.1,507,SWD,5.626697711
Caudoputamen,25,25.1,507,Still,0.1607787043
Caudoputamen,25,25.1,507,Moving,1.401700682
Caudoputamen,25,25.1,508,SWD,3.502134265
Caudoputamen,25,25.1,508,Still,2.661695297
Caudoputamen,25,25.1,508,Moving,10.27818187
Caudoputamen,25,25.1,509,SWD,1.891734575
Caudoputamen,25,25.1,509,Still,0.1223148995
Caudoputamen,25,25.1,509,Moving,0.7288269669
Caudoputamen,25,25.1,510,SWD,5.248350795
Caudoputamen,25,25.1,510,Still,5.98650659
Caudoputamen,25,25.1,510,Moving,23.70265811
Caudoputamen,25,25.1,511,SWD,0.9410166861
Caudoputamen,25,25.1,511,Still,0.229244277
Caudoputamen,25,25.1,511,Moving,0.5136221538
Caudoputamen,25,25.1,512,SWD,2.473806752
Caudoputamen,25,25.1,512,Still,0.1623172565
Caudoputamen,25,25.1,512,Moving,3.546575319
Caudoputamen,25,25.1,513,SWD,9.138533178
Caudoputamen,25,25.1,513,Still,0.8015856934
Caudoputamen,25,25.1,513,Moving,6.206506808
Caudoputamen,25,25.1,514,SWD,2.978269305
Caudoputamen,25,25.1,514,Still,0.5992660798
Caudoputamen,25,25.1,514,Moving,4.636946372
Caudoputamen,25,25.1,515,SWD,1.474582848
Caudoputamen,25,25.1,515,Still,0.08154326632
Caudoputamen,25,25.1,515,Moving,1.998535364
Caudoputamen,25,25.1,516,SWD,1.144741948
Caudoputamen,25,25.1,516,Still,0.3677139745
Caudoputamen,25,25.1,516,Moving,1.27831659
Caudoputamen,25,25.1,517,SWD,1.571594878
Caudoputamen,25,25.1,517,Still,3.2248054
Caudoputamen,25,25.1,517,Moving,1.424655862
Caudoputamen,25,25.1,518,SWD,8.828094684
Caudoputamen,25,25.1,518,Still,0.7731224778
Caudoputamen,25,25.1,518,Moving,8.164870607
Caudoputamen,25,25.1,519,SWD,1.18354676
Caudoputamen,25,25.1,519,Still,0.205396718
Caudoputamen,25,25.1,519,Moving,5.328471171
Caudoputamen,25,25.1,520,SWD,2.541715173
Caudoputamen,25,25.1,520,Still,0.671578033
Caudoputamen,25,25.1,520,Moving,7.187840756
Caudoputamen,25,25.1,521,SWD,7.615444315
Caudoputamen,25,25.1,521,Still,2.500147316
Caudoputamen,25,25.1,521,Moving,17.17908288
Caudoputamen,25,25.1,522,SWD,1.493985254
Caudoputamen,25,25.1,522,Still,0.2069352702
Caudoputamen,25,25.1,522,Moving,0.8665580472
Caudoputamen,25,25.1,523,SWD,3.172293364
Caudoputamen,25,25.1,523,Still,0.06692702047
Caudoputamen,25,25.1,523,Moving,0.6628308242
Caudoputamen,25,25.1,524,SWD,1.979045402
Caudoputamen,25,25.1,524,Still,0.09077457949
Caudoputamen,25,25.1,524,Moving,1.896671752
Caudoputamen,25,25.1,525,SWD,3.696158324
Caudoputamen,25,25.1,525,Still,0.7954314847
Caudoputamen,25,25.1,525,Moving,1.91101874
Caudoputamen,25,25.1,526,SWD,5.55878929
Caudoputamen,25,25.1,526,Still,0.1923190243
Caudoputamen,25,25.1,526,Moving,3.440407611
Caudoputamen,25,25.1,527,SWD,12.74738068
Caudoputamen,25,25.1,527,Still,1.310077194
Caudoputamen,25,25.1,527,Moving,8.948216127
Caudoputamen,25,25.1,528,SWD,3.046177726
Caudoputamen,25,25.1,528,Still,0.5523402379
Caudoputamen,25,25.1,528,Moving,3.347152192
Caudoputamen,25,25.1,529,SWD,3.443927047
Caudoputamen,25,25.1,529,Still,0.6254214671
Caudoputamen,25,25.1,529,Moving,3.94829097
Caudoputamen,25,25.1,530,SWD,4.355840124
Caudoputamen,25,25.1,530,Still,0.1930883004
Caudoputamen,25,25.1,530,Moving,1.820632718
Caudoputamen,25,25.1,531,SWD,2.677532014
Caudoputamen,25,25.1,531,Still,0.6361913325
Caudoputamen,25,25.1,531,Moving,4.139105904
Excluded,25,25.1,532,SWD,1.969344199
Excluded,25,25.1,532,Still,1.383158423
Excluded,25,25.1,532,Moving,0.9569440687
Excluded,25,25.1,533,SWD,3.385719829
Excluded,25,25.1,533,Still,0.7008105247
Excluded,25,25.1,533,Moving,7.271053284
Excluded,25,25.1,534,SWD,2.69693442
Excluded,25,25.1,534,Still,0.4477186887
Excluded,25,25.1,534,Moving,1.893802355
Excluded,25,25.1,535,SWD,5.655801319
Excluded,25,25.1,535,Still,9.932892969
Excluded,25,25.1,535,Moving,31.38546994
Excluded,25,25.1,536,SWD,1.77532014
Excluded,25,25.1,536,Still,1.719332078
Excluded,25,25.1,536,Moving,1.055938283
Excluded,25,25.1,537,SWD,3.211098176
Excluded,25,25.1,537,Still,1.668559855
Excluded,25,25.1,537,Moving,4.123324218
Excluded,25,25.1,538,SWD,2.493209158
Excluded,25,25.1,538,Still,0.118468519
Excluded,25,25.1,538,Moving,0.7273922681
Excluded,25,25.1,539,SWD,1.202949166
Excluded,25,25.1,539,Still,0.1353925931
Excluded,25,25.1,539,Moving,0.5207956476
Excluded,25,25.1,540,SWD,6.383391541
Excluded,25,25.1,540,Still,0.5384932681
Excluded,25,25.1,540,Moving,5.837789229
Excluded,25,25.1,541,SWD,0.6305781917
Excluded,25,25.1,541,Still,0.316172476
Excluded,25,25.1,541,Moving,0.1061677078
Excluded,25,25.1,542,SWD,2.056655025
Excluded,25,25.1,542,Still,5.031834953
Excluded,25,25.1,542,Moving,2.941132445
Excluded,25,25.1,543,SWD,1.105937136
Excluded,25,25.1,543,Still,1.7701043
Excluded,25,25.1,543,Moving,6.852121248
Somatosensory,25,25.1,544,SWD,0.9410166861
Somatosensory,25,25.1,544,Still,2.241670548
Somatosensory,25,25.1,544,Moving,1.388788394
Somatosensory,25,25.1,545,SWD,0.2328288708
Somatosensory,25,25.1,545,Still,1.400851773
Somatosensory,25,25.1,545,Moving,4.503519388
Somatosensory,25,25.1,546,SWD,1.299961195
Somatosensory,25,25.1,546,Still,4.503342274
Somatosensory,25,25.1,546,Moving,3.150598463
Somatosensory,25,25.1,547,SWD,0.2716336826
Somatosensory,25,25.1,547,Still,0.8392802222
Somatosensory,25,25.1,547,Moving,1.740289588
Somatosensory,25,25.1,548,SWD,0.184322856
Somatosensory,25,25.1,548,Still,1.323154887
Somatosensory,25,25.1,548,Moving,0.890947926
Somatosensory,25,25.1,549,SWD,0.07760962359
Somatosensory,25,25.1,549,Still,2.370908932
Somatosensory,25,25.1,549,Moving,4.361484211
Somatosensory,25,25.1,550,SWD,1.600698487
Somatosensory,25,25.1,550,Still,1.860878879
Somatosensory,25,25.1,550,Moving,2.500679928
Somatosensory,25,25.1,551,SWD,0.7857974389
Somatosensory,25,25.1,551,Still,2.024734688
Somatosensory,25,25.1,551,Moving,1.017201416
Somatosensory,25,25.1,552,SWD,2.095459837
Somatosensory,25,25.1,552,Still,3.478666512
Somatosensory,25,25.1,552,Moving,1.107587438
Somatosensory,25,25.1,553,SWD,1.484284051
Somatosensory,25,25.1,553,Still,3.582518785
Somatosensory,25,25.1,553,Moving,2.523635108
Somatosensory,25,25.1,554,SWD,0.2813348855
Somatosensory,25,25.1,554,Still,0.4223325774
Somatosensory,25,25.1,554,Moving,0.02438987881
Somatosensory,25,25.1,555,SWD,4.025999224
Somatosensory,25,25.1,555,Still,5.12107098
Somatosensory,25,25.1,555,Moving,8.539326982
Somatosensory,25,25.1,556,SWD,1.358168413
Somatosensory,25,25.1,556,Still,0.9092843471
Somatosensory,25,25.1,556,Moving,0.9928115375
Somatosensory,25,25.1,557,SWD,0.7857974389
Somatosensory,25,25.1,557,Still,3.5402086
Somatosensory,25,25.1,557,Moving,2.111876565
Somatosensory,25,25.1,558,SWD,0.4947613504
Somatosensory,25,25.1,558,Still,0.7400436056
Somatosensory,25,25.1,558,Moving,0.4174973373
Somatosensory,25,25.1,559,SWD,0.04850601475
Somatosensory,25,25.1,559,Still,0.3284808936
Somatosensory,25,25.1,559,Moving,0.209466018
Somatosensory,25,25.1,560,SWD,2.813348855
Somatosensory,25,25.1,560,Still,1.206994197
Somatosensory,25,25.1,560,Moving,0.7030023893
Somatosensory,25,25.1,561,SWD,0.3104384944
Somatosensory,25,25.1,561,Still,0.4461801365
Somatosensory,25,25.1,561,Moving,0.1434698754
Somatosensory,25,25.1,562,SWD,0.2716336826
Somatosensory,25,25.1,562,Still,1.359310864
Somatosensory,25,25.1,562,Moving,0.4418872161
Somatosensory,25,25.1,563,SWD,0.9992239038
Somatosensory,25,25.1,563,Still,0.9139000036
Somatosensory,25,25.1,563,Moving,1.291228878
Somatosensory,25,25.1,564,SWD,0.8537058595
Somatosensory,25,25.1,564,Still,1.005443859
Somatosensory,25,25.1,564,Moving,0.1477739716
Somatosensory,25,25.1,565,SWD,1.726814125
Somatosensory,25,25.1,565,Still,1.477779383
Somatosensory,25,25.1,565,Moving,0.5035792625
Somatosensory,25,25.1,566,SWD,0.2522312767
Somatosensory,25,25.1,566,Still,0.6908099354
Somatosensory,25,25.1,566,Moving,1.388788394
Somatosensory,25,25.1,567,SWD,0.6596818005
Somatosensory,25,25.1,567,Still,0.5815727296
Somatosensory,25,25.1,567,Moving,0.6040081753
Somatosensory,25,25.1,568,SWD,0.3977493209
Somatosensory,25,25.1,568,Still,1.143144281
Somatosensory,25,25.1,568,Moving,1.362963816
Somatosensory,25,25.1,569,SWD,5.102832751
Somatosensory,25,25.1,569,Still,12.82460182
Somatosensory,25,25.1,569,Moving,13.97826996
Somatosensory,25,25.1,570,SWD,3.6185487
Somatosensory,25,25.1,570,Still,3.960233349
Somatosensory,25,25.1,570,Moving,3.504969055
Somatosensory,25,25.1,571,SWD,0.3977493209
Somatosensory,25,25.1,571,Still,0.5477245813
Somatosensory,25,25.1,571,Moving,0.06169204641
Somatosensory,25,25.1,572,SWD,0.4268529298
Somatosensory,25,25.1,572,Still,0.695425592
Somatosensory,25,25.1,572,Moving,0.395976856
Somatosensory,25,25.1,573,SWD,0.388048118
Somatosensory,25,25.1,573,Still,1.603940663
Somatosensory,25,25.1,573,Moving,1.79624284
Somatosensory,25,25.1,574,SWD,0.4656577416
Somatosensory,25,25.1,574,Still,0.6392684369
Somatosensory,25,25.1,574,Moving,0.9928115375
Somatosensory,25,25.1,575,SWD,7.178890182
Somatosensory,25,25.1,575,Still,5.488784955
Somatosensory,25,25.1,575,Moving,1.367267912
Somatosensory,25,25.1,576,SWD,0.8246022507
Somatosensory,25,25.1,576,Still,0.3754067355
Somatosensory,25,25.1,576,Moving,0.500709865
Somatosensory,25,25.1,577,SWD,3.230500582
Somatosensory,25,25.1,577,Still,3.092489911
Somatosensory,25,25.1,577,Moving,3.939682778
Somatosensory,25,25.1,578,SWD,0.1164144354
Somatosensory,25,25.1,578,Still,0.6677316525
Somatosensory,25,25.1,578,Moving,0.1965537293
Somatosensory,25,25.1,579,SWD,0.07760962359
Somatosensory,25,25.1,579,Still,0.2477069033
Somatosensory,25,25.1,579,Moving,0.2639845707
Somatosensory,25,25.1,580,SWD,0.7275902212
Somatosensory,25,25.1,580,Still,2.713236795
Somatosensory,25,25.1,580,Moving,2.579588359
Somatosensory,25,25.1,581,SWD,4.685681024
Somatosensory,25,25.1,581,Still,4.455647156
Somatosensory,25,25.1,581,Moving,2.984173408
Somatosensory,25,25.1,582,SWD,0.9895227008
Somatosensory,25,25.1,582,Still,0.5646486555
Somatosensory,25,25.1,582,Moving,0.3400236046
Somatosensory,25,25.1,583,SWD,27.33798991
Somatosensory,25,25.1,583,Still,28.54398959
Somatosensory,25,25.1,583,Moving,41.01373327
Somatosensory,25,25.1,584,SWD,1.125339542
Somatosensory,25,25.1,584,Still,1.40931381
Somatosensory,25,25.1,584,Moving,1.671424048
Somatosensory,25,25.1,585,SWD,1.01862631
Somatosensory,25,25.1,585,Still,1.697792347
Somatosensory,25,25.1,585,Moving,2.659931489
Somatosensory,25,25.1,586,SWD,4.142413659
Somatosensory,25,25.1,586,Still,1.136990072
Somatosensory,25,25.1,586,Moving,0.6212245603
Somatosensory,25,25.1,587,SWD,1.542491269
Somatosensory,25,25.1,587,Still,6.960410129
Somatosensory,25,25.1,587,Moving,1.839283802
Somatosensory,25,25.1,588,SWD,0.3492433062
Somatosensory,25,25.1,588,Still,0.3723296311
Somatosensory,25,25.1,588,Moving,0.3055908345
Somatosensory,25,25.1,589,SWD,1.949941793
Somatosensory,25,25.1,589,Still,2.50937863
Somatosensory,25,25.1,589,Moving,1.229536832
Somatosensory,25,25.1,590,SWD,0.5141637563
Somatosensory,25,25.1,590,Still,2.009349166
Somatosensory,25,25.1,590,Moving,0.7833455195
Somatosensory,25,25.1,591,SWD,2.134264649
Somatosensory,25,25.1,591,Still,3.335581158
Somatosensory,25,25.1,591,Moving,2.713015343
Somatosensory,25,25.1,592,SWD,0.1552192472
Somatosensory,25,25.1,592,Still,1.793182583
Somatosensory,25,25.1,592,Moving,1.756071274
Somatosensory,25,25.1,593,SWD,1.309662398
Somatosensory,25,25.1,593,Still,3.447895468
Somatosensory,25,25.1,593,Moving,1.651338265
Somatosensory,25,25.1,594,SWD,6.296080714
Somatosensory,25,25.1,594,Still,10.29752984
Somatosensory,25,25.1,594,Moving,14.66118656
Somatosensory,25,25.1,595,SWD,7.411719053
Somatosensory,25,25.1,595,Still,9.672877648
Somatosensory,25,25.1,595,Moving,11.12465414
Somatosensory,25,25.1,596,SWD,9.264648816
Somatosensory,25,25.1,596,Still,14.40084854
Somatosensory,25,25.1,596,Moving,14.64110078
Somatosensory,25,25.1,597,SWD,6.15056267
Somatosensory,25,25.1,597,Still,15.51552961
Somatosensory,25,25.1,597,Moving,20.29237917
Somatosensory,25,25.1,598,SWD,6.790842064
Somatosensory,25,25.1,598,Still,8.929756938
Somatosensory,25,25.1,598,Moving,10.08736694
Somatosensory,25,25.1,599,SWD,7.489328677
Somatosensory,25,25.1,599,Still,13.9131275
Somatosensory,25,25.1,599,Moving,15.14324535
Somatosensory,25,25.1,600,SWD,9.206441599
Somatosensory,25,25.1,600,Still,19.20805487
Somatosensory,25,25.1,600,Moving,20.54488615
Somatosensory,25,25.1,601,SWD,0.6693830035
Somatosensory,25,25.1,601,Still,3.257114996
Somatosensory,25,25.1,601,Moving,1.362963816
Somatosensory,25,25.1,602,SWD,6.024447031
Somatosensory,25,25.1,602,Still,12.18225628
Somatosensory,25,25.1,602,Moving,13.1231895
Somatosensory,25,25.1,603,SWD,9.264648816
Somatosensory,25,25.1,603,Still,15.12242952
Somatosensory,25,25.1,603,Moving,15.5349181
Somatosensory,25,25.1,604,SWD,0.05820721769
Somatosensory,25,25.1,604,Still,1.115450341
Somatosensory,25,25.1,604,Moving,0.8306905784
Somatosensory,25,25.1,605,SWD,7.460225068
Somatosensory,25,25.1,605,Still,11.15219558
Somatosensory,25,25.1,605,Moving,15.12602896
Somatosensory,25,25.1,606,SWD,6.74233605
Somatosensory,25,25.1,606,Still,14.54547245
Somatosensory,25,25.1,606,Moving,16.59659518
Somatosensory,25,25.1,607,SWD,2.716336826
Somatosensory,25,25.1,607,Still,3.332504054
Somatosensory,25,25.1,607,Moving,2.672843778
Somatosensory,25,25.1,608,SWD,0.2813348855
Somatosensory,25,25.1,608,Still,0.5731106925
Somatosensory,25,25.1,608,Moving,0.5207956476
Somatosensory,25,25.1,609,SWD,0.8343034536
Somatosensory,25,25.1,609,Still,2.51322501
Somatosensory,25,25.1,609,Moving,2.951175336
Somatosensory,25,25.1,610,SWD,1.096235933
Somatosensory,25,25.1,610,Still,3.447895468
Somatosensory,25,25.1,610,Moving,5.147699128
Somatosensory,25,25.1,611,SWD,0.3201396973
Somatosensory,25,25.1,611,Still,2.132433342
Somatosensory,25,25.1,611,Moving,2.852181122
Somatosensory,25,25.1,612,SWD,0.4171517268
Somatosensory,25,25.1,612,Still,1.147759937
Somatosensory,25,25.1,612,Moving,1.545170558
Somatosensory,25,25.1,613,SWD,0.3201396973
Somatosensory,25,25.1,613,Still,0.8677434378
Somatosensory,25,25.1,613,Moving,0.8306905784
Somatosensory,25,25.1,614,SWD,6.082654249
Somatosensory,25,25.1,614,Still,15.08935065
Somatosensory,25,25.1,614,Moving,19.9107493
Somatosensory,25,25.1,615,SWD,4.918509895
Somatosensory,25,25.1,615,Still,7.785843381
Somatosensory,25,25.1,615,Moving,8.433159274
Somatosensory,25,25.1,616,SWD,1.038028716
Somatosensory,25,25.1,616,Still,3.354043784
Somatosensory,25,25.1,616,Moving,4.583862518
Somatosensory,25,25.1,617,SWD,0.6693830035
Somatosensory,25,25.1,617,Still,1.623172565
Somatosensory,25,25.1,617,Moving,1.493521403
Somatosensory,25,25.1,618,SWD,12.05859527
Somatosensory,25,25.1,618,Still,13.59080081
Somatosensory,25,25.1,618,Moving,23.08860704
Somatosensory,25,25.1,619,SWD,0.9022118743
Somatosensory,25,25.1,619,Still,2.433989572
Somatosensory,25,25.1,619,Moving,1.487782608
Somatosensory,25,25.1,620,SWD,1.067132324
Somatosensory,25,25.1,620,Still,2.717852452
Somatosensory,25,25.1,620,Moving,3.86794784
Somatosensory,25,25.1,621,SWD,1.144741948
Somatosensory,25,25.1,621,Still,2.855552873
Somatosensory,25,25.1,621,Moving,2.569545468
Somatosensory,25,25.1,622,SWD,1.261156383
Somatosensory,25,25.1,622,Still,1.379312043
Somatosensory,25,25.1,622,Moving,1.469131524
Somatosensory,25,25.1,623,SWD,0.6887854094
Somatosensory,25,25.1,623,Still,0.5192613657
Somatosensory,25,25.1,623,Moving,1.329965745
Somatosensory,25,25.1,624,SWD,0.5820721769
Somatosensory,25,25.1,624,Still,0.9977510983
Somatosensory,25,25.1,624,Moving,1.061677078
Somatosensory,25,25.1,625,SWD,0.8440046566
Somatosensory,25,25.1,625,Still,0.8038935217
Somatosensory,25,25.1,625,Moving,0.9440317799
Somatosensory,25,25.1,626,SWD,9.516880093
Somatosensory,25,25.1,626,Still,3.705602961
Somatosensory,25,25.1,626,Moving,9.215070095
Somatosensory,25,25.1,627,SWD,1.34846721
Somatosensory,25,25.1,627,Still,1.906266169
Somatosensory,25,25.1,627,Moving,2.62406402
Somatosensory,25,25.1,628,SWD,0.6208769887
Somatosensory,25,25.1,628,Still,0.9969818222
Somatosensory,25,25.1,628,Moving,1.407439477
Somatosensory,25,25.1,629,SWD,2.561117579
Somatosensory,25,25.1,629,Still,2.263979554
Somatosensory,25,25.1,629,Moving,2.826356545
Somatosensory,25,25.1,630,SWD,3.181994567
Somatosensory,25,25.1,630,Still,0.9123614515
Somatosensory,25,25.1,630,Moving,0.9641175625
Somatosensory,25,25.1,631,SWD,9.701202949
Somatosensory,25,25.1,631,Still,17.32255916
Somatosensory,25,25.1,631,Moving,29.93929359
Somatosensory,25,25.1,632,SWD,1.532790066
Somatosensory,25,25.1,632,Still,1.2969995
Somatosensory,25,25.1,632,Moving,2.040141628
Somatosensory,25,25.1,633,SWD,0.8537058595
Somatosensory,25,25.1,633,Still,1.408544534
Somatosensory,25,25.1,633,Moving,1.101848643
Somatosensory,25,25.1,634,SWD,0.9119130772
Somatosensory,25,25.1,634,Still,1.171607496
Somatosensory,25,25.1,634,Moving,0.7360004606
Somatosensory,25,25.1,635,SWD,3.725261932
Somatosensory,25,25.1,635,Still,2.535534017
Somatosensory,25,25.1,635,Moving,1.337139238
Somatosensory,25,25.1,636,SWD,1.862630966
Somatosensory,25,25.1,636,Still,0.8792825793
Somatosensory,25,25.1,636,Moving,2.694364259
Somatosensory,25,25.1,637,SWD,19.01435778
Somatosensory,25,25.1,637,Still,10.7590955
Somatosensory,25,25.1,637,Moving,11.26381992
Somatosensory,25,25.1,638,SWD,2.328288708
Somatosensory,25,25.1,638,Still,6.384991608
Somatosensory,25,25.1,638,Moving,12.34845217
Somatosensory,25,25.1,639,SWD,0.4753589445
Somatosensory,25,25.1,639,Still,0.5461860291
Somatosensory,25,25.1,639,Moving,0.3543705922
Somatosensory,25,25.1,640,SWD,2.86185487
Somatosensory,25,25.1,640,Still,2.834013143
Somatosensory,25,25.1,640,Moving,7.68998532
Somatosensory,25,25.1,641,SWD,0.4462553357
Somatosensory,25,25.1,641,Still,0.7862001715
Somatosensory,25,25.1,641,Moving,0.9339888886
Somatosensory,25,25.1,642,SWD,0.7954986418
Somatosensory,25,25.1,642,Still,0.987750509
Somatosensory,25,25.1,642,Moving,1.028679006
Somatosensory,25,25.1,643,SWD,3.12378735
Somatosensory,25,25.1,643,Still,1.746256741
Somatosensory,25,25.1,643,Moving,1.734550793
Somatosensory,25,25.1,644,SWD,0.950717889
Somatosensory,25,25.1,644,Still,1.523935949
Somatosensory,25,25.1,644,Moving,1.068850571
Somatosensory,25,25.1,645,SWD,1.144741948
Somatosensory,25,25.1,645,Still,0.2677080819
Somatosensory,25,25.1,645,Moving,0.395976856
Somatosensory,25,25.1,646,SWD,10.49670159
Somatosensory,25,25.1,646,Still,5.5034012
Somatosensory,25,25.1,646,Moving,7.994141455
Somatosensory,25,25.1,647,SWD,0.6887854094
Somatosensory,25,25.1,647,Still,1.153914146
Somatosensory,25,25.1,647,Moving,0.8292558796
Somatosensory,25,25.1,648,SWD,1.707411719
Somatosensory,25,25.1,648,Still,1.599325006
Somatosensory,25,25.1,648,Moving,1.591080918
Somatosensory,25,25.1,649,SWD,5.403570043
Somatosensory,25,25.1,649,Still,1.284691083
Somatosensory,25,25.1,649,Moving,1.995665966
Somatosensory,25,25.1,650,SWD,0.6596818005
Somatosensory,25,25.1,650,Still,0.8477422593
Somatosensory,25,25.1,650,Moving,0.500709865
Somatosensory,25,25.1,651,SWD,0.75669383
Somatosensory,25,25.1,651,Still,0.6623467198
Somatosensory,25,25.1,651,Moving,0.5753142002
Somatosensory,25,25.1,652,SWD,0.6208769887
Somatosensory,25,25.1,652,Still,0.6254214671
Somatosensory,25,25.1,652,Moving,0.9411623824
Somatosensory,25,25.1,653,SWD,5.665502522
Somatosensory,25,25.1,653,Still,1.102372647
Somatosensory,25,25.1,653,Moving,1.658511759
Somatosensory,25,25.1,654,SWD,0.8537058595
Somatosensory,25,25.1,654,Still,1.394697564
Somatosensory,25,25.1,654,Moving,1.424655862
Somatosensory,25,25.1,655,SWD,7.450523865
Somatosensory,25,25.1,655,Still,2.931711207
Somatosensory,25,25.1,655,Moving,3.708696278
Somatosensory,25,25.1,656,SWD,5.937136205
Somatosensory,25,25.1,656,Still,10.94218321
Somatosensory,25,25.1,656,Moving,17.60662311
Somatosensory,25,25.1,657,SWD,0.2619324796
Somatosensory,25,25.1,657,Still,0.300017678
Somatosensory,25,25.1,657,Moving,0.9368582861
Somatosensory,25,25.1,658,SWD,6.334885526
Somatosensory,25,25.1,658,Still,5.167227546
Somatosensory,25,25.1,658,Moving,11.10169896
Somatosensory,25,25.1,659,SWD,1.057431121
Somatosensory,25,25.1,659,Still,0.5654179315
Somatosensory,25,25.1,659,Moving,0.390238061
Somatosensory,25,25.1,660,SWD,0.8051998448
Somatosensory,25,25.1,660,Still,0.6377298847
Somatosensory,25,25.1,660,Moving,0.2725927632
Somatosensory,25,25.1,661,SWD,0.1649204501
Somatosensory,25,25.1,661,Still,0.560802275
Somatosensory,25,25.1,661,Moving,0.7302616656
Somatosensory,25,25.1,662,SWD,0.6014745828
Somatosensory,25,25.1,662,Still,0.3484820721
Somatosensory,25,25.1,662,Moving,0.6370062466
Somatosensory,25,25.1,663,SWD,1.872332169
Somatosensory,25,25.1,663,Still,0.3907922575
Somatosensory,25,25.1,663,Moving,0.5351426351
Somatosensory,25,25.1,664,SWD,12.39813737
Somatosensory,25,25.1,664,Still,9.602104247
Somatosensory,25,25.1,664,Moving,15.95098074
Somatosensory,25,25.1,665,SWD,0.7178890182
Somatosensory,25,25.1,665,Still,0.8846675119
Somatosensory,25,25.1,665,Moving,0.6800472092
Somatosensory,25,25.1,666,SWD,14.61001164
Somatosensory,25,25.1,666,Still,4.579500607
Somatosensory,25,25.1,666,Moving,6.067341029
Somatosensory,25,25.1,667,SWD,0.3007372914
Somatosensory,25,25.1,667,Still,0.813894111
Somatosensory,25,25.1,667,Moving,0.8349946746
Somatosensory,25,25.1,668,SWD,0.2910360885
Somatosensory,25,25.1,668,Still,0.4684891433
Somatosensory,25,25.1,668,Moving,0.8378640721
Somatosensory,25,25.1,669,SWD,0.2037252619
Somatosensory,25,25.1,669,Still,0.3023255063
Somatosensory,25,25.1,669,Moving,0.4662770949
Somatosensory,25,25.1,670,SWD,0.2813348855
Somatosensory,25,25.1,670,Still,0.4784897325
Somatosensory,25,25.1,670,Moving,0.3945421573
Somatosensory,25,25.1,671,SWD,0.4365541327
Somatosensory,25,25.1,671,Still,0.2415526946
Somatosensory,25,25.1,671,Moving,0.4691464925
Somatosensory,25,25.1,672,SWD,0.2328288708
Somatosensory,25,25.1,672,Still,0.3900229814
Somatosensory,25,25.1,672,Moving,0.3098949308
Somatosensory,25,25.1,673,SWD,0.1261156383
Somatosensory,25,25.1,673,Still,0.1207763473
Somatosensory,25,25.1,673,Moving,0.7847802183
Somatosensory,25,25.1,674,SWD,0.07760962359
Somatosensory,25,25.1,674,Still,0.403100675
Somatosensory,25,25.1,674,Moving,0.6800472092
Somatosensory,25,25.1,675,SWD,0.388048118
Somatosensory,25,25.1,675,Still,0.2861707082
Somatosensory,25,25.1,675,Moving,0.2281171018
Somatosensory,25,25.1,676,SWD,1.377570819
Somatosensory,25,25.1,676,Still,1.109296132
Somatosensory,25,25.1,676,Moving,0.7532168457
Somatosensory,25,25.1,677,SWD,0.0194024059
Somatosensory,25,25.1,677,Still,0.386945877
Somatosensory,25,25.1,677,Moving,0.2381599931
Somatosensory,25,25.1,678,SWD,2.658129608
Somatosensory,25,25.1,678,Still,2.760162637
Somatosensory,25,25.1,678,Moving,4.200797951
Somatosensory,25,25.1,679,SWD,0.5529685681
Somatosensory,25,25.1,679,Still,0.9692878827
Somatosensory,25,25.1,679,Moving,1.011462621
Somatosensory,25,25.1,680,SWD,1.416375631
Somatosensory,25,25.1,680,Still,0.3915615335
Somatosensory,25,25.1,680,Moving,0.4619729987
Somatosensory,25,25.1,681,SWD,0.6208769887
Somatosensory,25,25.1,681,Still,0.4254096818
Somatosensory,25,25.1,681,Moving,0.2510722819
Somatosensory,25,25.1,682,SWD,0.3104384944
Somatosensory,25,25.1,682,Still,0.6569617871
Somatosensory,25,25.1,682,Moving,0.6011387778
Somatosensory,25,25.1,683,SWD,0.09701202949
Somatosensory,25,25.1,683,Still,0.3546362809
Somatosensory,25,25.1,683,Moving,0.3873686635
Somatosensory,25,25.1,684,SWD,1.396973225
Somatosensory,25,25.1,684,Still,1.030060694
Somatosensory,25,25.1,684,Moving,1.506433691
Somatosensory,25,25.1,685,SWD,0.9992239038
Somatosensory,25,25.1,685,Still,1.439315578
Somatosensory,25,25.1,685,Moving,0.3228072196
Somatosensory,25,25.1,686,SWD,1.435778036
Somatosensory,25,25.1,686,Still,1.077755812
Somatosensory,25,25.1,686,Moving,1.018636115
Somatosensory,25,25.1,687,SWD,0.3977493209
Somatosensory,25,25.1,687,Still,0.5561866184
Somatosensory,25,25.1,687,Moving,0.7560862432
Somatosensory,25,25.1,688,SWD,1.542491269
Somatosensory,25,25.1,688,Still,1.196224331
Somatosensory,25,25.1,688,Moving,3.337109301
Somatosensory,25,25.1,689,SWD,0.4365541327
Somatosensory,25,25.1,689,Still,0.4046392272
Somatosensory,25,25.1,689,Moving,0.0774737327
Somatosensory,25,25.1,690,SWD,0.4171517268
Somatosensory,25,25.1,690,Still,1.217764062
Somatosensory,25,25.1,690,Moving,0.4863628775
Somatosensory,25,25.1,691,SWD,0.6499805976
Somatosensory,25,25.1,691,Still,0.2715544624
Somatosensory,25,25.1,691,Moving,0.04877975762
Somatosensory,25,25.1,692,SWD,0.3492433062
Somatosensory,25,25.1,692,Still,0.8862060641
Somatosensory,25,25.1,692,Moving,0.0401715651
Somatosensory,25,25.1,693,SWD,0.1649204501
Somatosensory,25,25.1,693,Still,0.5092607764
Somatosensory,25,25.1,693,Moving,0.2668539682
Somatosensory,25,25.1,694,SWD,2.502910361
Somatosensory,25,25.1,694,Still,1.10775758
Somatosensory,25,25.1,694,Moving,0.7532168457
Somatosensory,25,25.1,695,SWD,0.4753589445
Somatosensory,25,25.1,695,Still,0.4461801365
Somatosensory,25,25.1,695,Moving,0.2596804744
Somatosensory,25,25.1,696,SWD,1.319363601
Somatosensory,25,25.1,696,Still,2.303981912
Somatosensory,25,25.1,696,Moving,1.575299232
Somatosensory,25,25.1,697,SWD,9.681800543
Somatosensory,25,25.1,697,Still,28.42936745
Somatosensory,25,25.1,697,Moving,33.12289013
Somatosensory,25,25.1,698,SWD,2.842452464
Somatosensory,25,25.1,698,Still,2.568612889
Somatosensory,25,25.1,698,Moving,3.362933879
Somatosensory,25,25.1,699,SWD,2.211874272
Somatosensory,25,25.1,699,Still,1.821645799
Somatosensory,25,25.1,699,Moving,1.245318518
Somatosensory,25,25.1,700,SWD,1.338766007
Somatosensory,25,25.1,700,Still,1.203917092
Somatosensory,25,25.1,700,Moving,0.5925305853
Somatosensory,25,25.1,701,SWD,1.396973225
Somatosensory,25,25.1,701,Still,1.367003625
Somatosensory,25,25.1,701,Moving,0.9382929849
Somatosensory,25,25.1,702,SWD,2.726038029
Somatosensory,25,25.1,702,Still,1.278536874
Somatosensory,25,25.1,702,Moving,1.063111776
Somatosensory,25,25.1,703,SWD,1.057431121
Somatosensory,25,25.1,703,Still,1.297768776
Somatosensory,25,25.1,703,Moving,1.100413944
Somatosensory,25,25.1,704,SWD,1.726814125
Somatosensory,25,25.1,704,Still,1.434699922
Somatosensory,25,25.1,704,Moving,0.7560862432
Somatosensory,25,25.1,705,SWD,1.51338766
Somatosensory,25,25.1,705,Still,3.038640585
Somatosensory,25,25.1,705,Moving,2.121919457
Somatosensory,25,25.1,706,SWD,0.5432673652
Somatosensory,25,25.1,706,Still,1.840108425
Somatosensory,25,25.1,706,Moving,1.176452978
Somatosensory,25,25.1,707,SWD,1.173845557
Somatosensory,25,25.1,707,Still,1.505473323
Somatosensory,25,25.1,707,Moving,1.368702611
Caudoputamen,25,25.1,708,SWD,4.297632906
Caudoputamen,25,25.1,708,Still,1.240073069
Caudoputamen,25,25.1,708,Moving,6.783255707
Caudoputamen,25,25.1,709,SWD,4.70508343
Caudoputamen,25,25.1,709,Still,0.9831348524
Caudoputamen,25,25.1,709,Moving,5.668494776
Somatosensory,25,25.1,710,SWD,1.872332169
Somatosensory,25,25.1,710,Still,1.873187297
Somatosensory,25,25.1,710,Moving,0.4461913124
Somatosensory,25,25.1,711,SWD,1.949941793
Somatosensory,25,25.1,711,Still,4.501034446
Somatosensory,25,25.1,711,Moving,3.126208584
Somatosensory,25,25.1,712,SWD,25.39774932
Somatosensory,25,25.1,712,Still,16.69713769
Somatosensory,25,25.1,712,Moving,18.0700308
Somatosensory,25,25.1,713,SWD,2.561117579
Somatosensory,25,25.1,713,Still,1.578554552
Somatosensory,25,25.1,713,Moving,1.39309249
Somatosensory,25,25.1,714,SWD,0.75669383
Somatosensory,25,25.1,714,Still,0.8808211315
Somatosensory,25,25.1,714,Moving,0.6154857653
Somatosensory,25,25.1,715,SWD,0.8925106713
Somatosensory,25,25.1,715,Still,1.13545152
Somatosensory,25,25.1,715,Moving,2.116180662
Hipp,26,26.1,716,SWD,0.194311959
Hipp,26,26.1,716,Still,0.4051893626
Hipp,26,26.1,716,Moving,0.4337410352
Hipp,26,26.1,717,SWD,16.92280516
Hipp,26,26.1,717,Still,14.22224163
Hipp,26,26.1,717,Moving,26.72970517
Hipp,26,26.1,718,SWD,2.579049638
Hipp,26,26.1,718,Still,2.094111729
Hipp,26,26.1,718,Moving,3.552703288
Hipp,26,26.1,719,SWD,7.242536654
Hipp,26,26.1,719,Still,12.75562714
Hipp,26,26.1,719,Moving,29.44141439
Hipp,26,26.1,720,SWD,0.3003003003
Hipp,26,26.1,720,Still,0.3667129988
Hipp,26,26.1,720,Moving,0.8244390669
Hipp,26,26.1,721,SWD,8.408408408
Hipp,26,26.1,721,Still,6.859955663
Hipp,26,26.1,721,Moving,14.7769942
Hipp,26,26.1,722,SWD,9.36230348
Hipp,26,26.1,722,Still,10.60831353
Hipp,26,26.1,722,Moving,20.26663264
Hipp,26,26.1,723,SWD,2.102102102
Hipp,26,26.1,723,Still,1.684172198
Hipp,26,26.1,723,Moving,1.887270153
Hipp,26,26.1,724,SWD,0.2119766826
Hipp,26,26.1,724,Still,0.9215326653
Hipp,26,26.1,724,Moving,0.08608600698
Hipp,26,26.1,725,SWD,0.9538950715
Hipp,26,26.1,725,Still,1.821689573
Hipp,26,26.1,725,Moving,0.8707930707
Excluded,26,26.1,726,SWD,0.05299417064
Excluded,26,26.1,726,Still,0.4194398677
Excluded,26,26.1,726,Moving,0.2450140199
Excluded,26,26.1,727,SWD,12.10033563
Excluded,26,26.1,727,Still,14.47780069
Excluded,26,26.1,727,Moving,23.01476287
Excluded,26,26.1,728,SWD,2.702702703
Excluded,26,26.1,728,Still,4.041443256
Excluded,26,26.1,728,Moving,6.923301562
Excluded,26,26.1,729,SWD,0.2826355768
Excluded,26,26.1,729,Still,0.780215156
Excluded,26,26.1,729,Moving,0.1589280129
Hipp,26,26.1,730,SWD,0.194311959
Hipp,26,26.1,730,Still,0.7168004082
Hipp,26,26.1,730,Moving,1.138984092
Hipp,26,26.1,731,SWD,3.638933051
Hipp,26,26.1,731,Still,5.02472811
Hipp,26,26.1,731,Moving,9.827048797
Hipp,26,26.1,732,SWD,5.193428723
Hipp,26,26.1,732,Still,6.756877009
Hipp,26,26.1,732,Moving,13.21420207
Hipp,26,26.1,733,SWD,2.808691044
Hipp,26,26.1,733,Still,1.600094218
Hipp,26,26.1,733,Moving,1.629012132
Hipp,26,26.1,734,SWD,5.158099276
Hipp,26,26.1,734,Still,2.556303112
Hipp,26,26.1,734,Moving,4.837371392
Hipp,26,26.1,735,SWD,0.5829358771
Hipp,26,26.1,735,Still,0.3869012144
Hipp,26,26.1,735,Moving,3.420263277
Hipp,26,26.1,736,SWD,3.727256668
Hipp,26,26.1,736,Still,5.50235754
Hipp,26,26.1,736,Moving,5.436662441
Hipp,26,26.1,737,SWD,5.794029323
Hipp,26,26.1,737,Still,4.98268912
Hipp,26,26.1,737,Moving,4.264568346
Hipp,26,26.1,738,SWD,11.09344639
Hipp,26,26.1,738,Still,8.588304427
Hipp,26,26.1,738,Moving,16.0417963
Hipp,26,26.1,739,SWD,8.973679562
Hipp,26,26.1,739,Still,5.57907276
Hipp,26,26.1,739,Moving,4.9300794
Excluded,26,26.1,740,SWD,4.822469528
Excluded,26,26.1,740,Still,3.916038811
Excluded,26,26.1,740,Moving,13.33670908
Excluded,26,26.1,741,SWD,10.19254549
Excluded,26,26.1,741,Still,7.321197012
Excluded,26,26.1,741,Moving,24.25307697
Excluded,26,26.1,742,SWD,0.5122769829
Excluded,26,26.1,742,Still,0.7985033043
Excluded,26,26.1,742,Moving,1.148917093
Hipp,27,27.1,743,SWD,0.09577546899
Hipp,27,27.1,743,Still,0.1973006847
Hipp,27,27.1,743,Moving,0.1002254434
Hipp,27,27.1,744,SWD,0.1457452789
Hipp,27,27.1,744,Still,0.2073394671
Hipp,27,27.1,744,Moving,0.397523388
Hipp,27,27.1,745,SWD,0.8453226176
Hipp,27,27.1,745,Still,1.137471266
Hipp,27,27.1,745,Moving,0.9358128482
Hipp,27,27.1,746,SWD,2.161194278
Hipp,27,27.1,746,Still,2.205057163
Hipp,27,27.1,746,Moving,9.043938609
Hipp,27,27.1,747,SWD,8.92793937
Hipp,27,27.1,747,Still,8.697060513
Hipp,27,27.1,747,Moving,6.802942739
Hipp,27,27.1,748,SWD,0.4372358367
Hipp,27,27.1,748,Still,2.369538751
Hipp,27,27.1,748,Moving,3.654287235
Hipp,27,27.1,749,SWD,0.1374169772
Hipp,27,27.1,749,Still,0.2756804087
Hipp,27,27.1,749,Moving,0.101351572
Hipp,27,27.1,750,SWD,0.3747735743
Hipp,27,27.1,750,Still,0.5953770172
Hipp,27,27.1,750,Moving,0.3141898732
Hipp,27,27.1,751,SWD,0.07495471486
Hipp,27,27.1,751,Still,0.3169938593
Hipp,27,27.1,751,Moving,0.1159912435
Hipp,27,27.1,752,SWD,0.4497282892
Hipp,27,27.1,752,Still,1.011214272
Hipp,27,27.1,752,Moving,0.3231989019
Hipp,27,27.1,753,SWD,0.04580565908
Hipp,27,27.1,753,Still,0.2687304825
Hipp,27,27.1,753,Moving,0.006756771467
Hipp,27,27.1,754,SWD,4.713818735
Hipp,27,27.1,754,Still,5.630984707
Hipp,27,27.1,754,Moving,6.796185968
Hipp,27,27.1,755,SWD,0.2415207479
Hipp,27,27.1,755,Still,0.359079524
Hipp,27,27.1,755,Moving,0.5833346034
Hipp,27,27.1,756,SWD,1.465781091
Hipp,27,27.1,756,Still,1.482650938
Hipp,27,27.1,756,Moving,1.221849507
Hipp,27,27.1,757,SWD,0.7786962044
Hipp,27,27.1,757,Still,1.865669097
Hipp,27,27.1,757,Moving,0.5698210604
Hipp,27,27.1,758,SWD,0.4372358367
Hipp,27,27.1,758,Still,0.9722174638
Hipp,27,27.1,758,Moving,3.045051675
Hipp,27,27.1,759,SWD,0.1998792396
Hipp,27,27.1,759,Still,1.48496758
Hipp,27,27.1,759,Moving,0.1171173721
Hipp,27,27.1,760,SWD,4.434820629
Hipp,27,27.1,760,Still,5.496233359
Hipp,27,27.1,760,Moving,4.316450839
Hipp,27,27.1,761,SWD,0.716233942
Hipp,27,27.1,761,Still,0.4540618497
Hipp,27,27.1,761,Moving,0.2094599155
Hipp,27,27.1,762,SWD,0.6579358304
Hipp,27,27.1,762,Still,0.6339877187
Hipp,27,27.1,762,Moving,1.103606006
Hipp,27,27.1,763,SWD,5.134397968
Hipp,27,27.1,763,Still,6.342579936
Hipp,27,27.1,763,Moving,16.48652238
Visual,27,27.1,764,SWD,0.191550938
Visual,27,27.1,764,Still,0.2918969034
Visual,27,27.1,764,Moving,0.07207222899
Visual,27,27.1,765,SWD,1.661496179
Visual,27,27.1,765,Still,2.079186276
Visual,27,27.1,765,Moving,2.342347442
Visual,27,27.1,766,SWD,0.1457452789
Visual,27,27.1,766,Still,0.3683460923
Visual,27,27.1,766,Moving,0.02477482871
Visual,27,27.1,767,SWD,4.122509317
Visual,27,27.1,767,Still,4.91784505
Visual,27,27.1,767,Moving,5.866003762
Visual,27,27.1,768,SWD,7.457994129
Visual,27,27.1,768,Still,8.407094145
Visual,27,27.1,768,Moving,6.88965464
Visual,27,27.1,769,SWD,2.440192384
Visual,27,27.1,769,Still,2.196176701
Visual,27,27.1,769,Moving,2.876132388
Visual,27,27.1,770,SWD,0.3081471611
Visual,27,27.1,770,Still,0.7366921847
Visual,27,27.1,770,Moving,0.08783802908
Visual,27,27.1,771,SWD,2.231984842
Visual,27,27.1,771,Still,2.399655098
Visual,27,27.1,771,Moving,2.988745246
Visual,27,27.1,772,SWD,0.7745320536
Visual,27,27.1,772,Still,1.209287171
Visual,27,27.1,772,Moving,0.4898659314
Visual,27,27.1,773,SWD,1.099335818
Visual,27,27.1,773,Still,1.07492193
Visual,27,27.1,773,Moving,0.9245515625
Visual,27,27.1,774,SWD,0.812009411
Visual,27,27.1,774,Still,1.271836507
Visual,27,27.1,774,Moving,1.361489451
Visual,27,27.1,775,SWD,2.315267859
Visual,27,27.1,775,Still,2.173782495
Visual,27,27.1,775,Moving,2.238743613
Visual,27,27.1,776,SWD,0.45389244
Visual,27,27.1,776,Still,0.9675841796
Visual,27,27.1,776,Moving,0.7398664757
Visual,27,27.1,777,SWD,2.2694622
Visual,27,27.1,777,Still,3.56492607
Visual,27,27.1,777,Moving,4.433568211
Visual,27,27.1,778,SWD,1.998792396
Visual,27,27.1,778,Still,3.284998484
Visual,27,27.1,778,Moving,4.674559727
Visual,27,27.1,779,SWD,0.2248641446
Visual,27,27.1,779,Still,0.6092768697
Visual,27,27.1,779,Moving,0.8806325479
Visual,27,27.1,780,SWD,1.428303733
Visual,27,27.1,780,Still,2.235945724
Visual,27,27.1,780,Moving,2.396401614
Visual,27,27.1,781,SWD,0.1873867871
Visual,27,27.1,781,Still,0.4810893407
Visual,27,27.1,781,Moving,1.337840751
Visual,27,27.1,782,SWD,7.857752608
Visual,27,27.1,782,Still,3.334420182
Visual,27,27.1,782,Moving,7.469610857
Visual,27,27.1,783,SWD,6.920818672
Visual,27,27.1,783,Still,0.6332155046
Visual,27,27.1,783,Moving,0.1159912435
Hipp,27,27.1,784,SWD,0.04164150826
Hipp,27,27.1,784,Still,0.3177660734
Hipp,27,27.1,784,Moving,0.2094599155
Hipp,27,27.1,785,SWD,2.494326345
Hipp,27,27.1,785,Still,5.496233359
Hipp,27,27.1,785,Moving,6.257896507
Hipp,27,27.1,786,SWD,0.09161131816
Hipp,27,27.1,786,Still,0.2220115336
Hipp,27,27.1,786,Moving,0.02927934303
Hipp,27,27.1,787,SWD,3.793541402
Hipp,27,27.1,787,Still,3.017040215
Hipp,27,27.1,787,Moving,3.656539492
Hipp,27,27.1,788,SWD,10.25213933
Hipp,27,27.1,788,Still,9.27699325
Hipp,27,27.1,788,Moving,8.832226437
Hipp,27,27.1,789,SWD,1.032709405
Hipp,27,27.1,789,Still,1.309674995
Hipp,27,27.1,789,Moving,1.556309695
Hipp,27,27.1,790,SWD,0.2956547086
Hipp,27,27.1,790,Still,0.8540687172
Hipp,27,27.1,790,Moving,0.2139644298
Hipp,27,27.1,791,SWD,0.1582377314
Hipp,27,27.1,791,Still,0.3038662208
Hipp,27,27.1,791,Moving,0.6193707178
Hipp,27,27.1,792,SWD,2.240313144
Hipp,27,27.1,792,Still,1.794239299
Hipp,27,27.1,792,Moving,1.296173993
Hipp,27,27.1,793,SWD,0.5829811156
Hipp,27,27.1,793,Still,0.4679617022
Hipp,27,27.1,793,Moving,0.5078839886
Visual,27,27.1,794,SWD,4.651356472
Visual,27,27.1,794,Still,3.017040215
Visual,27,27.1,794,Moving,2.657663444
Visual,27,27.1,795,SWD,0.3497886693
Visual,27,27.1,795,Still,0.5046418686
Visual,27,27.1,795,Moving,2.227482327
Visual,27,27.1,796,SWD,45.55581003
Visual,27,27.1,796,Still,33.27933584
Visual,27,27.1,796,Moving,62.68144277
Visual,27,27.1,797,SWD,5.867288513
Visual,27,27.1,797,Still,6.465361966
Visual,27,27.1,797,Moving,11.95610711
Visual,27,27.1,798,SWD,10.16469217
Visual,27,27.1,798,Still,13.92610782
Visual,27,27.1,798,Moving,15.21624934
Visual,27,27.1,799,SWD,5.113577214
Visual,27,27.1,799,Still,6.074621667
Visual,27,27.1,799,Moving,8.884028351
Visual,27,27.1,800,SWD,37.16504612
Visual,27,27.1,800,Still,35.47049315
Visual,27,27.1,800,Moving,40.93589994
Visual,27,27.1,801,SWD,2.123716921
Visual,27,27.1,801,Still,3.331331326
Visual,27,27.1,801,Moving,2.871627874
Visual,27,27.1,802,SWD,5.113577214
Visual,27,27.1,802,Still,7.691251739
Visual,27,27.1,802,Moving,8.345738891
Hipp,27,27.1,803,SWD,3.031501801
Hipp,27,27.1,803,Still,1.52241996
Hipp,27,27.1,803,Moving,1.363741708
Hipp,27,27.1,804,SWD,0.428907535
Hipp,27,27.1,804,Still,1.158321045
Hipp,27,27.1,804,Moving,1.073200535
Hipp,27,27.1,805,SWD,1.345020717
Hipp,27,27.1,805,Still,1.278400327
Hipp,27,27.1,805,Moving,1.28266045
Hipp,27,27.1,806,SWD,0.6412792271
Hipp,27,27.1,806,Still,0.6046435855
Hipp,27,27.1,806,Moving,1.07657892
Hipp,27,27.2,807,SWD,0.2392208236
Hipp,27,27.2,807,Still,0.5786323054
Hipp,27,27.2,807,Moving,0.1300058058
Hipp,27,27.2,808,SWD,0.7176624708
Hipp,27,27.2,808,Still,0.6262102942
Hipp,27,27.2,808,Moving,0.1755078379
Visual,27,27.2,809,SWD,2.7054736
Visual,27,27.2,809,Still,2.996013944
Visual,27,27.2,809,Moving,6.357283906
Visual,27,27.2,810,SWD,1.446716409
Visual,27,27.2,810,Still,2.276047025
Visual,27,27.2,810,Moving,1.67382475
Visual,27,27.2,811,SWD,1.241669989
Visual,27,27.2,811,Still,1.586865863
Visual,27,27.2,811,Moving,1.163551962
Visual,27,27.2,812,SWD,4.48823831
Visual,27,27.2,812,Still,5.06915484
Visual,27,27.2,812,Moving,5.079976863
Visual,27,27.2,813,SWD,5.445121604
Visual,27,27.2,813,Still,6.27399744
Visual,27,27.2,813,Moving,6.740801033
Visual,27,27.2,814,SWD,3.206698183
Visual,27,27.2,814,Still,5.053062285
Visual,27,27.2,814,Moving,1.937086507
Visual,27,27.2,815,SWD,3.223785385
Visual,27,27.2,815,Still,2.924646961
Visual,27,27.2,815,Moving,2.33685436
Visual,27,27.2,816,SWD,1.475195079
Visual,27,27.2,816,Still,2.087834098
Visual,27,27.2,816,Moving,1.77457925
Visual,27,27.2,817,SWD,6.071652332
Visual,27,27.2,817,Still,8.356234128
Visual,27,27.2,817,Moving,12.17179357
Visual,27,27.2,818,SWD,2.995956029
Visual,27,27.2,818,Still,2.881966706
Visual,27,27.2,818,Moving,4.251189851
Visual,27,27.2,819,SWD,10.03588312
Visual,27,27.2,819,Still,10.91005265
Visual,27,27.2,819,Moving,18.13580992
Visual,27,27.2,820,SWD,4.619240189
Visual,27,27.2,820,Still,6.07319034
Visual,27,27.2,820,Moving,7.316076724
Visual,27,27.2,821,SWD,2.158683146
Visual,27,27.2,821,Still,2.491547327
Visual,27,27.2,821,Moving,2.580615246
Visual,27,27.2,822,SWD,6.265307285
Visual,27,27.2,822,Still,5.70376125
Visual,27,27.2,822,Moving,5.141729621
Visual,27,27.2,823,SWD,16.96759127
Visual,27,27.2,823,Still,13.47226728
Visual,27,27.2,823,Moving,9.737434858
Visual,27,27.2,824,SWD,3.326308595
Visual,27,27.2,824,Still,4.103601537
Visual,27,27.2,824,Moving,2.931630922
Visual,29,29.1,825,SWD,2.869475348
Visual,29,29.1,825,Still,0.4599375813
Visual,29,29.1,825,Moving,1.421884896
Visual,29,29.1,826,SWD,3.842178856
Visual,29,29.1,826,Still,0.5956568675
Visual,29,29.1,826,Moving,0.01383829582
Visual,29,29.1,827,SWD,4.638579853
Visual,29,29.1,827,Still,0.6302519797
Visual,29,29.1,827,Moving,2.297157107
Visual,29,29.1,828,SWD,0.3951608
Visual,29,29.1,828,Still,1.022329918
Visual,29,29.1,828,Moving,2.504731544
Visual,29,29.1,829,SWD,3.79354368
Visual,29,29.1,829,Still,4.386039287
Visual,29,29.1,829,Moving,5.459207702
Visual,29,29.1,830,SWD,13.034227
Visual,29,29.1,830,Still,4.956415111
Visual,29,29.1,830,Moving,5.684080009
Visual,29,29.1,831,SWD,0.6140190893
Visual,29,29.1,831,Still,2.047320998
Visual,29,29.1,831,Moving,2.861067661
Visual,29,29.1,832,SWD,0.1276673354
Visual,29,29.1,832,Still,0.128622853
Visual,29,29.1,832,Moving,0.6676977735
Hipp,29,29.1,833,SWD,0.23709648
Hipp,29,29.1,833,Still,0.6102932611
Hipp,29,29.1,833,Moving,0.231791455
Hipp,29,29.1,834,SWD,0.9483859201
Hipp,29,29.1,834,Still,1.531942532
Hipp,29,29.1,834,Moving,0.8994892285
Hipp,29,29.1,835,SWD,2.139947717
Hipp,29,29.1,835,Still,2.147558118
Hipp,29,29.1,835,Moving,2.210667758
Hipp,29,29.1,836,SWD,3.702352727
Hipp,29,29.1,836,Still,3.953156858
Hipp,29,29.1,836,Moving,7.3723521
Hipp,29,29.1,837,SWD,0.8024803939
Hipp,29,29.1,837,Still,0.609406207
Hipp,29,29.1,837,Moving,0.8302977494
Hipp,29,29.1,838,SWD,0.1337467323
Hipp,29,29.1,838,Still,0.7362549517
Hipp,29,29.1,838,Moving,0.2490893248
Hipp,29,29.1,839,SWD,0.8085597909
Hipp,29,29.1,839,Still,1.12833289
Hipp,29,29.1,839,Moving,0.4151488747
Hipp,29,29.1,840,SWD,1.386102499
Hipp,29,29.1,840,Still,2.384401578
Hipp,29,29.1,840,Moving,0.9029488025
Hipp,29,29.1,841,SWD,2.237218068
Hipp,29,29.1,841,Still,1.880554816
Hipp,29,29.1,841,Moving,3.981969623
Hipp,29,29.1,842,SWD,1.708310536
Hipp,29,29.1,842,Still,1.019225228
Hipp,29,29.1,842,Moving,0.7230509568
Hipp,29,29.1,843,SWD,12.91263907
Hipp,29,29.1,843,Still,13.3537133
Hipp,29,29.1,843,Moving,26.01253657
Visual,29,29.1,844,SWD,5.994285367
Visual,29,29.1,844,Still,7.157640006
Visual,29,29.1,844,Moving,12.0081812
Visual,29,29.1,845,SWD,3.988084382
Visual,29,29.1,845,Still,1.248972255
Visual,29,29.1,845,Moving,2.124178409
Visual,29,29.1,846,SWD,1.927168825
Visual,29,29.1,846,Still,1.892973575
Visual,29,29.1,846,Moving,5.082114141
Visual,29,29.1,847,SWD,0.3039698462
Visual,29,29.1,847,Still,0.3783285987
Visual,29,29.1,847,Moving,0.1314638103
Visual,29,29.1,848,SWD,1.562405009
Visual,29,29.1,848,Still,0.3597004613
Visual,29,29.1,848,Moving,0.03805531351
Visual,29,29.1,849,SWD,1.033497477
Visual,29,29.1,849,Still,0.3681274758
Visual,29,29.1,849,Moving,0.5742892767
Visual,29,29.1,850,SWD,1.769104505
Visual,29,29.1,850,Still,0.4160284004
Visual,29,29.1,850,Moving,0.01729786978
Visual,29,29.1,851,SWD,3.027539668
Visual,29,29.1,851,Still,2.015387048
Visual,29,29.1,851,Moving,5.064816271
Visual,29,29.1,852,SWD,0.8146391878
Visual,29,29.1,852,Still,0.3654663134
Visual,29,29.1,852,Moving,1.248906198
Visual,29,29.1,853,SWD,2.279773846
Visual,29,29.1,853,Still,1.795397617
Visual,29,29.1,853,Moving,1.22468918
Visual,29,29.1,854,SWD,7.264879324
Visual,29,29.1,854,Still,7.194896281
Visual,29,29.1,854,Moving,10.22996019
Visual,29,29.1,855,SWD,5.915253207
Visual,29,29.1,855,Still,6.476382412
Visual,29,29.1,855,Moving,5.870897003
Visual,29,29.1,856,SWD,1.915010031
Visual,29,29.1,856,Still,4.075126805
Visual,29,29.1,856,Moving,6.756547936
Visual,29,29.1,857,SWD,5.094534622
Visual,29,29.1,857,Still,2.907763532
Visual,29,29.1,857,Moving,7.247807437
Visual,29,29.1,858,SWD,0.5532251201
Visual,29,29.1,858,Still,1.06756968
Visual,29,29.1,858,Moving,0.2871446383
Visual,29,29.1,859,SWD,2.948507508
Visual,29,29.1,859,Still,1.215707724
Visual,29,29.1,859,Moving,3.514927139
Visual,29,29.1,860,SWD,5.143169798
Visual,29,29.1,860,Still,2.597294576
Visual,29,29.1,860,Moving,2.809174052
Visual,29,29.1,861,SWD,3.85433765
Visual,29,29.1,861,Still,3.675952433
Visual,29,29.1,861,Moving,4.020024937
Visual,29,29.1,862,SWD,0.31612864
Visual,29,29.1,862,Still,0.3920779381
Visual,29,29.1,862,Moving,1.210850885
Visual,29,29.1,863,SWD,2.097391939
Visual,29,29.1,863,Still,2.646969609
Visual,29,29.1,863,Moving,5.518020459
Visual,29,29.1,864,SWD,1.307070339
Visual,29,29.1,864,Still,1.426826614
Visual,29,29.1,864,Moving,3.369625033
Visual,29,29.1,865,SWD,17.02839078
Visual,29,29.1,865,Still,7.194452754
Visual,29,29.1,865,Moving,11.74179401
Visual,29,29.1,866,SWD,0.717368837
Visual,29,29.1,866,Still,1.349209375
Visual,29,29.1,866,Moving,2.861067661
Visual,29,29.1,867,SWD,0.1033497477
Visual,29,29.1,867,Still,0.2545845435
Visual,29,29.1,867,Moving,0.4739616319
Hipp,29,29.1,868,SWD,9.818226032
Hipp,29,29.1,868,Still,9.505672364
Hipp,29,29.1,868,Moving,5.808624672
Visual,29,29.1,869,SWD,4.206942671
Visual,29,29.1,869,Still,4.297333871
Visual,29,29.1,869,Moving,12.10504927
Visual,29,29.1,870,SWD,1.1854824
Visual,29,29.1,870,Still,0.7726241722
Visual,29,29.1,870,Moving,0.9859785774
Hipp,29,29.2,871,SWD,4.099503269
Hipp,29,29.2,871,Still,8.018586812
Hipp,29,29.2,871,Moving,7.913126611
Hipp,29,29.2,872,SWD,1.49608309
Hipp,29,29.2,872,Still,1.752264142
Hipp,29,29.2,872,Moving,0.7974262624
Hipp,29,29.2,873,SWD,1.401841635
Hipp,29,29.2,873,Still,1.83818161
Hipp,29,29.2,873,Moving,0.8691946261
Hipp,29,29.2,874,SWD,0.6596901812
Hipp,29,29.2,874,Still,0.8066067518
Hipp,29,29.2,874,Moving,0.5927535217
Hipp,29,29.2,875,SWD,1.071996544
Hipp,29,29.2,875,Still,1.489989767
Hipp,29,29.2,875,Moving,3.02756171
Hipp,29,29.2,876,SWD,8.391416174
Hipp,29,29.2,876,Still,7.778922297
Hipp,29,29.2,876,Moving,15.51259889
Hipp,29,29.2,877,SWD,5.976478904
Hipp,29,29.2,877,Still,6.02270143
Hipp,29,29.2,877,Moving,8.51917057
Hipp,29,29.2,878,SWD,0.4162330905
Hipp,29,29.2,878,Still,0.8286513652
Hipp,29,29.2,878,Moving,2.636822841
Hipp,29,29.2,879,SWD,0.3573321815
Hipp,29,29.2,879,Still,0.752343088
Hipp,29,29.2,879,Moving,2.498602289
Hipp,29,29.2,880,SWD,3.027506725
Hipp,29,29.2,880,Still,3.152379716
Hipp,29,29.2,880,Moving,5.063656766
Hipp,29,29.2,881,SWD,33.18084542
Hipp,29,29.2,881,Still,24.93754497
Hipp,29,29.2,881,Moving,30.21448108
Hipp,29,29.2,882,SWD,1.15053109
Hipp,29,29.2,882,Still,1.001051547
Hipp,29,29.2,882,Moving,2.222161185
Hipp,29,29.2,883,SWD,1.040582726
Hipp,29,29.2,883,Still,1.040618802
Hipp,29,29.2,883,Moving,1.552323124
Hipp,29,29.2,884,SWD,3.369131997
Hipp,29,29.2,884,Still,3.882112944
Hipp,29,29.2,884,Moving,2.982374222
Hipp,29,29.2,885,SWD,10.26446508
Hipp,29,29.2,885,Still,15.38148769
Hipp,29,29.2,885,Moving,24.67768473
Hipp,29,29.2,886,SWD,0.4201598178
Hipp,29,29.2,886,Still,0.9688324965
Hipp,29,29.2,886,Moving,0.02392278787
Visual,29,29.2,887,SWD,3.91102036
Visual,29,29.2,887,Still,6.27932334
Visual,29,29.2,887,Moving,11.3500338
Visual,29,29.2,888,SWD,3.714683997
Visual,29,29.2,888,Still,4.715851528
Visual,29,29.2,888,Moving,5.082263379
Visual,29,29.2,889,SWD,13.47652799
Visual,29,29.2,889,Still,17.68373667
Visual,29,29.2,889,Moving,26.50644896
Visual,29,29.2,890,SWD,11.86264308
Visual,29,29.2,890,Still,7.882927653
Visual,29,29.2,890,Moving,13.72104789
Visual,29,29.2,891,SWD,0.263090727
Visual,29,29.2,891,Still,0.971658729
Visual,29,29.2,891,Moving,0.9489372523
Visual,29,29.2,892,SWD,3.718610724
Visual,29,29.2,892,Still,5.204789748
Visual,29,29.2,892,Moving,4.223701103
Visual,29,29.2,893,SWD,5.446370722
Visual,29,29.2,893,Still,5.548459619
Visual,29,29.2,893,Moving,5.837160241
Visual,29,29.2,894,SWD,10.17415035
Visual,29,29.2,894,Still,12.25115258
Visual,29,29.2,894,Moving,15.88738924
Visual,29,29.2,895,SWD,10.9437889
Visual,29,29.2,895,Still,12.54847224
Visual,29,29.2,895,Moving,16.214334
Visual,29,29.2,896,SWD,1.684565998
Visual,29,29.2,896,Still,3.79732597
Visual,29,29.2,896,Moving,5.079605292
Visual,29,29.2,897,SWD,7.617850902
Visual,29,29.2,897,Still,6.186057668
Visual,29,29.2,897,Moving,10.03959664
Visual,29,29.2,898,SWD,2.320695816
Visual,29,29.2,898,Still,1.488859274
Visual,29,29.2,898,Moving,0.9064078516
Visual,29,29.2,899,SWD,1.527496908
Visual,29,29.2,899,Still,1.500164204
Visual,29,29.2,899,Moving,1.780918653
Visual,29,29.2,900,SWD,2.654467634
Visual,29,29.2,900,Still,0.6958184383
Visual,29,29.2,900,Moving,0.9569115149
Visual,29,29.2,901,SWD,0.451573636
Visual,29,29.2,901,Still,0.336321666
Visual,29,29.2,901,Moving,0.2126470033
Visual,29,29.2,902,SWD,2.446351089
Visual,29,29.2,902,Still,0.981833166
Visual,29,29.2,902,Moving,1.004757091
Visual,29,29.2,903,SWD,9.801111264
Visual,29,29.2,903,Still,21.90104079
Visual,29,29.2,903,Moving,23.77659306
Visual,29,29.2,904,SWD,4.496102723
Visual,29,29.2,904,Still,1.964796825
Visual,29,29.2,904,Moving,2.315194249
Hipp,29,29.2,905,SWD,0.1767027271
Hipp,29,29.2,905,Still,0.3504528284
Hipp,29,29.2,905,Moving,0.3242866801
Hipp,29,29.2,906,SWD,1.201578544
Hipp,29,29.2,906,Still,1.407463779
Hipp,29,29.2,906,Moving,1.679911326
Hipp,29,29.2,907,SWD,3.612589088
Hipp,29,29.2,907,Still,6.980794243
Hipp,29,29.2,907,Moving,15.59234152
Hipp,29,29.2,908,SWD,0.2748709088
Hipp,29,29.2,908,Still,0.3854981112
Hipp,29,29.2,908,Moving,0.9090659392
Hipp,29,29.2,909,SWD,0.4790607268
Hipp,29,29.2,909,Still,0.6387285421
Hipp,29,29.2,909,Moving,0.643257185
Hipp,29,29.2,910,SWD,0.1884829089
Hipp,29,29.2,910,Still,0.325016736
Hipp,29,29.2,910,Moving,0.3880807811
Hipp,29,29.2,911,SWD,7.798480357
Hipp,29,29.2,911,Still,5.395277818
Hipp,29,29.2,911,Moving,5.6112228
Hipp,29,29.2,912,SWD,7.570730175
Hipp,29,29.2,912,Still,5.766644767
Hipp,29,29.2,912,Moving,6.903053345
Hipp,29,29.2,913,SWD,3.773584906
Hipp,29,29.2,913,Still,3.25016736
Hipp,29,29.2,913,Moving,4.223701103
Hipp,29,29.2,914,SWD,3.078554179
Hipp,29,29.2,914,Still,4.299264859
Hipp,29,29.2,914,Moving,3.941943824
Hipp,29,29.2,915,SWD,10.26053835
Hipp,29,29.2,915,Still,15.81050978
Hipp,29,29.2,915,Moving,26.82541947
Hipp,29,29.2,916,SWD,1.637445271
Hipp,29,29.2,916,Still,1.894706259
Hipp,29,29.2,916,Moving,2.719223555
Hipp,29,29.2,917,SWD,1.158384544
Hipp,29,29.2,917,Still,1.569124277
Hipp,29,29.2,917,Moving,2.211528834
Hipp,29,29.2,918,SWD,0.6322030903
Hipp,29,29.2,918,Still,1.002747286
Hipp,29,29.2,918,Moving,2.176973696
Hipp,29,29.2,919,SWD,20.08128325
Hipp,29,29.2,919,Still,22.75965022
Hipp,29,29.2,919,Moving,38.57948258
Hipp,29,29.2,920,SWD,3.581175269
Hipp,29,29.2,920,Still,4.081079711
Hipp,29,29.2,920,Moving,11.28889779
Hipp,29,29.2,921,SWD,0.671470363
Hipp,29,29.2,921,Still,0.659077416
Hipp,29,29.2,921,Moving,0.7947681749
Hipp,29,29.2,922,SWD,3.231696543
Hipp,29,29.2,922,Still,2.619917515
Hipp,29,29.2,922,Moving,7.538336268
Visual,29,29.2,923,SWD,1.65315218
Visual,29,29.2,923,Still,1.809354038
Visual,29,29.2,923,Moving,3.187046962
Visual,29,29.2,924,SWD,3.675416724
Visual,29,29.2,924,Still,3.762280687
Visual,29,29.2,924,Moving,7.37353484
Visual,29,29.2,925,SWD,1.468595999
Visual,29,29.2,925,Still,0.9038291493
Visual,29,29.2,925,Moving,0.4093454814
Visual,29,29.2,926,SWD,13.44118744
Visual,29,29.2,926,Still,11.05283001
Visual,29,29.2,926,Moving,13.26917301
Visual,29,29.2,927,SWD,0.7421514539
Visual,29,29.2,927,Still,0.5584635394
Visual,29,29.2,927,Moving,0.4306101817
Visual,29,29.2,928,SWD,5.717314904
Visual,29,29.2,928,Still,9.615408167
Visual,29,29.2,928,Moving,13.85129418
Visual,29,29.2,929,SWD,2.132212907
Visual,29,29.2,929,Still,4.497101133
Visual,29,29.2,929,Moving,7.705795783
Visual,29,29.2,930,SWD,0.2552372725
Visual,29,29.2,930,Still,2.309031942
Visual,29,29.2,930,Moving,0.7735034746
Visual,29,29.2,931,SWD,4.138770542
Visual,29,29.2,931,Still,3.958986468
Visual,29,29.2,931,Moving,2.394936875
Visual,29,29.2,932,SWD,2.520958907
Visual,29,29.2,932,Still,4.55249529
Visual,29,29.2,932,Moving,5.536796349
Visual,29,29.2,933,SWD,22.62972925
Visual,29,29.2,933,Still,22.74382332
Visual,29,29.2,933,Moving,13.85926844
Visual,29,29.2,934,SWD,15.22784835
Visual,29,29.2,934,Still,16.42154124
Visual,29,29.2,934,Moving,23.42838359
Visual,29,29.2,935,SWD,3.628295997
Visual,29,29.2,935,Still,2.849407593
Visual,29,29.2,935,Moving,6.039174894
Visual,29,29.2,936,SWD,4.955529814
Visual,29,29.2,936,Still,6.46641993
Visual,29,29.2,936,Moving,8.181593453
Visual,29,29.2,937,SWD,7.068109084
Visual,29,29.2,937,Still,8.6821862
Visual,29,29.2,937,Moving,12.95817676
Visual,29,29.2,938,SWD,4.916262541
Visual,29,29.2,938,Still,5.527545498
Visual,29,29.2,938,Moving,4.18382979
Visual,29,29.2,939,SWD,5.403176722
Visual,29,29.2,939,Still,8.856282121
Visual,29,29.2,939,Moving,10.12465545
Visual,29,29.2,940,SWD,3.176722361
Visual,29,29.2,940,Still,2.710922202
Visual,29,29.2,940,Moving,1.735731165
Visual,29,29.2,941,SWD,9.871792355
Visual,29,29.2,941,Still,11.66499197
Visual,29,29.2,941,Moving,15.22286735
Visual,29,29.2,942,SWD,10.02886145
Visual,29,29.2,942,Still,13.13689385
Visual,29,29.2,942,Moving,16.45090379
Visual,29,29.2,943,SWD,5.418883631
Visual,29,29.2,943,Still,8.137288577
Visual,29,29.2,943,Moving,8.723843311
Visual,29,29.2,944,SWD,16.05246108
Visual,29,29.2,944,Still,20.93446928
Visual,29,29.2,944,Moving,30.13473846
Visual,29,29.2,945,SWD,19.50405435
Visual,29,29.2,945,Still,29.67204963
Visual,29,29.2,945,Moving,32.30639598
Visual,29,29.2,946,SWD,2.591639998
Visual,29,29.2,946,Still,2.875974179
Visual,29,29.2,946,Moving,2.801624269
Visual,29,29.2,947,SWD,2.324622543
Visual,29,29.2,947,Still,2.974892316
Visual,29,29.2,947,Moving,2.788333831
Visual,29,29.2,948,SWD,2.689808179
Visual,29,29.2,948,Still,3.607403146
Visual,29,29.2,948,Moving,2.767069131
Visual,29,29.2,949,SWD,6.80109163
Visual,29,29.2,949,Still,9.476922775
Visual,29,29.2,949,Moving,9.321913008
Visual,29,29.2,950,SWD,4.519663087
Visual,29,29.2,950,Still,4.079949218
Visual,29,29.2,950,Moving,6.600031365
Visual,29,29.2,951,SWD,84.28720083
Visual,29,29.2,951,Still,98.00017673
Visual,29,29.2,951,Moving,106
Visual,29,29.2,952,SWD,5.831189995
Visual,29,29.2,952,Still,7.298462774
Visual,29,29.2,952,Moving,9.406971809
Visual,29,29.2,953,SWD,1.570690908
Visual,29,29.2,953,Still,2.676442165
Visual,29,29.2,953,Moving,3.136543299
Visual,29,29.2,954,SWD,5.379616359
Visual,29,29.2,954,Still,6.123880553
Visual,29,29.2,954,Moving,6.71432913
Visual,29,29.2,955,SWD,13.62574362
Visual,29,29.2,955,Still,17.14901348
Visual,29,29.2,955,Moving,18.26637758
Visual,29,29.2,956,SWD,2.595566725
Visual,29,29.2,956,Still,2.852233826
Visual,29,29.2,956,Moving,3.830304147
Visual,29,29.2,957,SWD,0.4044529087
Visual,29,29.2,957,Still,0.5036346292
Visual,29,29.2,957,Moving,0.5183270706
Visual,29,29.2,958,SWD,1.217285453
Visual,29,29.2,958,Still,0.4623716349
Visual,29,29.2,958,Moving,0.6299667473
Visual,29,29.2,959,SWD,2.022264544
Visual,29,29.2,959,Still,3.610794625
Visual,29,29.2,959,Moving,3.787774747
Hipp,29,29.2,960,SWD,1.625665089
Hipp,29,29.2,960,Still,2.391557931
Hipp,29,29.2,960,Moving,2.195580309
Visual,29,29.2,961,SWD,3.153161997
Visual,29,29.2,961,Still,4.057339358
Visual,29,29.2,961,Moving,4.221043016
Visual,29,29.2,962,SWD,10.41368072
Visual,29,29.2,962,Still,9.410223689
Visual,29,29.2,962,Moving,17.23238153
Visual,29,29.2,963,SWD,1.629591817
Visual,29,29.2,963,Still,2.877669918
Visual,29,29.2,963,Moving,3.1790727
Visual,29,29.2,964,SWD,5.776215813
Visual,29,29.2,964,Still,1.259934443
Visual,29,29.2,964,Moving,0.1993565656
Somatosensory,30,30.1,965,SWD,1.938794906
Somatosensory,30,30.1,965,Still,2.572630539
Somatosensory,30,30.1,965,Moving,3.61857701
Somatosensory,30,30.1,966,SWD,4.232401951
Somatosensory,30,30.1,966,Still,5.124583986
Somatosensory,30,30.1,966,Moving,8.132110599
Somatosensory,30,30.1,967,SWD,2.242919597
Somatosensory,30,30.1,967,Still,2.927476131
Somatosensory,30,30.1,967,Moving,4.361298707
Somatosensory,30,30.1,968,SWD,5.081416714
Somatosensory,30,30.1,968,Still,4.488596633
Somatosensory,30,30.1,968,Moving,0.9281714616
Somatosensory,30,30.1,969,SWD,3.459418362
Somatosensory,30,30.1,969,Still,2.463242049
Somatosensory,30,30.1,969,Moving,0.4004238711
Somatosensory,30,30.1,970,SWD,3.86491795
Somatosensory,30,30.1,970,Still,2.482585136
Somatosensory,30,30.1,970,Moving,1.586010678
Somatosensory,30,30.1,971,SWD,3.852246088
Somatosensory,30,30.1,971,Still,1.207275415
Somatosensory,30,30.1,971,Moving,2.570462915
Somatosensory,30,30.1,972,SWD,0.5322182095
Somatosensory,30,30.1,972,Still,0.4522280284
Somatosensory,30,30.1,972,Moving,0.0424412398
Somatosensory,30,30.1,973,SWD,0.2534372426
Somatosensory,30,30.1,973,Still,0.2991508418
Somatosensory,30,30.1,973,Moving,0.6412317752
Somatosensory,30,30.1,974,SWD,0.6082493822
Somatosensory,30,30.1,974,Still,0.5559469937
Somatosensory,30,30.1,974,Moving,0.05720341016
Somatosensory,30,30.1,975,SWD,0.9630615219
Somatosensory,30,30.1,975,Still,1.262970165
Somatosensory,30,30.1,975,Moving,1.119157041
Somatosensory,30,30.1,976,SWD,3.243996705
Somatosensory,30,30.1,976,Still,2.47691561
Somatosensory,30,30.1,976,Moving,5.301464432
Somatosensory,30,30.1,977,SWD,1.799404422
Somatosensory,30,30.1,977,Still,0.938806711
Somatosensory,30,30.1,977,Moving,0.02306589119
Somatosensory,30,30.1,978,SWD,7.121586517
Somatosensory,30,30.1,978,Still,10.05206859
Somatosensory,30,30.1,978,Moving,11.66580513
Somatosensory,30,30.1,979,SWD,3.180637395
Somatosensory,30,30.1,979,Still,3.684858028
Somatosensory,30,30.1,979,Moving,3.474645849
Somatosensory,30,30.1,980,SWD,2.585059875
Somatosensory,30,30.1,980,Still,7.273667626
Somatosensory,30,30.1,980,Moving,9.877737245
Somatosensory,30,30.1,981,SWD,7.983273142
Somatosensory,30,30.1,981,Still,2.181766786
Somatosensory,30,30.1,981,Moving,0.1254784481
Somatosensory,30,30.1,982,SWD,4.52385478
Somatosensory,30,30.1,982,Still,5.211294375
Somatosensory,30,30.1,982,Moving,5.247028929
Somatosensory,30,30.1,983,SWD,16.23265539
Somatosensory,30,30.1,983,Still,22.84085045
Somatosensory,30,30.1,983,Moving,21.29350811
Somatosensory,30,30.1,984,SWD,6.678071343
Somatosensory,30,30.1,984,Still,6.776416895
Somatosensory,30,30.1,984,Moving,6.882861932
Somatosensory,30,30.1,985,SWD,1.54596718
Somatosensory,30,30.1,985,Still,1.821585171
Somatosensory,30,30.1,985,Moving,1.658898895
Somatosensory,30,30.1,986,SWD,6.285243617
Somatosensory,30,30.1,986,Still,7.678538442
Somatosensory,30,30.1,986,Moving,8.134878506
Somatosensory,30,30.1,987,SWD,4.118355192
Somatosensory,30,30.1,987,Still,2.74438381
Somatosensory,30,30.1,987,Moving,3.875992356
Somatosensory,30,30.1,988,SWD,1.837420009
Somatosensory,30,30.1,988,Still,0.9948349623
Somatosensory,30,30.1,988,Moving,0.8912660357
Somatosensory,30,30.1,989,SWD,1.90077932
Somatosensory,30,30.1,989,Still,1.569791541
Somatosensory,30,30.1,989,Moving,0.2564927101
Somatosensory,30,30.1,990,SWD,2.635747323
Somatosensory,30,30.1,990,Still,0.2724707222
Somatosensory,30,30.1,990,Moving,0.01753007731
Somatosensory,30,30.1,991,SWD,8.933662802
Somatosensory,30,30.1,991,Still,3.724878208
Somatosensory,30,30.1,991,Moving,1.294457814
Caudoputamen,30,30.1,992,SWD,2.356966356
Caudoputamen,30,30.1,992,Still,0.0980494398
Caudoputamen,30,30.1,992,Moving,2.962583065
Caudoputamen,30,30.1,993,SWD,1.343217386
Caudoputamen,30,30.1,993,Still,0.0817078665
Caudoputamen,30,30.1,993,Moving,0.1919082147
Caudoputamen,30,30.1,994,SWD,3.142621808
Caudoputamen,30,30.1,994,Still,0.07470433508
Caudoputamen,30,30.1,994,Moving,0.8377531681
Caudoputamen,30,30.1,995,SWD,1.089780143
Caudoputamen,30,30.1,995,Still,0.3024858568
Caudoputamen,30,30.1,995,Moving,0.340452554
Caudoputamen,30,30.1,996,SWD,0.7096242793
Caudoputamen,30,30.1,996,Still,0.0977159383
Caudoputamen,30,30.1,996,Moving,0.5849510007
Caudoputamen,30,30.1,997,SWD,7.919913831
Caudoputamen,30,30.1,997,Still,9.027218491
Caudoputamen,30,30.1,997,Moving,14.8562792
Caudoputamen,30,30.1,998,SWD,2.027497941
Caudoputamen,30,30.1,998,Still,1.236623547
Caudoputamen,30,30.1,998,Moving,0.2306589119
Caudoputamen,30,30.1,999,SWD,1.305201799
Caudoputamen,30,30.1,999,Still,1.124233543
Caudoputamen,30,30.1,999,Moving,0.6772145654
Somatosensory,30,30.1,1000,SWD,0.1267186213
Somatosensory,30,30.1,1000,Still,0.363183129
Somatosensory,30,30.1,1000,Moving,0.5083722419
Somatosensory,30,30.1,1001,SWD,0.7096242793
Somatosensory,30,30.1,1001,Still,1.001838494
Somatosensory,30,30.1,1001,Moving,3.217230504
Somatosensory,30,30.1,1002,SWD,2.800481531
Somatosensory,30,30.1,1002,Still,10.31286676
Somatosensory,30,30.1,1002,Moving,18.62432319
Somatosensory,30,30.1,1003,SWD,8.680225559
Somatosensory,30,30.1,1003,Still,7.156942102
Somatosensory,30,30.1,1003,Moving,4.435109559
Somatosensory,30,30.1,1004,SWD,1.254514351
Somatosensory,30,30.1,1004,Still,0.05836276178
Somatosensory,30,30.1,1004,Moving,1.111775956
Somatosensory,30,30.1,1005,SWD,4.422479883
Somatosensory,30,30.1,1005,Still,4.2581471
Somatosensory,30,30.1,1005,Moving,10.38057367
Somatosensory,30,30.1,1006,SWD,1.406576696
Somatosensory,30,30.1,1006,Still,0.1450731507
Somatosensory,30,30.1,1006,Moving,0.3026244925
Somatosensory,30,30.1,1007,SWD,0.5195463473
Somatosensory,30,30.1,1007,Still,0.1574127061
Somatosensory,30,30.1,1007,Moving,5.160301178
Somatosensory,30,30.1,1008,SWD,5.917759615
Somatosensory,30,30.1,1008,Still,7.137932517
Somatosensory,30,30.1,1008,Moving,12.06899691
Somatosensory,30,30.1,1009,SWD,1.330545524
Somatosensory,30,30.1,1009,Still,0.8847794686
Somatosensory,30,30.1,1009,Moving,0.2814038726
Somatosensory,30,30.1,1010,SWD,0.6209212444
Somatosensory,30,30.1,1010,Still,0.1083879862
Somatosensory,30,30.1,1010,Moving,0.2961660429
Somatosensory,30,30.1,1011,SWD,2.204904011
Somatosensory,30,30.1,1011,Still,1.917967103
Somatosensory,30,30.1,1011,Moving,25.21563225
Somatosensory,30,30.1,1012,SWD,1.96413863
Somatosensory,30,30.1,1012,Still,0.3131579047
Somatosensory,30,30.1,1012,Moving,3.101901048
Somatosensory,30,30.1,1013,SWD,8.14800735
Somatosensory,30,30.1,1013,Still,1.665172969
Somatosensory,30,30.1,1013,Moving,13.91057766
Somatosensory,30,30.1,1014,SWD,0.9503896598
Somatosensory,30,30.1,1014,Still,0.69334961
Somatosensory,30,30.1,1014,Moving,1.298148356
Somatosensory,30,30.1,1015,SWD,2.585059875
Somatosensory,30,30.1,1015,Still,4.892133443
Somatosensory,30,30.1,1015,Moving,11.05317506
Somatosensory,30,30.1,1016,SWD,4.70126085
Somatosensory,30,30.1,1016,Still,0.7193627267
Somatosensory,30,30.1,1016,Moving,5.393727997
Somatosensory,30,30.1,1017,SWD,3.522777672
Somatosensory,30,30.1,1017,Still,2.458573028
Somatosensory,30,30.1,1017,Moving,7.120901929
Somatosensory,30,30.1,1018,SWD,4.751948299
Somatosensory,30,30.1,1018,Still,4.583978061
Somatosensory,30,30.1,1018,Moving,9.334304848
Somatosensory,30,30.1,1019,SWD,3.459418362
Somatosensory,30,30.1,1019,Still,1.304657852
Somatosensory,30,30.1,1019,Moving,3.930427859
Somatosensory,30,30.1,1020,SWD,1.660013939
Somatosensory,30,30.1,1020,Still,1.44472848
Somatosensory,30,30.1,1020,Moving,0.893111307
Somatosensory,30,30.1,1021,SWD,4.739276437
Somatosensory,30,30.1,1021,Still,0.6833445651
Somatosensory,30,30.1,1021,Moving,3.465419493
Somatosensory,30,30.1,1022,SWD,0.7222961414
Somatosensory,30,30.1,1022,Still,0.451894527
Somatosensory,30,30.1,1022,Moving,1.102549599
Somatosensory,30,30.1,1023,SWD,5.309510233
Somatosensory,30,30.1,1023,Still,0.8761084297
Somatosensory,30,30.1,1023,Moving,4.642702579
Somatosensory,30,30.1,1024,SWD,3.104606222
Somatosensory,30,30.1,1024,Still,0.2284485247
Somatosensory,30,30.1,1024,Moving,0.6984351853
Somatosensory,30,30.1,1025,SWD,1.520623456
Somatosensory,30,30.1,1025,Still,0.06970181264
Somatosensory,30,30.1,1025,Moving,0.3109282133
Somatosensory,30,30.1,1026,SWD,2.369638218
Somatosensory,30,30.1,1026,Still,0.4495600165
Somatosensory,30,30.1,1026,Moving,1.468835951
Somatosensory,30,30.1,1027,SWD,4.663245264
Somatosensory,30,30.1,1027,Still,2.72203921
Somatosensory,30,30.1,1027,Moving,4.716513431
Somatosensory,30,30.1,1028,SWD,4.270417538
Somatosensory,30,30.1,1028,Still,2.43456092
Somatosensory,30,30.1,1028,Moving,0.4880742577
Somatosensory,30,30.1,1029,SWD,6.259899892
Somatosensory,30,30.1,1029,Still,6.694709029
Somatosensory,30,30.1,1029,Moving,4.746960408
Somatosensory,30,30.1,1030,SWD,2.331622632
Somatosensory,30,30.1,1030,Still,0.242789089
Somatosensory,30,30.1,1030,Moving,1.80190742
Caudoputamen,31,31.1,1031,SWD,4.319278263
Caudoputamen,31,31.1,1031,Still,16.61564135
Caudoputamen,31,31.1,1031,Moving,32.31820554
Caudoputamen,31,31.1,1032,SWD,1.090269432
Caudoputamen,31,31.1,1032,Still,3.434639717
Caudoputamen,31,31.1,1032,Moving,3.411955823
Caudoputamen,31,31.1,1033,SWD,0.8359893411
Caudoputamen,31,31.1,1033,Still,4.616181916
Caudoputamen,31,31.1,1033,Moving,4.278020354
Somatosensory,31,31.1,1034,SWD,0.08708222303
Somatosensory,31,31.1,1034,Still,0.8690052297
Somatosensory,31,31.1,1034,Moving,0.06768532743
Somatosensory,31,31.1,1035,SWD,1.999407841
Somatosensory,31,31.1,1035,Still,2.565634488
Somatosensory,31,31.1,1035,Moving,0.518408076
Somatosensory,31,31.1,1036,SWD,0.1462981347
Somatosensory,31,31.1,1036,Still,0.6130951683
Somatosensory,31,31.1,1036,Moving,0.6091679468
Somatosensory,31,31.1,1037,SWD,4.660640577
Somatosensory,31,31.1,1037,Still,4.334136359
Somatosensory,31,31.1,1037,Moving,0.6276275816
Somatosensory,31,31.1,1038,SWD,0.7767734295
Somatosensory,31,31.1,1038,Still,1.037796972
Somatosensory,31,31.1,1038,Moving,0.7522301162
Somatosensory,31,31.1,1039,SWD,1.602312904
Somatosensory,31,31.1,1039,Still,3.176551698
Somatosensory,31,31.1,1039,Moving,7.386930507
Somatosensory,31,31.1,1040,SWD,1.170385078
Somatosensory,31,31.1,1040,Still,1.459231839
Somatosensory,31,31.1,1040,Moving,0.07230023611
Somatosensory,31,31.1,1041,SWD,0.4528275598
Somatosensory,31,31.1,1041,Still,2.409910493
Somatosensory,31,31.1,1041,Moving,3.838065726
Somatosensory,31,31.1,1042,SWD,0.1811310239
Somatosensory,31,31.1,1042,Still,0.5532013242
Somatosensory,31,31.1,1042,Moving,0.2507433721
Somatosensory,31,31.1,1043,SWD,2.901579672
Somatosensory,31,31.1,1043,Still,1.506057936
Somatosensory,31,31.1,1043,Moving,2.229000896
Somatosensory,31,31.1,1044,SWD,1.243534145
Somatosensory,31,31.1,1044,Still,0.9288990738
Somatosensory,31,31.1,1044,Moving,0.8752943478
Somatosensory,31,31.1,1045,SWD,0.6478917394
Somatosensory,31,31.1,1045,Still,0.920187242
Somatosensory,31,31.1,1045,Moving,0.5414826194
Somatosensory,31,31.1,1046,SWD,3.699252835
Somatosensory,31,31.1,1046,Still,7.525933762
Somatosensory,31,31.1,1046,Moving,11.11270012
Somatosensory,31,31.1,1047,SWD,2.009857708
Somatosensory,31,31.1,1047,Still,3.280004701
Somatosensory,31,31.1,1047,Moving,2.918160594
Somatosensory,31,31.1,1048,SWD,9.115767107
Somatosensory,31,31.1,1048,Still,13.53818674
Somatosensory,31,31.1,1048,Moving,21.07167307
Somatosensory,31,31.1,1049,SWD,0.1358482679
Somatosensory,31,31.1,1049,Still,1.278461328
Somatosensory,31,31.1,1049,Moving,0.1553685925
Caudoputamen,31,31.1,1050,SWD,4.698956755
Caudoputamen,31,31.1,1050,Still,0.7219930668
Caudoputamen,31,31.1,1050,Moving,10.39123606
Caudoputamen,31,31.1,1051,SWD,0.8220561855
Caudoputamen,31,31.1,1051,Still,0.02722447461
Caudoputamen,31,31.1,1051,Moving,1.313710673
Caudoputamen,31,31.1,1052,SWD,0.3657453367
Caudoputamen,31,31.1,1052,Still,0.9103864311
Caudoputamen,31,31.1,1052,Moving,0.3415032429
Caudoputamen,31,31.1,1053,SWD,1.532647125
Caudoputamen,31,31.1,1053,Still,0.2722447461
Caudoputamen,31,31.1,1053,Moving,2.482820874
Caudoputamen,31,31.1,1054,SWD,7.064109933
Caudoputamen,31,31.1,1054,Still,14.06416359
Caudoputamen,31,31.1,1054,Moving,21.11782216
Caudoputamen,31,31.1,1055,SWD,3.692286257
Caudoputamen,31,31.1,1055,Still,5.110578375
Caudoputamen,31,31.1,1055,Moving,7.602292912
Caudoputamen,31,31.1,1056,SWD,0.4632774265
Caudoputamen,31,31.1,1056,Still,0.3615410229
Caudoputamen,31,31.1,1056,Moving,5.80555513
Caudoputamen,31,31.1,1057,SWD,0.1253984012
Caudoputamen,31,31.1,1057,Still,0.8069334276
Caudoputamen,31,31.1,1057,Moving,0.08153005349
Caudoputamen,31,31.1,1058,SWD,0.3309124475
Caudoputamen,31,31.1,1058,Still,1.422206554
Caudoputamen,31,31.1,1058,Moving,3.518098723
Caudoputamen,31,31.1,1059,SWD,2.4208858
Caudoputamen,31,31.1,1059,Still,0.5684470299
Caudoputamen,31,31.1,1059,Moving,3.644239561
Caudoputamen,31,31.1,1060,SWD,0.5851925388
Caudoputamen,31,31.1,1060,Still,0.06751669704
Caudoputamen,31,31.1,1060,Moving,6.539325611
Somatosensory,31,31.1,1061,SWD,6.959611265
Somatosensory,31,31.1,1061,Still,5.591907086
Somatosensory,31,31.1,1061,Moving,23.62371757
Somatosensory,31,31.1,1062,SWD,1.06588641
Somatosensory,31,31.1,1062,Still,0.4584601525
Somatosensory,31,31.1,1062,Moving,1.256793466
Somatosensory,31,31.1,1063,SWD,4.385460752
Somatosensory,31,31.1,1063,Still,2.269432204
Somatosensory,31,31.1,1063,Moving,6.134751949
Somatosensory,31,31.1,1064,SWD,0.3343957365
Somatosensory,31,31.1,1064,Still,1.186987093
Somatosensory,31,31.1,1064,Moving,0.1415238664
Somatosensory,31,31.1,1065,SWD,2.48706829
Somatosensory,31,31.1,1065,Still,2.174691032
Somatosensory,31,31.1,1065,Moving,6.043992079
Somatosensory,31,31.1,1066,SWD,0.8394726301
Somatosensory,31,31.1,1066,Still,1.778302682
Somatosensory,31,31.1,1066,Moving,5.954770511
Somatosensory,31,31.1,1067,SWD,0.3483288921
Somatosensory,31,31.1,1067,Still,2.303190552
Somatosensory,31,31.1,1067,Moving,4.63183002
Somatosensory,31,31.1,1068,SWD,1.274883745
Somatosensory,31,31.1,1068,Still,2.04836947
Somatosensory,31,31.1,1068,Moving,12.13567155
Somatosensory,31,31.1,1069,SWD,7.172091889
Somatosensory,31,31.1,1069,Still,8.597489083
Somatosensory,31,31.1,1069,Moving,16.29678088
Somatosensory,31,31.1,1070,SWD,6.409251615
Somatosensory,31,31.1,1070,Still,9.236719747
Somatosensory,31,31.1,1070,Moving,22.71304226
Somatosensory,31,31.1,1071,SWD,0.2333803577
Somatosensory,31,31.1,1071,Still,1.208766673
Somatosensory,31,31.1,1071,Moving,1.793661177
Somatosensory,31,31.1,1072,SWD,0.132364979
Somatosensory,31,31.1,1072,Still,0.0914742347
Somatosensory,31,31.1,1072,Moving,0.6137828555
Somatosensory,31,31.1,1073,SWD,2.769214693
Somatosensory,31,31.1,1073,Still,1.748900249
Somatosensory,31,31.1,1073,Moving,4.894879815
Somatosensory,31,31.1,1074,SWD,6.611282373
Somatosensory,31,31.1,1074,Still,10.26689387
Somatosensory,31,31.1,1074,Moving,14.74309496
Somatosensory,31,31.1,1075,SWD,6.430151349
Somatosensory,31,31.1,1075,Still,6.75602562
Somatosensory,31,31.1,1075,Moving,6.733151776
Somatosensory,31,31.1,1076,SWD,2.602016824
Somatosensory,31,31.1,1076,Still,1.410227785
Somatosensory,31,31.1,1076,Moving,7.365394266
Somatosensory,31,31.1,1077,SWD,5.064702092
Somatosensory,31,31.1,1077,Still,3.307229176
Somatosensory,31,31.1,1077,Moving,22.10387431
Somatosensory,31,31.1,1078,SWD,3.444972743
Somatosensory,31,31.1,1078,Still,1.752167186
Somatosensory,31,31.1,1078,Moving,14.22776349
Somatosensory,31,31.1,1079,SWD,1.968058241
Somatosensory,31,31.1,1079,Still,0.5216209336
Somatosensory,31,31.1,1079,Moving,4.917954359
Somatosensory,31,31.1,1080,SWD,3.274291586
Somatosensory,31,31.1,1080,Still,1.348155983
Somatosensory,31,31.1,1080,Moving,8.897543951
Somatosensory,31,31.1,1081,SWD,3.020011495
Somatosensory,31,31.1,1081,Still,3.824494194
Somatosensory,31,31.1,1081,Moving,9.831293809
Somatosensory,31,31.1,1082,SWD,4.138147239
Somatosensory,31,31.1,1082,Still,2.154000431
Somatosensory,31,31.1,1082,Moving,0.4922569267
Caudoputamen,31,31.1,1083,SWD,0.3378790254
Caudoputamen,31,31.1,1083,Still,3.619766145
Caudoputamen,31,31.1,1083,Moving,0.7522301162
Caudoputamen,31,31.1,1084,SWD,3.371823676
Caudoputamen,31,31.1,1084,Still,2.662553617
Caudoputamen,31,31.1,1084,Moving,3.119678273
Somatosensory,31,31.1,1085,SWD,1.720744727
Somatosensory,31,31.1,1085,Still,0.8210901544
Somatosensory,31,31.1,1085,Moving,3.259663837
Somatosensory,31,31.1,1086,SWD,5.527979518
Somatosensory,31,31.1,1086,Still,6.913927573
Somatosensory,31,31.1,1086,Moving,9.589780254
Somatosensory,31,31.1,1087,SWD,0.3866450703
Somatosensory,31,31.1,1087,Still,1.873043853
Somatosensory,31,31.1,1087,Moving,3.767303792
Visual,32,32.1,1088,SWD,0.1745285306
Visual,32,32.1,1088,Still,1.793000678
Visual,32,32.1,1088,Moving,11.71278828
Visual,32,32.1,1089,SWD,0.8855706921
Visual,32,32.1,1089,Still,1.702694231
Visual,32,32.1,1089,Moving,12.67182195
Visual,32,32.1,1090,SWD,0.03555210808
Visual,32,32.1,1090,Still,0.1181542492
Visual,32,32.1,1090,Moving,1.430689575
Visual,32,32.1,1091,SWD,0.7465942696
Visual,32,32.1,1091,Still,3.948420618
Visual,32,32.1,1091,Moving,11.24113238
Visual,32,32.1,1092,SWD,4.970831111
Visual,32,32.1,1092,Still,5.710390886
Visual,32,32.1,1092,Moving,9.31323887
Visual,32,32.1,1093,SWD,1.027779124
Visual,32,32.1,1093,Still,0.9146014106
Visual,32,32.1,1093,Moving,1.057295318
Visual,32,32.1,1094,SWD,5.475024644
Visual,32,32.1,1094,Still,4.332322471
Visual,32,32.1,1094,Moving,4.130919626
Visual,32,32.1,1095,SWD,0.0258560786
Visual,32,32.1,1095,Still,0.1603237792
Visual,32,32.1,1095,Moving,0.5247171932
Visual,32,32.1,1096,SWD,0.08726426528
Visual,32,32.1,1096,Still,0.3584410052
Visual,32,32.1,1096,Moving,0.204384225
Visual,32,32.1,1097,SWD,5.588144988
Visual,32,32.1,1097,Still,5.409634616
Visual,32,32.1,1097,Moving,5.502652213
Visual,32,32.1,1098,SWD,2.647016047
Visual,32,32.1,1098,Still,2.884236723
Visual,32,32.1,1098,Moving,2.452610701
Visual,32,32.1,1099,SWD,0.18422456
Visual,32,32.1,1099,Still,0.2502323999
Visual,32,32.1,1099,Moving,3.956013894
Visual,32,32.1,1100,SWD,0.3167369629
Visual,32,32.1,1100,Still,1.092031697
Visual,32,32.1,1100,Moving,2.957675564
Visual,32,32.1,1101,SWD,1.066563242
Visual,32,32.1,1101,Still,0.9535883346
Visual,32,32.1,1101,Moving,3.728046874
Visual,32,32.1,1102,SWD,2.094342367
Visual,32,32.1,1102,Still,3.31189941
Visual,32,32.1,1102,Moving,5.683453643
Visual,32,32.1,1103,SWD,1.881029718
Visual,32,32.1,1103,Still,2.845647625
Visual,32,32.1,1103,Moving,1.336358395
Visual,32,32.1,1104,SWD,2.624391978
Visual,32,32.1,1104,Still,1.6203443
Visual,32,32.1,1104,Moving,0.7408928158
Visual,32,32.1,1105,SWD,1.418852313
Visual,32,32.1,1105,Still,1.178757712
Visual,32,32.1,1105,Moving,0.29478494
Visual,32,32.1,1106,SWD,12.79229489
Visual,32,32.1,1106,Still,11.60139467
Visual,32,32.1,1106,Moving,9.124576509
Visual,32,32.1,1107,SWD,2.989609088
Visual,32,32.1,1107,Still,4.273046434
Visual,32,32.1,1107,Moving,4.95828269
Visual,32,32.1,1108,SWD,0.4686414247
Visual,32,32.1,1108,Still,1.358177127
Visual,32,32.1,1108,Moving,1.530916455
Visual,32,32.1,1109,SWD,0.8629466234
Visual,32,32.1,1109,Still,1.643418194
Visual,32,32.1,1109,Moving,2.943918934
Visual,32,32.1,1110,SWD,2.343207123
Visual,32,32.1,1110,Still,3.53309053
Visual,32,32.1,1110,Moving,5.799402386
Visual,32,32.1,1111,SWD,3.762059437
Visual,32,32.1,1111,Still,3.748314263
Visual,32,32.1,1111,Moving,5.852463675
Visual,32,32.1,1112,SWD,6.331507248
Visual,32,32.1,1112,Still,7.150122294
Visual,32,32.1,1112,Moving,5.569470133
Visual,32,32.1,1113,SWD,1.192611626
Visual,32,32.1,1113,Still,1.074527364
Visual,32,32.1,1113,Moving,0.2142103897
Visual,32,32.1,1114,SWD,0.09049627511
Visual,32,32.1,1114,Still,0.222384597
Visual,32,32.1,1114,Moving,0.5817089482
Visual,32,32.1,1115,SWD,3.319274091
Visual,32,32.1,1115,Still,0.8374232142
Visual,32,32.1,1115,Moving,0.06288745386
Visual,32,32.1,1116,SWD,0.148672452
Visual,32,32.1,1116,Still,0.4411887622
Visual,32,32.1,1116,Moving,1.320636531
Visual,32,32.1,1117,SWD,3.619851004
Visual,32,32.1,1117,Still,4.593296167
Visual,32,32.1,1117,Moving,8.138029576
Visual,32,32.1,1118,SWD,0.6625620142
Visual,32,32.1,1118,Still,1.03554044
Visual,32,32.1,1118,Moving,2.6196555
Visual,32,32.1,1119,SWD,8.69410643
Visual,32,32.1,1119,Still,7.126650574
Visual,32,32.1,1119,Moving,20.38929168
Visual,32,32.1,1120,SWD,10.10326271
Visual,32,32.1,1120,Still,10.96129303
Visual,32,32.1,1120,Moving,11.58701337
Visual,32,32.1,1121,SWD,0.1422084323
Visual,32,32.1,1121,Still,0.4312431184
Visual,32,32.1,1121,Moving,0.1100530443
Visual,32,32.1,1122,SWD,11.67078748
Visual,32,32.1,1122,Still,11.4227709
Visual,32,32.1,1122,Moving,33.39520323
Visual,32,32.1,1123,SWD,8.164056819
Visual,32,32.1,1123,Still,8.553651557
Visual,32,32.1,1123,Moving,25.58733279
Visual,32,32.1,1124,SWD,0.6948821124
Visual,32,32.1,1124,Still,1.70189858
Visual,32,32.1,1124,Moving,12.86834525
Visual,32,32.1,1125,SWD,1.464100451
Visual,32,32.1,1125,Still,1.271848939
Visual,32,32.1,1125,Moving,5.736514932
Visual,32,32.1,1126,SWD,6.2830271
Visual,32,32.1,1126,Still,4.689172174
Visual,32,32.1,1126,Moving,6.192448972
Visual,32,32.1,1127,SWD,0.481569464
Visual,32,32.1,1127,Still,0.3007562707
Visual,32,32.1,1127,Moving,2.900683809
Visual,32,32.1,1128,SWD,0.6270099061
Visual,32,32.1,1128,Still,0.6631755335
Visual,32,32.1,1128,Moving,0.4264555465
Visual,32,32.1,1129,SWD,10.35859149
Visual,32,32.1,1129,Still,10.5547151
Visual,32,32.1,1129,Moving,12.89192804
Visual,32,32.1,1130,SWD,1.470564471
Visual,32,32.1,1130,Still,1.007692637
Visual,32,32.1,1130,Moving,1.908241178
Visual,32,32.1,1131,SWD,4.647630129
Visual,32,32.1,1131,Still,2.026524396
Visual,32,32.1,1131,Moving,9.645363236
Visual,32,32.1,1132,SWD,2.462791487
Visual,32,32.1,1132,Still,1.872168003
Visual,32,32.1,1132,Moving,3.07558954
Visual,32,32.1,1133,SWD,3.778219486
Visual,32,32.1,1133,Still,5.363089002
Visual,32,32.1,1133,Moving,13.99442372
Visual,32,32.1,1134,SWD,0.1131203439
Visual,32,32.1,1134,Still,0.1261107643
Visual,32,32.1,1134,Moving,0.4264555465
Visual,32,32.1,1135,SWD,3.157673599
Visual,32,32.1,1135,Still,2.928395382
Visual,32,32.1,1135,Moving,8.939844613
Visual,32,32.2,1136,SWD,9.062807363
Visual,32,32.2,1136,Still,7.959806505
Visual,32,32.2,1136,Moving,4.887683639
Visual,32,32.2,1137,SWD,14.28972882
Visual,32,32.2,1137,Still,13.98165318
Visual,32,32.2,1137,Moving,15.86955892
Visual,32,32.2,1138,SWD,1.714205424
Visual,32,32.2,1138,Still,1.500860625
Visual,32,32.2,1138,Moving,3.292268571
Visual,32,32.2,1139,SWD,6.674160461
Visual,32,32.2,1139,Still,5.859889922
Visual,32,32.2,1139,Moving,12.34430455
Visual,32,32.2,1140,SWD,5.058311086
Visual,32,32.2,1140,Still,4.769442441
Visual,32,32.2,1140,Moving,1.770333639
Visual,32,32.2,1141,SWD,9.652943656
Visual,32,32.2,1141,Still,9.262822228
Visual,32,32.2,1141,Moving,7.982810379
Visual,32,32.2,1142,SWD,10.81916538
Visual,32,32.2,1142,Still,13.17278961
Visual,32,32.2,1142,Moving,19.32886039
Visual,32,32.2,1143,SWD,35.77350007
Visual,32,32.2,1143,Still,30.14604174
Visual,32,32.2,1143,Moving,48.6348896
Visual,32,32.2,1144,SWD,4.622734298
Visual,32,32.2,1144,Still,5.030781753
Visual,32,32.2,1144,Moving,6.501020693
Visual,32,32.2,1145,SWD,2.641562456
Visual,32,32.2,1145,Still,2.488244715
Visual,32,32.2,1145,Moving,6.754437555
Visual,32,32.2,1146,SWD,34.77588872
Visual,32,32.2,1146,Still,13.49302229
Visual,32,32.2,1146,Moving,21.17625856
Visual,32,32.2,1147,SWD,1.995222706
Visual,32,32.2,1147,Still,2.756945698
Visual,32,32.2,1147,Moving,16.89935616
Visual,32,32.2,1148,SWD,13.76984685
Visual,32,32.2,1148,Still,12.97770533
Visual,32,32.2,1148,Moving,13.31137484
Visual,32,32.2,1149,SWD,9.891808346
Visual,32,32.2,1149,Still,9.905128002
Visual,32,32.2,1149,Moving,21.14471587
Visual,32,32.2,1150,SWD,1.981171842
Visual,32,32.2,1150,Still,6.411095019
Visual,32,32.2,1150,Moving,0.7520064737
Visual,32,32.2,1151,SWD,9.357875509
Visual,32,32.2,1151,Still,11.48236596
Visual,32,32.2,1151,Moving,10.72989218
Hipp,34,34.1,1152,SWD,0.1642465191
Hipp,34,34.1,1152,Still,1.176184609
Hipp,34,34.1,1152,Moving,1.632301965
Hipp,34,34.1,1153,SWD,0.09705476128
Hipp,34,34.1,1153,Still,1.517014485
Hipp,34,34.1,1153,Moving,3.232676264
Hipp,34,34.1,1154,SWD,0.6495203255
Hipp,34,34.1,1154,Still,1.558492837
Hipp,34,34.1,1154,Moving,3.021155472
Hipp,34,34.1,1155,SWD,2.030684236
Hipp,34,34.1,1155,Still,1.730515463
Hipp,34,34.1,1155,Moving,3.494084036
Hipp,34,34.1,1156,SWD,0.2538355295
Hipp,34,34.1,1156,Still,1.244993659
Hipp,34,34.1,1156,Moving,0.06185985444
Hipp,34,34.1,1157,SWD,6.659449774
Hipp,34,34.1,1157,Still,7.336845382
Hipp,34,34.1,1157,Moving,24.90557559
Hipp,34,34.1,1158,SWD,1.918697973
Hipp,34,34.1,1158,Still,7.08733219
Hipp,34,34.1,1158,Moving,14.66477646
Visual,34,34.1,1159,SWD,4.785546306
Visual,34,34.1,1159,Still,4.36390856
Visual,34,34.1,1159,Moving,6.966217801
Visual,34,34.1,1160,SWD,1.134794132
Visual,34,34.1,1160,Still,1.963630237
Visual,34,34.1,1160,Moving,4.609556895
Hipp,34,34.1,1161,SWD,28.98204487
Hipp,34,34.1,1161,Still,20.09963808
Hipp,34,34.1,1161,Moving,45.5927082
Hipp,34,34.1,1162,SWD,6.786367539
Hipp,34,34.1,1162,Still,4.047515543
Hipp,34,34.1,1162,Moving,15.92192834
Hipp,34,34.1,1163,SWD,10.54164023
Hipp,34,34.1,1163,Still,22.55007627
Hipp,34,34.1,1163,Moving,60.17766549
Hipp,34,34.1,1164,SWD,17.71622681
Hipp,34,34.1,1164,Still,33.55695203
Hipp,34,34.1,1164,Moving,42.69327696
Hipp,34,34.1,1165,SWD,1.396095412
Hipp,34,34.1,1165,Still,4.089636971
Hipp,34,34.1,1165,Moving,3.631772099
Visual,34,34.1,1166,SWD,4.778080555
Visual,34,34.1,1166,Still,2.83146027
Visual,34,34.1,1166,Moving,12.75310741
Visual,34,34.1,1167,SWD,5.76355967
Visual,34,34.1,1167,Still,5.484467161
Visual,34,34.1,1167,Moving,7.630712367
Visual,34,34.1,1168,SWD,5.793422673
Visual,34,34.1,1168,Still,5.83430009
Visual,34,34.1,1168,Moving,11.53786059
Visual,34,34.1,1169,SWD,3.680615178
Visual,34,34.1,1169,Still,4.029187899
Visual,34,34.1,1169,Moving,8.961696977
Visual,34,34.1,1170,SWD,3.202807122
Visual,34,34.1,1170,Still,2.363623034
Visual,34,34.1,1170,Moving,3.124920389
Visual,34,34.1,1171,SWD,1.157191385
Visual,34,34.1,1171,Still,1.99289016
Visual,34,34.1,1171,Moving,4.010913143
Visual,34,34.1,1172,SWD,3.411848147
Visual,34,34.1,1172,Still,3.22695154
Visual,34,34.1,1172,Moving,15.61063359
Visual,34,34.1,1173,SWD,1.523013177
Visual,34,34.1,1173,Still,1.563637439
Visual,34,34.1,1173,Moving,3.885197955
Visual,34,34.1,1174,SWD,0.1343835156
Visual,34,34.1,1174,Still,0.4096389261
Visual,34,34.1,1174,Moving,0.4070777518
Hipp,34,34.2,1175,SWD,1.898103159
Hipp,34,34.2,1175,Still,1.340302294
Hipp,34,34.2,1175,Moving,0.8796345957
Hipp,34,34.2,1176,SWD,2.541741863
Hipp,34,34.2,1176,Still,3.689628712
Hipp,34,34.2,1176,Moving,5.091467535
Hipp,34,34.2,1177,SWD,1.362999609
Hipp,34,34.2,1177,Still,1.43794979
Hipp,34,34.2,1177,Moving,1.119867097
Hipp,34,34.2,1178,SWD,0.259979555
Hipp,34,34.2,1178,Still,0.2770295622
Hipp,34,34.2,1178,Moving,0.04658500974
Hipp,34,34.2,1179,SWD,0.1691129144
Hipp,34,34.2,1179,Still,0.2629249239
Hipp,34,34.2,1179,Moving,0.2922981003
Hipp,34,34.2,1180,SWD,0.6688794376
Hipp,34,34.2,1180,Still,0.51029858
Hipp,34,34.2,1180,Moving,0.891509206
Hipp,34,34.2,1181,SWD,2.521549276
Hipp,34,34.2,1181,Still,2.415148063
Hipp,34,34.2,1181,Moving,2.084450828
Hipp,34,34.2,1182,SWD,0.418996176
Hipp,34,34.2,1182,Still,0.3012606075
Hipp,34,34.2,1182,Moving,0.8339630175
Hipp,34,34.2,1183,SWD,0.3811350758
Hipp,34,34.2,1183,Still,0.5594839853
Hipp,34,34.2,1183,Moving,1.304380273
Visual,34,34.2,1184,SWD,1.509395863
Visual,34,34.2,1184,Still,0.8813590641
Visual,34,34.2,1184,Moving,1.213037116
Visual,34,34.2,1185,SWD,4.177341394
Visual,34,34.2,1185,Still,2.252402237
Visual,34,34.2,1185,Moving,3.384263943
Hipp,34,34.2,1186,SWD,4.947183765
Hipp,34,34.2,1186,Still,5.01835797
Hipp,34,34.2,1186,Moving,6.646128056
Hipp,34,34.2,1187,SWD,2.66794553
Hipp,34,34.2,1187,Still,3.977869654
Hipp,34,34.2,1187,Moving,27.475108
Hipp,34,34.2,1188,SWD,7.774145917
Hipp,34,34.2,1188,Still,6.539850618
Hipp,34,34.2,1188,Moving,9.567282197
Hipp,34,34.2,1189,SWD,0.6562590709
Hipp,34,34.2,1189,Still,0.5967346967
Hipp,34,34.2,1189,Moving,0.460369508
Hipp,34,34.2,1190,SWD,8.352158714
Hipp,34,34.2,1190,Still,9.336185572
Hipp,34,34.2,1190,Moving,25.71401195
Hipp,34,34.2,1191,SWD,9.775736083
Hipp,34,34.2,1191,Still,10.67684952
Hipp,34,34.2,1191,Moving,26.49864966
Hipp,34,34.2,1192,SWD,1.686080998
Hipp,34,34.2,1192,Still,3.084575896
Hipp,34,34.2,1192,Moving,12.38978573
Hipp,34,34.2,1193,SWD,10.31588778
Hipp,34,34.2,1193,Still,8.645419954
Hipp,34,34.2,1193,Moving,17.30404754
Hipp,34,34.2,1194,SWD,26.07620177
Hipp,34,34.2,1194,Still,21.94428557
Hipp,34,34.2,1194,Moving,21.84380241
Visual,34,34.2,1195,SWD,6.754420283
Visual,34,34.2,1195,Still,8.007817972
Visual,34,34.2,1195,Moving,13.5233543
Visual,34,34.2,1196,SWD,4.788167144
Visual,34,34.2,1196,Still,5.703698728
Visual,34,34.2,1196,Moving,14.47789028
Visual,34,34.2,1197,SWD,7.865012557
Visual,34,34.2,1197,Still,9.766557869
Visual,34,34.2,1197,Moving,21.24002415
Visual,34,34.2,1198,SWD,15.03590494
Visual,34,34.2,1198,Still,14.37588133
Visual,34,34.2,1198,Moving,18.14988517
Visual,34,34.2,1199,SWD,0.310461022
Visual,34,34.2,1199,Still,0.3103020423
Visual,34,34.2,1199,Moving,0.351671152
Visual,34,34.2,1200,SWD,7.077501672
Visual,34,34.2,1200,Still,7.373470907
Visual,34,34.2,1200,Moving,24.94764286
Visual,34,34.2,1201,SWD,6.383381501
Visual,34,34.2,1201,Still,6.689938436
Visual,34,34.2,1201,Moving,12.23541579
Visual,34,34.2,1202,SWD,12.84753335
Visual,34,34.2,1202,Still,8.800570975
Visual,34,34.2,1202,Moving,11.99609672
Visual,34,34.2,1203,SWD,10.53800623
Visual,34,34.2,1203,Still,8.961870172
Visual,34,34.2,1203,Moving,14.25044582
Visual,34,34.2,1204,SWD,5.451998435
Visual,34,34.2,1204,Still,3.982932857
Visual,34,34.2,1204,Moving,7.578741683
Visual,34,34.2,1205,SWD,2.168179007
Visual,34,34.2,1205,Still,1.319687823
Visual,34,34.2,1205,Moving,1.582063468
Visual,34,34.2,1206,SWD,5.404041041
Visual,34,34.2,1206,Still,6.496090074
Visual,34,34.2,1206,Moving,7.407016549
Visual,34,34.2,1207,SWD,4.699824577
Visual,34,34.2,1207,Still,5.511296996
Visual,34,34.2,1207,Moving,8.764375852
Visual,34,34.2,1208,SWD,2.105077174
Visual,34,34.2,1208,Still,2.10086779
Visual,34,34.2,1208,Moving,3.457338468
Visual,34,34.2,1209,SWD,5.303078107
Visual,34,34.2,1209,Still,6.589036023
Visual,34,34.2,1209,Moving,9.439401778
Visual,34,34.2,1210,SWD,4.820980098
Visual,34,34.2,1210,Still,5.422329277
Visual,34,34.2,1210,Moving,7.205148173
Visual,34,34.2,1211,SWD,1.029821927
Visual,34,34.2,1211,Still,1.990200628
Visual,34,34.2,1211,Moving,1.38476225
Visual,34,34.2,1212,SWD,5.128917046
Visual,34,34.2,1212,Still,6.278372324
Visual,34,34.2,1212,Moving,6.912850073
Visual,34,34.2,1213,SWD,2.266617868
Visual,34,34.2,1213,Still,3.235025371
Visual,34,34.2,1213,Moving,3.325804323
Visual,34,34.2,1214,SWD,1.057586733
Visual,34,34.2,1214,Still,2.535579975
Visual,34,34.2,1214,Moving,2.901972077
Visual,34,34.2,1215,SWD,3.460504562
Visual,34,34.2,1215,Still,3.861054316
Visual,34,34.2,1215,Moving,4.66763529
Visual,34,34.2,1216,SWD,20.74031071
Visual,34,34.2,1216,Still,33.24029255
Visual,34,34.2,1216,Moving,50.87905152
Visual,34,34.2,1217,SWD,1.128260787
Visual,34,34.2,1217,Still,1.559828331
Visual,34,34.2,1217,Moving,2.661739576
Visual,34,34.2,1218,SWD,1.087875614
Visual,34,34.2,1218,Still,1.48098702
Visual,34,34.2,1218,Moving,1.38476225
Visual,34,34.2,1219,SWD,4.540807956
Visual,34,34.2,1219,Still,9.174886376
Visual,34,34.2,1219,Moving,8.855719009
Visual,34,34.2,1220,SWD,9.099284425
Visual,34,34.2,1220,Still,13.21206784
Visual,34,34.2,1220,Moving,22.71704299
Visual,34,34.2,1221,SWD,4.19753398
Visual,34,34.2,1221,Still,8.816845558
Visual,34,34.2,1221,Moving,14.07689383
Visual,34,34.2,1222,SWD,0.209498088
Visual,34,34.2,1222,Still,0.4535183695
Visual,34,34.2,1222,Moving,0.8303092913
Visual,34,34.2,1223,SWD,1.148453374
Visual,34,34.2,1223,Still,1.434694874
Visual,34,34.2,1223,Moving,2.315549014
Visual,34,34.2,1224,SWD,2.130317907
Visual,34,34.2,1224,Still,2.189112193
Visual,34,34.2,1224,Moving,2.633423198
Visual,34,34.2,1225,SWD,0.9061423325
Visual,34,34.2,1225,Still,0.428202352
Visual,34,34.2,1225,Moving,0.5718081588
Visual,34,34.2,1226,SWD,0.2170703081
Visual,34,34.2,1226,Still,0.2477353135
Visual,34,34.2,1226,Moving,0.2256175962
Visual,34,34.2,1227,SWD,0.4215202494
Visual,34,34.2,1227,Still,0.4148210285
Visual,34,34.2,1227,Moving,0.2228773015
Visual,34,34.2,1228,SWD,0.8354682787
Visual,34,34.2,1228,Still,0.7395893665
Visual,34,34.2,1228,Moving,1.04587914
Visual,34,34.2,1229,SWD,1.648219897
Visual,34,34.2,1229,Still,1.692556594
Visual,34,34.2,1229,Moving,3.719493327
Visual,34,34.2,1230,SWD,0.5048146699
Visual,34,34.2,1230,Still,0.403247992
Visual,34,34.2,1230,Moving,0.179946018
Visual,34,34.2,1231,SWD,15.53567147
Visual,34,34.2,1231,Still,21.13417301
Visual,34,34.2,1231,Moving,30.27386231
Visual,34,34.2,1232,SWD,0.3659906357
Visual,34,34.2,1232,Still,0.3837184928
Visual,34,34.2,1232,Moving,0.4914261812
Visual,34,34.2,1233,SWD,0.3331776821
Visual,34,34.2,1233,Still,0.5663554758
Visual,34,34.2,1233,Moving,1.275150463
Visual,34,34.2,1234,SWD,1.718893951
Visual,34,34.2,1234,Still,2.650225368
Visual,34,34.2,1234,Moving,4.266638833
Visual,34,34.2,1235,SWD,0.1867814279
Visual,34,34.2,1235,Still,0.2582233778
Visual,34,34.2,1235,Moving,0.3973427301
Visual,34,34.2,1236,SWD,0.9591478728
Visual,34,34.2,1236,Still,1.469775641
Visual,34,34.2,1236,Moving,1.293419094
Visual,34,34.2,1237,SWD,1.55230511
Visual,34,34.2,1237,Still,2.6762647
Visual,34,34.2,1237,Moving,3.296574513
Visual,34,34.2,1238,SWD,0.3988035892
Visual,34,34.2,1238,Still,0.5866082897
Visual,34,34.2,1238,Moving,0.7599750609
Visual,34,34.2,1239,SWD,0.6512109242
Visual,34,34.2,1239,Still,0.7457375421
Visual,34,34.2,1239,Moving,0.2785966269
Visual,34,34.2,1240,SWD,1.501823643
Visual,34,34.2,1240,Still,2.247700691
Visual,34,34.2,1240,Moving,3.976167596
Visual,34,34.2,1241,SWD,0.3861832225
Visual,34,34.2,1241,Still,0.4213308616
Visual,34,34.2,1241,Moving,0.244799659
Visual,34,34.2,1242,SWD,0.09086664058
Visual,34,34.2,1242,Still,0.1092205324
Visual,34,34.2,1242,Moving,0.4357068558
Visual,34,34.2,1243,SWD,0.09086664058
Visual,34,34.2,1243,Still,0.1367064941
Visual,34,34.2,1243,Moving,0.3096533
Visual,34,34.2,1244,SWD,0.4518091296
Visual,34,34.2,1244,Still,0.7999861509
Visual,34,34.2,1244,Moving,0.525223149
Visual,34,34.2,1245,SWD,0.3457980489
Visual,34,34.2,1245,Still,0.4690696373
Visual,34,34.2,1245,Moving,1.032177667
Visual,34,34.2,1246,SWD,1.751706905
Visual,34,34.2,1246,Still,2.212258266
Visual,34,34.2,1246,Moving,2.57039642
Visual,34,34.2,1247,SWD,0.1842573545
Visual,34,34.2,1247,Still,0.2162711204
Visual,34,34.2,1247,Moving,0.3763338042
Visual,34,34.2,1248,SWD,0.201925868
Visual,34,34.2,1248,Still,0.1453862716
Visual,34,34.2,1248,Moving,0.1488893449
Visual,34,34.2,1249,SWD,2.710854777
Visual,34,34.2,1249,Still,2.87734621
Visual,34,34.2,1249,Moving,2.23151331
Hipp,34,34.2,1250,SWD,2.077312367
Hipp,34,34.2,1250,Still,2.219129757
Hipp,34,34.2,1250,Moving,1.873448137
Hipp,34,34.2,1251,SWD,11.6586948
Hipp,34,34.2,1251,Still,11.71263629
Hipp,34,34.2,1251,Moving,13.66402276
Caudoputamen,35,35.1,1252,SWD,0.347601455
Caudoputamen,35,35.1,1252,Still,0.7568846585
Caudoputamen,35,35.1,1252,Moving,0.3229290381
Somatosensory,35,35.1,1253,SWD,1.827281966
Somatosensory,35,35.1,1253,Still,4.075554906
Somatosensory,35,35.1,1253,Moving,2.214791851
Somatosensory,35,35.1,1254,SWD,0.5033572982
Somatosensory,35,35.1,1254,Still,0.5629887027
Somatosensory,35,35.1,1254,Moving,0.06782984363
Somatosensory,35,35.1,1255,SWD,1.711414814
Somatosensory,35,35.1,1255,Still,7.14049187
Somatosensory,35,35.1,1255,Moving,9.016945517
Somatosensory,35,35.1,1256,SWD,2.412316108
Somatosensory,35,35.1,1256,Still,2.350341186
Somatosensory,35,35.1,1256,Moving,1.080853813
Somatosensory,35,35.1,1257,SWD,0.7768797546
Somatosensory,35,35.1,1257,Still,1.371367984
Somatosensory,35,35.1,1257,Moving,0.6252142108
Somatosensory,35,35.1,1258,SWD,2.368628494
Somatosensory,35,35.1,1258,Still,1.63488237
Somatosensory,35,35.1,1258,Moving,0.7077896726
Somatosensory,35,35.1,1259,SWD,0.5204524517
Somatosensory,35,35.1,1259,Still,1.401574328
Somatosensory,35,35.1,1259,Moving,0.1739982945
Somatosensory,35,35.1,1260,SWD,2.057116807
Somatosensory,35,35.1,1260,Still,0.7937076294
Somatosensory,35,35.1,1260,Moving,0.1046938891
Somatosensory,35,35.1,1261,SWD,2.364829571
Somatosensory,35,35.1,1261,Still,1.953631211
Somatosensory,35,35.1,1261,Moving,0.2536246327
Somatosensory,35,35.1,1262,SWD,11.6835877
Somatosensory,35,35.1,1262,Still,17.55247456
Somatosensory,35,35.1,1262,Moving,19.4214537
Somatosensory,35,35.1,1263,SWD,7.466783167
Somatosensory,35,35.1,1263,Still,13.02152306
Somatosensory,35,35.1,1263,Moving,13.4627494
Somatosensory,35,35.1,1264,SWD,4.678373681
Somatosensory,35,35.1,1264,Still,4.932264337
Somatosensory,35,35.1,1264,Moving,2.387315583
Caudoputamen,35,35.1,1265,SWD,4.742955372
Caudoputamen,35,35.1,1265,Still,2.687789192
Caudoputamen,35,35.1,1265,Moving,9.648057975
Caudoputamen,35,35.1,1266,SWD,0.4957594522
Caudoputamen,35,35.1,1266,Still,0.2807751527
Caudoputamen,35,35.1,1266,Moving,2.020149691
Caudoputamen,35,35.1,1267,SWD,1.774097043
Caudoputamen,35,35.1,1267,Still,0.5543583189
Caudoputamen,35,35.1,1267,Moving,1.322681951
Caudoputamen,35,35.1,1268,SWD,0.9098420598
Caudoputamen,35,35.1,1268,Still,0.4087925123
Caudoputamen,35,35.1,1268,Moving,0.7446537181
Caudoputamen,35,35.1,1269,SWD,0.2222369958
Caudoputamen,35,35.1,1269,Still,0.4556842642
Caudoputamen,35,35.1,1269,Moving,0.2831158691
Somatosensory,35,35.1,1270,SWD,0.6667109874
Somatosensory,35,35.1,1270,Still,0.8843266592
Somatosensory,35,35.1,1270,Moving,0.1120666982
Somatosensory,35,35.1,1271,SWD,0.06078276809
Somatosensory,35,35.1,1271,Still,1.269241776
Somatosensory,35,35.1,1271,Moving,4.689106581
Somatosensory,35,35.1,1272,SWD,0.2697235334
Somatosensory,35,35.1,1272,Still,5.960718405
Somatosensory,35,35.1,1272,Moving,11.81418929
Somatosensory,35,35.1,1273,SWD,0.1937450733
Somatosensory,35,35.1,1273,Still,0.3846274376
Somatosensory,35,35.1,1273,Moving,0.7579247744
Somatosensory,35,35.1,1274,SWD,0.8243662922
Somatosensory,35,35.1,1274,Still,2.218583993
Somatosensory,35,35.1,1274,Moving,2.378468212
Somatosensory,35,35.1,1275,SWD,0.370394993
Somatosensory,35,35.1,1275,Still,0.221513184
Somatosensory,35,35.1,1275,Moving,5.563521739
Somatosensory,35,35.1,1276,SWD,1.652531507
Somatosensory,35,35.1,1276,Still,1.216884115
Somatosensory,35,35.1,1276,Moving,4.482667927
Somatosensory,35,35.1,1277,SWD,0.9231382903
Somatosensory,35,35.1,1277,Still,0.3124198933
Somatosensory,35,35.1,1277,Moving,0.08552458544
Somatosensory,35,35.1,1278,SWD,6.877950101
Somatosensory,35,35.1,1278,Still,2.141773578
Somatosensory,35,35.1,1278,Moving,4.736292559
Somatosensory,35,35.1,1279,SWD,0.7692819086
Somatosensory,35,35.1,1279,Still,0.7105682655
Somatosensory,35,35.1,1279,Moving,0.2727939363
Somatosensory,35,35.1,1280,SWD,0.5128546057
Somatosensory,35,35.1,1280,Still,0.2042524164
Somatosensory,35,35.1,1280,Moving,1.552713594
Somatosensory,35,35.1,1281,SWD,6.452470725
Somatosensory,35,35.1,1281,Still,2.880246751
Somatosensory,35,35.1,1281,Moving,8.577526095
Somatosensory,35,35.1,1282,SWD,4.786642987
Somatosensory,35,35.1,1282,Still,1.483275294
Somatosensory,35,35.1,1282,Moving,2.950598198
Somatosensory,35,35.1,1283,SWD,2.12359796
Somatosensory,35,35.1,1283,Still,4.796767311
Somatosensory,35,35.1,1283,Moving,10.29391605
Somatosensory,35,35.1,1284,SWD,1.975439963
Somatosensory,35,35.1,1284,Still,1.012631698
Somatosensory,35,35.1,1284,Moving,1.288767029
Somatosensory,35,35.1,1285,SWD,21.19419145
Somatosensory,35,35.1,1285,Still,19.61427324
Somatosensory,35,35.1,1285,Moving,6.803628228
Caudoputamen,35,35.1,1286,SWD,0.3191095324
Caudoputamen,35,35.1,1286,Still,0.6513062968
Caudoputamen,35,35.1,1286,Moving,0.4231992418
Caudoputamen,35,35.1,1287,SWD,3.749537006
Caudoputamen,35,35.1,1287,Still,7.521954833
Caudoputamen,35,35.1,1287,Moving,11.2730251
Somatosensory,35,35.1,1288,SWD,4.693569373
Somatosensory,35,35.1,1288,Still,7.22017908
Somatosensory,35,35.1,1288,Moving,8.409426048
Caudoputamen,35,35.2,1289,SWD,4.035506756
Caudoputamen,35,35.2,1289,Still,0.8915344849
Caudoputamen,35,35.2,1289,Moving,1.553499302
Caudoputamen,35,35.2,1290,SWD,0.6274286122
Caudoputamen,35,35.2,1290,Still,0.08877051685
Caudoputamen,35,35.2,1290,Moving,1.672999248
Caudoputamen,35,35.2,1291,SWD,1.190688389
Caudoputamen,35,35.2,1291,Still,0.05500290848
Caudoputamen,35,35.2,1291,Moving,0.7252410534
Caudoputamen,35,35.2,1292,SWD,0.8199351182
Caudoputamen,35,35.2,1292,Still,0.01862440256
Caudoputamen,35,35.2,1292,Moving,2.064464589
Somatosensory,35,35.2,1293,SWD,2.616662508
Somatosensory,35,35.2,1293,Still,3.604605164
Somatosensory,35,35.2,1293,Moving,10.24815057
Somatosensory,35,35.2,1294,SWD,0.1711168942
Somatosensory,35,35.2,1294,Still,0.1758004353
Somatosensory,35,35.2,1294,Moving,0.1401033853
Somatosensory,35,35.2,1295,SWD,3.172792414
Somatosensory,35,35.2,1295,Still,3.582499564
Somatosensory,35,35.2,1295,Moving,7.454324236
Somatosensory,35,35.2,1296,SWD,0.3422337885
Somatosensory,35,35.2,1296,Still,0.3475974944
Somatosensory,35,35.2,1296,Moving,0.06593100485
Somatosensory,35,35.2,1297,SWD,0.1425974119
Somatosensory,35,35.2,1297,Still,0.5665647693
Somatosensory,35,35.2,1297,Moving,1.458723482
Somatosensory,35,35.2,1298,SWD,4.520337956
Somatosensory,35,35.2,1298,Still,5.041469118
Somatosensory,35,35.2,1298,Moving,12.20959796
Somatosensory,35,35.2,1299,SWD,0.4919610709
Somatosensory,35,35.2,1299,Still,0.2123530011
Somatosensory,35,35.2,1299,Moving,0.01648275121
Somatosensory,35,35.2,1300,SWD,1.290506577
Somatosensory,35,35.2,1300,Still,0.9698614116
Somatosensory,35,35.2,1300,Moving,0.1277413219
Somatosensory,35,35.2,1301,SWD,0.6702078357
Somatosensory,35,35.2,1301,Still,0.9604621804
Somatosensory,35,35.2,1301,Moving,0.2472412682
Somatosensory,35,35.2,1302,SWD,1.868026095
Somatosensory,35,35.2,1302,Still,1.660008665
Somatosensory,35,35.2,1302,Moving,0.6634307363
Somatosensory,35,35.2,1303,SWD,0.1354675413
Somatosensory,35,35.2,1303,Still,0.1023471841
Somatosensory,35,35.2,1303,Moving,0.01648275121
Somatosensory,35,35.2,1304,SWD,0.3065844355
Somatosensory,35,35.2,1304,Still,0.3119152278
Somatosensory,35,35.2,1304,Moving,0.02472412682
Somatosensory,35,35.2,1305,SWD,0.4705714591
Somatosensory,35,35.2,1305,Still,0.2718814653
Somatosensory,35,35.2,1305,Moving,0.004120687803
Somatosensory,35,35.2,1306,SWD,1.611350754
Somatosensory,35,35.2,1306,Still,2.049206461
Somatosensory,35,35.2,1306,Moving,1.438120043
Somatosensory,35,35.2,1307,SWD,1.212078001
Somatosensory,35,35.2,1307,Still,3.011931419
Somatosensory,35,35.2,1307,Moving,0.4986032242
Somatosensory,35,35.2,1308,SWD,0.8128052476
Somatosensory,35,35.2,1308,Still,0.2581307382
Somatosensory,35,35.2,1308,Moving,0.3172929608
Somatosensory,35,35.2,1309,SWD,0.05703896474
Somatosensory,35,35.2,1309,Still,0.09816974805
Somatosensory,35,35.2,1309,Moving,0.01236206341
Somatosensory,35,35.2,1310,SWD,0.05703896474
Somatosensory,35,35.2,1310,Still,0.09190359392
Somatosensory,35,35.2,1310,Moving,0.02472412682
Somatosensory,35,35.2,1311,SWD,0.2780649531
Somatosensory,35,35.2,1311,Still,0.2715333457
Somatosensory,35,35.2,1311,Moving,0.1771895755
Somatosensory,35,35.2,1312,SWD,0.4777013297
Somatosensory,35,35.2,1312,Still,0.3220106984
Somatosensory,35,35.2,1312,Moving,0.03296550243
Somatosensory,35,35.2,1313,SWD,0.5204805533
Somatosensory,35,35.2,1313,Still,0.165530905
Somatosensory,35,35.2,1313,Moving,0.07417238046
Somatosensory,35,35.2,1314,SWD,3.522156073
Somatosensory,35,35.2,1314,Still,3.142302237
Somatosensory,35,35.2,1314,Moving,1.936723268
Somatosensory,35,35.2,1315,SWD,6.402623792
Somatosensory,35,35.2,1315,Still,6.888069928
Somatosensory,35,35.2,1315,Moving,6.729083183
Somatosensory,35,35.2,1316,SWD,8.819649923
Somatosensory,35,35.2,1316,Still,7.450457262
Somatosensory,35,35.2,1316,Moving,10.00502999
Somatosensory,35,35.2,1317,SWD,1.604220883
Somatosensory,35,35.2,1317,Still,3.349259383
Somatosensory,35,35.2,1317,Moving,2.954533155
Somatosensory,35,35.2,1318,SWD,1.183558518
Somatosensory,35,35.2,1318,Still,1.219811337
Somatosensory,35,35.2,1318,Moving,1.705964751
Somatosensory,35,35.2,1319,SWD,3.023065131
Somatosensory,35,35.2,1319,Still,3.842719021
Somatosensory,35,35.2,1319,Moving,13.00901139
Caudoputamen,35,35.2,1320,SWD,7.57905244
Caudoputamen,35,35.2,1320,Still,2.799404358
Caudoputamen,35,35.2,1320,Moving,2.690809136
Caudoputamen,35,35.2,1321,SWD,2.324337813
Caudoputamen,35,35.2,1321,Still,0.2831953547
Caudoputamen,35,35.2,1321,Moving,0.04944825364
Caudoputamen,35,35.2,1322,SWD,1.033831236
Caudoputamen,35,35.2,1322,Still,0.1898992821
Caudoputamen,35,35.2,1322,Moving,0.07417238046
Caudoputamen,35,35.2,1323,SWD,1.098000071
Caudoputamen,35,35.2,1323,Still,0.1848515469
Caudoputamen,35,35.2,1323,Moving,0.1194999463
Caudoputamen,35,35.2,1324,SWD,2.88759759
Caudoputamen,35,35.2,1324,Still,0.1375072712
Caudoputamen,35,35.2,1324,Moving,0.02472412682
Caudoputamen,35,35.2,1325,SWD,0.5347402945
Caudoputamen,35,35.2,1325,Still,0.1592647508
Caudoputamen,35,35.2,1325,Moving,0.1977930146
Caudoputamen,35,35.2,1326,SWD,1.796727389
Caudoputamen,35,35.2,1326,Still,0.08668179881
Caudoputamen,35,35.2,1326,Moving,0.07417238046
Caudoputamen,35,35.2,1327,SWD,1.518662436
Caudoputamen,35,35.2,1327,Still,0.1173163301
Caudoputamen,35,35.2,1327,Moving,0.04944825364
Caudoputamen,35,35.2,1328,SWD,1.404584507
Caudoputamen,35,35.2,1328,Still,0.1133129539
Caudoputamen,35,35.2,1328,Moving,0.08653444387
Caudoputamen,35,35.2,1329,SWD,1.732558554
Caudoputamen,35,35.2,1329,Still,0.04856269451
Caudoputamen,35,35.2,1329,Moving,1.528775175
Caudoputamen,35,35.2,1330,SWD,1.789597519
Caudoputamen,35,35.2,1330,Still,0.1500395795
Caudoputamen,35,35.2,1330,Moving,0.1977930146
Caudoputamen,35,35.2,1331,SWD,2.481194966
Caudoputamen,35,35.2,1331,Still,0.4435044646
Caudoputamen,35,35.2,1331,Moving,1.25680978
Caudoputamen,35,35.2,1332,SWD,2.894727461
Caudoputamen,35,35.2,1332,Still,0.390764334
Caudoputamen,35,35.2,1332,Moving,0.8859478777
Caudoputamen,35,35.2,1333,SWD,2.067662472
Caudoputamen,35,35.2,1333,Still,0.25621608
Caudoputamen,35,35.2,1333,Moving,0.3337757121
Caudoputamen,35,35.2,1334,SWD,1.796727389
Caudoputamen,35,35.2,1334,Still,0.2885912097
Caudoputamen,35,35.2,1334,Moving,0.02472412682
Caudoputamen,35,35.2,1335,SWD,5.803714663
Caudoputamen,35,35.2,1335,Still,0.7670817015
Caudoputamen,35,35.2,1335,Moving,1.891395702
Caudoputamen,35,35.2,1336,SWD,3.315389826
Caudoputamen,35,35.2,1336,Still,0.4309721563
Caudoputamen,35,35.2,1336,Moving,0.08653444387
Caudoputamen,35,35.2,1337,SWD,4.163844426
Caudoputamen,35,35.2,1337,Still,1.107542743
Caudoputamen,35,35.2,1337,Moving,0.1813102633
Caudoputamen,35,35.2,1338,SWD,2.317207943
Caudoputamen,35,35.2,1338,Still,0.07902316598
Caudoputamen,35,35.2,1338,Moving,0
Caudoputamen,35,35.2,1339,SWD,4.071156109
Caudoputamen,35,35.2,1339,Still,3.386856308
Caudoputamen,35,35.2,1339,Moving,5.080808061
Caudoputamen,35,35.2,1340,SWD,5.76806531
Caudoputamen,35,35.2,1340,Still,4.475774648
Caudoputamen,35,35.2,1340,Moving,5.216790759
Caudoputamen,35,35.2,1341,SWD,3.094363837
Caudoputamen,35,35.2,1341,Still,0.6111240876
Caudoputamen,35,35.2,1341,Moving,1.05077539
Caudoputamen,35,35.2,1342,SWD,3.636234002
Caudoputamen,35,35.2,1342,Still,0.7388840079
Caudoputamen,35,35.2,1342,Moving,0.6016204193
Caudoputamen,35,35.2,1343,SWD,1.290506577
Caudoputamen,35,35.2,1343,Still,0.07954534549
Caudoputamen,35,35.2,1343,Moving,0.04944825364
Caudoputamen,35,35.2,1344,SWD,1.967844284
Caudoputamen,35,35.2,1344,Still,0.06788333642
Caudoputamen,35,35.2,1344,Moving,10.136892
Caudoputamen,35,35.2,1345,SWD,1.504402695
Caudoputamen,35,35.2,1345,Still,0.05186983142
Caudoputamen,35,35.2,1345,Moving,1.211482214
Caudoputamen,35,35.2,1346,SWD,1.532922177
Caudoputamen,35,35.2,1346,Still,0.3902421545
Caudoputamen,35,35.2,1346,Moving,0.05356894144
Somatosensory,35,35.2,1347,SWD,1.504402695
Somatosensory,35,35.2,1347,Still,1.694472513
Somatosensory,35,35.2,1347,Moving,0.4532756584
Somatosensory,35,35.2,1348,SWD,0.6274286122
Somatosensory,35,35.2,1348,Still,1.429727501
Somatosensory,35,35.2,1348,Moving,3.13172273
Somatosensory,35,35.2,1349,SWD,0.07842857652
Somatosensory,35,35.2,1349,Still,0.2297589848
Somatosensory,35,35.2,1349,Moving,0.1112585707
Somatosensory,35,35.2,1350,SWD,0.192506506
Somatosensory,35,35.2,1350,Still,0.2405506947
Somatosensory,35,35.2,1350,Moving,6.745565934
Somatosensory,35,35.2,1351,SWD,0.3208441767
Somatosensory,35,35.2,1351,Still,0.18154441
Somatosensory,35,35.2,1351,Moving,0.06181031705
Somatosensory,35,35.2,1352,SWD,1.033831236
Somatosensory,35,35.2,1352,Still,0.7468907604
Somatosensory,35,35.2,1352,Moving,0.5398101022
Somatosensory,35,35.2,1353,SWD,0.2210259884
Somatosensory,35,35.2,1353,Still,0.1829368887
Somatosensory,35,35.2,1353,Moving,0.08241375606
Somatosensory,35,35.2,1354,SWD,2.424156002
Somatosensory,35,35.2,1354,Still,3.553605632
Somatosensory,35,35.2,1354,Moving,10.77147792
Somatosensory,35,35.2,1355,SWD,8.05675377
Somatosensory,35,35.2,1355,Still,6.218113616
Somatosensory,35,35.2,1355,Moving,13.19444235
Somatosensory,35,35.2,1356,SWD,8.705571994
Somatosensory,35,35.2,1356,Still,6.632201968
Somatosensory,35,35.2,1356,Moving,10.72202966
Somatosensory,35,35.2,1357,SWD,8.013974546
Somatosensory,35,35.2,1357,Still,16.75604427
Somatosensory,35,35.2,1357,Moving,18.69556056
Somatosensory,35,35.2,1358,SWD,3.208441767
Somatosensory,35,35.2,1358,Still,4.385089473
Somatosensory,35,35.2,1358,Moving,7.903479207
Somatosensory,35,35.2,1359,SWD,3.215571637
Somatosensory,35,35.2,1359,Still,3.226547198
Somatosensory,35,35.2,1359,Moving,3.387205374
Somatosensory,35,35.2,1360,SWD,1.269116966
Somatosensory,35,35.2,1360,Still,1.139395693
Somatosensory,35,35.2,1360,Moving,1.66887856
Somatosensory,35,35.2,1361,SWD,3.500766461
Somatosensory,35,35.2,1361,Still,4.049502107
Somatosensory,35,35.2,1361,Moving,9.41577163
Somatosensory,35,35.2,1362,SWD,5.076467862
Somatosensory,35,35.2,1362,Still,3.59781683
Somatosensory,35,35.2,1362,Moving,8.224892855
Somatosensory,35,35.2,1363,SWD,0.8341948594
Somatosensory,35,35.2,1363,Still,0.3952898898
Somatosensory,35,35.2,1363,Moving,0.3626205267
Somatosensory,35,35.2,1364,SWD,1.19781826
Somatosensory,35,35.2,1364,Still,0.6264413532
Somatosensory,35,35.2,1364,Moving,0.02060343902
Somatosensory,35,35.2,1365,SWD,0.3564935296
Somatosensory,35,35.2,1365,Still,0.3618704011
Somatosensory,35,35.2,1365,Moving,0.05768962925
Caudoputamen,35,35.2,1366,SWD,0.8128052476
Caudoputamen,35,35.2,1366,Still,0.1965135559
Caudoputamen,35,35.2,1366,Moving,0.1607068243
Caudoputamen,35,35.2,1367,SWD,1.782467648
Caudoputamen,35,35.2,1367,Still,0.05918034457
Caudoputamen,35,35.2,1367,Moving,0.6675514241
Caudoputamen,35,35.2,1368,SWD,3.24409112
Caudoputamen,35,35.2,1368,Still,0.4494224991
Caudoputamen,35,35.2,1368,Moving,2.274619667
Caudoputamen,35,35.2,1369,SWD,5.482870486
Caudoputamen,35,35.2,1369,Still,0.9340050852
Caudoputamen,35,35.2,1369,Moving,7.95292746
Caudoputamen,35,35.2,1370,SWD,2.687961214
Caudoputamen,35,35.2,1370,Still,0.5435888709
Caudoputamen,35,35.2,1370,Moving,0.3008102096
Caudoputamen,35,35.2,1371,SWD,7.186909558
Caudoputamen,35,35.2,1371,Still,1.615101227
Caudoputamen,35,35.2,1371,Moving,6.893910695
Somatosensory,35,35.2,1372,SWD,12.12790988
Somatosensory,35,35.2,1372,Still,20.50738187
Somatosensory,35,35.2,1372,Moving,21.27511113
Hipp,36,36.1,1373,SWD,29.94835237
Hipp,36,36.1,1373,Still,36.00420139
Hipp,36,36.1,1373,Moving,44.09265921
Hipp,36,36.1,1374,SWD,0.2218665891
Hipp,36,36.1,1374,Still,0.4364953094
Hipp,36,36.1,1374,Moving,0.8305374341
Hipp,36,36.1,1375,SWD,7.162774908
Hipp,36,36.1,1375,Still,7.557776705
Hipp,36,36.1,1375,Moving,18.47524341
Hipp,36,36.1,1376,SWD,12.77369608
Hipp,36,36.1,1376,Still,9.96103867
Hipp,36,36.1,1376,Moving,35.11633649
Hipp,36,36.1,1377,SWD,2.381125579
Hipp,36,36.1,1377,Still,2.401675863
Hipp,36,36.1,1377,Moving,3.91330358
Hipp,36,36.1,1378,SWD,1.628234039
Hipp,36,36.1,1378,Still,0.4758306425
Hipp,36,36.1,1378,Moving,0.09665252955
Hipp,36,36.1,1379,SWD,1.003855387
Hipp,36,36.1,1379,Still,2.099047574
Hipp,36,36.1,1379,Moving,1.588023538
Hipp,36,36.1,1380,SWD,1.205111418
Hipp,36,36.1,1380,Still,1.197824337
Hipp,36,36.1,1380,Moving,2.926548685
Hipp,36,36.1,1381,SWD,2.564195825
Hipp,36,36.1,1381,Still,2.396917556
Hipp,36,36.1,1381,Moving,3.417678399
Hipp,36,36.1,1382,SWD,2.73877937
Hipp,36,36.1,1382,Still,1.563896712
Hipp,36,36.1,1382,Moving,4.834874211
Hipp,36,36.1,1383,SWD,0.4510074925
Hipp,36,36.1,1383,Still,2.768065458
Hipp,36,36.1,1383,Moving,0.1303685282
Hipp,36,36.1,1384,SWD,0.8547319415
Hipp,36,36.1,1384,Still,1.48871547
Hipp,36,36.1,1384,Moving,3.053545614
Hipp,36,36.1,1385,SWD,1.254819233
Hipp,36,36.1,1385,Still,1.803715355
Hipp,36,36.1,1385,Moving,3.013086415
Hipp,36,36.1,1386,SWD,3.285565335
Hipp,36,36.1,1386,Still,6.314272626
Hipp,36,36.1,1386,Moving,9.168503908
Hipp,36,36.1,1387,SWD,1.582163381
Hipp,36,36.1,1387,Still,0.756887942
Hipp,36,36.1,1387,Moving,1.919564191
Visual,36,36.1,1388,SWD,0.1782207027
Visual,36,36.1,1388,Still,0.1230815262
Visual,36,36.1,1388,Moving,0.3292929204
Visual,36,36.1,1389,SWD,1.222084819
Visual,36,36.1,1389,Still,1.931237968
Visual,36,36.1,1389,Moving,2.035322454
Visual,36,36.1,1390,SWD,0.8862539706
Visual,36,36.1,1390,Still,1.326298611
Visual,36,36.1,1390,Moving,5.155176198
Visual,36,36.1,1391,SWD,8.881937877
Visual,36,36.1,1391,Still,8.542746135
Visual,36,36.1,1391,Moving,7.590595169
Visual,36,36.1,1392,SWD,8.549744187
Visual,36,36.1,1392,Still,9.544528247
Visual,36,36.1,1392,Moving,10.47106532
Visual,36,36.1,1393,SWD,2.154409447
Visual,36,36.1,1393,Still,2.98440979
Visual,36,36.1,1393,Moving,4.270693166
Visual,36,36.1,1394,SWD,3.20191072
Visual,36,36.1,1394,Still,3.181086455
Visual,36,36.1,1394,Moving,3.65706199
Visual,36,36.1,1395,SWD,3.034601489
Visual,36,36.1,1395,Still,3.033261736
Visual,36,36.1,1395,Moving,1.266597684
Visual,36,36.1,1396,SWD,0.7225818967
Visual,36,36.1,1396,Still,1.190528267
Visual,36,36.1,1396,Moving,0.7473713041
Visual,36,36.1,1397,SWD,1.424553236
Visual,36,36.1,1397,Still,1.732340759
Visual,36,36.1,1397,Moving,1.28457955
Visual,36,36.1,1398,SWD,4.935622318
Visual,36,36.1,1398,Still,5.609408834
Visual,36,36.1,1398,Moving,9.827089749
Visual,36,36.1,1399,SWD,3.340122693
Visual,36,36.1,1399,Still,5.777852881
Visual,36,36.1,1399,Moving,5.847478038
Visual,36,36.1,1400,SWD,1.189350404
Visual,36,36.1,1400,Still,1.949002312
Visual,36,36.1,1400,Moving,3.555913994
Visual,36,36.1,1401,SWD,0.6849979389
Visual,36,36.1,1401,Still,0.6414197061
Visual,36,36.1,1401,Moving,1.164325821
Visual,36,36.1,1402,SWD,1.731286826
Visual,36,36.1,1402,Still,1.936947935
Visual,36,36.1,1402,Moving,1.691419267
Visual,36,36.1,1403,SWD,1.715525812
Visual,36,36.1,1403,Still,1.786268232
Visual,36,36.1,1403,Moving,5.504698718
Visual,36,36.1,1404,SWD,6.103149778
Visual,36,36.1,1404,Still,5.425420986
Visual,36,36.1,1404,Moving,6.688130271
Visual,36,36.1,1405,SWD,7.062146893
Visual,36,36.1,1405,Still,11.45958797
Visual,36,36.1,1405,Moving,7.06799719
Visual,36,36.1,1406,SWD,3.738997599
Visual,36,36.1,1406,Still,4.96196194
Visual,36,36.1,1406,Moving,3.593001593
Visual,36,36.1,1407,SWD,1.430615165
Visual,36,36.1,1407,Still,0.5341992013
Visual,36,36.1,1407,Moving,0.4000965177
Visual,36,36.1,1408,SWD,2.133798889
Visual,36,36.1,1408,Still,0.7940027321
Visual,36,36.1,1408,Moving,0.4596614487
Visual,36,36.1,1409,SWD,1.373633035
Visual,36,36.1,1409,Still,0.4479152448
Visual,36,36.1,1409,Moving,0.2258971912
Visual,36,36.1,1410,SWD,0.7201571252
Visual,36,36.1,1410,Still,0.674727851
Visual,36,36.1,1410,Moving,0.6361085084
Visual,36,36.1,1411,SWD,1.717950583
Visual,36,36.1,1411,Still,0.8308003018
Visual,36,36.1,1411,Moving,0.3450270532
Visual,36,36.1,1412,SWD,1.080235688
Visual,36,36.1,1412,Still,0.416193202
Visual,36,36.1,1412,Moving,0.3866101182
Visual,36,36.1,1413,SWD,2.268373706
Visual,36,36.1,1413,Still,1.305044842
Visual,36,36.1,1413,Moving,1.234005552
Hipp,36,36.1,1414,SWD,0.6716616959
Hipp,36,36.1,1414,Still,1.479198857
Hipp,36,36.1,1414,Moving,0.962029829
Hipp,36,36.1,1415,SWD,0.4910162217
Hipp,36,36.1,1415,Still,0.8555434952
Hipp,36,36.1,1415,Moving,1.568917805
Hipp,36,36.1,1416,SWD,0.06183167236
Hipp,36,36.1,1416,Still,0.3238820573
Hipp,36,36.1,1416,Moving,0.02922053219
Hipp,36,36.1,1417,SWD,0.08001745835
Hipp,36,36.1,1417,Still,0.3949394333
Hipp,36,36.1,1417,Moving,0.1427310611
Hipp,36,36.1,1418,SWD,0.7613782401
Hipp,36,36.1,1418,Still,1.635271308
Hipp,36,36.1,1418,Moving,2.439914438
Hipp,36,36.1,1419,SWD,0.4449455639
Hipp,36,36.1,1419,Still,0.7721145225
Hipp,36,36.1,1419,Moving,0.7102837055
Hipp,36,36.1,1420,SWD,4.661623142
Hipp,36,36.1,1420,Still,5.452384722
Hipp,36,36.1,1420,Moving,11.59380808
Hipp,36,36.1,1421,SWD,0.1503358308
Hipp,36,36.1,1421,Still,0.2677340415
Hipp,36,36.1,1421,Moving,0.1180059954
Hipp,36,36.1,1422,SWD,0.04364588638
Hipp,36,36.1,1422,Still,0.2461630524
Hipp,36,36.1,1422,Moving,0.5282173126
Hipp,36,36.1,1423,SWD,0.6777236245
Hipp,36,36.1,1423,Still,2.10348866
Hipp,36,36.1,1423,Moving,2.607370565
Hipp,36,36.1,1424,SWD,5.522417012
Hipp,36,36.1,1424,Still,3.0513433
Hipp,36,36.1,1424,Moving,3.654814257
Hipp,36,36.1,1425,SWD,3.902669673
Hipp,36,36.1,1425,Still,2.735708974
Hipp,36,36.1,1425,Moving,1.813920729
Hipp,36,36.1,1426,SWD,12.1772023
Hipp,36,36.1,1426,Still,18.42384526
Hipp,36,36.1,1426,Moving,27.1290164
Hipp,36,36.1,1427,SWD,0.7819887976
Hipp,36,36.1,1427,Still,1.285059955
Hipp,36,36.1,1427,Moving,4.986596205
Hipp,36,36.1,1428,SWD,0.539511651
Hipp,36,36.1,1428,Still,1.654938975
Hipp,36,36.1,1428,Moving,3.362608935
Hipp,36,36.1,1429,SWD,2.561771053
Hipp,36,36.1,1429,Still,1.093141596
Hipp,36,36.1,1429,Moving,0.4888819809
Hipp,36,36.1,1430,SWD,13.70844548
Hipp,36,36.1,1430,Still,20.33858776
Hipp,36,36.1,1430,Moving,29.0553238
Hipp,36,36.1,1431,SWD,3.107344633
Hipp,36,36.1,1431,Still,3.849787118
Hipp,36,36.1,1431,Moving,8.486316868
Hipp,36,36.1,1432,SWD,4.166969763
Hipp,36,36.1,1432,Still,3.155708821
Hipp,36,36.1,1432,Moving,6.546523077
Hipp,36,36.1,1433,SWD,3.02005286
Hipp,36,36.1,1433,Still,4.108321767
Hipp,36,36.1,1433,Moving,14.31131757
Hipp,36,36.1,1434,SWD,2.216241119
Hipp,36,36.1,1434,Still,0.8977338122
Hipp,36,36.1,1434,Moving,0.1157582621
Hipp,36,36.1,1435,SWD,0.07153075823
Hipp,36,36.1,1435,Still,0.2382325417
Hipp,36,36.1,1435,Moving,0.002247733245
Hipp,36,36.1,1436,SWD,1.560340438
Hipp,36,36.1,1436,Still,3.18457588
Hipp,36,36.1,1436,Moving,11.0914397
Hipp,36,36.1,1437,SWD,10.31740258
Hipp,36,36.1,1437,Still,5.379424024
Hipp,36,36.1,1437,Moving,7.683876099
Hipp,36,36.1,1438,SWD,3.920855459
Hipp,36,36.1,1438,Still,5.03619152
Hipp,36,36.1,1438,Moving,8.303126608
Hipp,36,36.1,1439,SWD,2.569045367
Hipp,36,36.1,1439,Still,3.078307036
Hipp,36,36.1,1439,Moving,3.269328005
Visual,36,36.1,1440,SWD,18.41856405
Visual,36,36.1,1440,Still,9.739936031
Visual,36,36.1,1440,Moving,41.7932281
Visual,36,36.1,1441,SWD,12.24267113
Visual,36,36.1,1441,Still,15.16123315
Visual,36,36.1,1441,Moving,17.13334666
Visual,36,36.1,1442,SWD,11.78802648
Visual,36,36.1,1442,Still,12.31132482
Visual,36,36.1,1442,Moving,14.95079768
Visual,36,36.1,1443,SWD,10.1549429
Visual,36,36.1,1443,Still,13.20874141
Visual,36,36.1,1443,Moving,14.15734785
Visual,36,36.1,1444,SWD,14.4795228
Visual,36,36.1,1444,Still,17.17272789
Visual,36,36.1,1444,Moving,20.42627587
Visual,36,36.1,1445,SWD,4.975631047
Visual,36,36.1,1445,Still,5.185919562
Visual,36,36.1,1445,Moving,6.059888829
Visual,36,36.1,1446,SWD,3.287990107
Visual,36,36.1,1446,Still,3.674681442
Visual,36,36.1,1446,Moving,4.76182288
Visual,36,36.1,1447,SWD,0.2691496326
Visual,36,36.1,1447,Still,0.2521902405
Visual,36,36.1,1447,Moving,0.1595890604
Visual,36,36.1,1448,SWD,9.322033898
Visual,36,36.1,1448,Still,6.368200099
Visual,36,36.1,1448,Moving,8.708842459
Visual,36,36.1,1449,SWD,1.559128052
Visual,36,36.1,1449,Still,1.78468213
Visual,36,36.1,1449,Moving,1.552059806
Visual,36,36.1,1450,SWD,2.578744453
Visual,36,36.1,1450,Still,1.249214047
Visual,36,36.1,1450,Moving,0.6091357095
Hipp,36,36.1,1451,SWD,0.1927693315
Hipp,36,36.1,1451,Still,1.073156709
Hipp,36,36.1,1451,Moving,0.4877581142
Visual,36,36.1,1452,SWD,1.572464295
Visual,36,36.1,1452,Still,2.775678748
Visual,36,36.1,1452,Moving,4.067273307
Visual,36,36.1,1453,SWD,20.95123785
Visual,36,36.1,1453,Still,22.11153274
Visual,36,36.1,1453,Moving,32.89557605
Hipp,36,36.1,1454,SWD,0.1018404015
Hipp,36,36.1,1454,Still,0.4390330728
Hipp,36,36.1,1454,Moving,0.1618367937
Hipp,36,36.1,1455,SWD,1.813729056
Hipp,36,36.1,1455,Still,3.043095569
Hipp,36,36.1,1455,Moving,2.047684986
Hipp,36,36.1,1456,SWD,0.8692805703
Hipp,36,36.1,1456,Still,1.206706509
Hipp,36,36.1,1456,Moving,2.328651642
Hipp,36,36.1,1457,SWD,5.410877525
Hipp,36,36.1,1457,Still,4.211735627
Hipp,36,36.1,1457,Moving,5.240590061
Hipp,36,36.1,1458,SWD,0.2194418176
Hipp,36,36.1,1458,Still,0.8288969792
Hipp,36,36.1,1458,Moving,0.9002171647
Hipp,36,36.2,1459,SWD,0.941046222
Hipp,36,36.2,1459,Still,1.057253262
Hipp,36,36.2,1459,Moving,2.15754947
Hipp,36,36.2,1460,SWD,4.483808469
Hipp,36,36.2,1460,Still,3.049911227
Hipp,36,36.2,1460,Moving,4.17250228
Hipp,36,36.2,1461,SWD,1.051757542
Hipp,36,36.2,1461,Still,1.554614003
Hipp,36,36.2,1461,Moving,3.112327109
Hipp,36,36.2,1462,SWD,4.373097149
Hipp,36,36.2,1462,Still,4.646963251
Hipp,36,36.2,1462,Moving,5.827863511
Hipp,36,36.2,1463,SWD,3.210628287
Hipp,36,36.2,1463,Still,2.883856397
Hipp,36,36.2,1463,Moving,0.9609774939
Visual,36,36.2,1464,SWD,0.5535566012
Visual,36,36.2,1464,Still,0.3536501713
Visual,36,36.2,1464,Moving,4.997082968
Visual,36,36.2,1465,SWD,2.712427346
Visual,36,36.2,1465,Still,1.559918756
Visual,36,36.2,1465,Moving,4.866886018
Visual,36,36.2,1466,SWD,1.217824523
Visual,36,36.2,1466,Still,1.252564607
Visual,36,36.2,1466,Moving,3.608315493
Visual,36,36.2,1467,SWD,4.428452809
Visual,36,36.2,1467,Still,4.112147742
Visual,36,36.2,1467,Moving,3.713713025
Visual,36,36.2,1468,SWD,1.107113202
Visual,36,36.2,1468,Still,0.1665370807
Visual,36,36.2,1468,Moving,0.3471918688
Visual,36,36.2,1469,SWD,1.882092444
Visual,36,36.2,1469,Still,1.273783617
Visual,36,36.2,1469,Moving,1.822757311
Visual,36,36.2,1470,SWD,14.39247163
Visual,36,36.2,1470,Still,7.876110815
Visual,36,36.2,1470,Moving,17.68818574
Visual,36,36.2,1471,SWD,1.162468862
Visual,36,36.2,1471,Still,1.27989212
Visual,36,36.2,1471,Moving,1.122173719
Visual,36,36.2,1472,SWD,4.76058677
Visual,36,36.2,1472,Still,4.366775865
Visual,36,36.2,1472,Moving,5.741065544
Visual,36,36.2,1473,SWD,2.657071686
Visual,36,36.2,1473,Still,2.714265065
Visual,36,36.2,1473,Moving,15.02844803
Visual,36,36.2,1474,SWD,18.76556878
Visual,36,36.2,1474,Still,14.04039405
Visual,36,36.2,1474,Moving,34.11160111
Visual,36,36.2,1475,SWD,5.480210352
Visual,36,36.2,1475,Still,6.765488527
Visual,36,36.2,1475,Moving,4.62509168
Visual,36,36.2,1476,SWD,2.601716025
Visual,36,36.2,1476,Still,4.373688119
Visual,36,36.2,1476,Moving,3.316922318
Visual,36,36.2,1477,SWD,4.87129809
Visual,36,36.2,1477,Still,3.829227605
Visual,36,36.2,1477,Moving,10.28555911
Visual,36,36.2,1478,SWD,7.915859397
Visual,36,36.2,1478,Still,7.688515474
Visual,36,36.2,1478,Moving,8.847192799
Visual,36,36.2,1479,SWD,28.56352062
Visual,36,36.2,1479,Still,25.75843173
Visual,36,36.2,1479,Moving,32.22684525
Visual,36,36.2,1480,SWD,2.158870745
Visual,36,36.2,1480,Still,1.540628746
Visual,36,36.2,1480,Moving,2.107950632
Visual,36,36.2,1481,SWD,1.439247163
Visual,36,36.2,1481,Still,0.9778427237
Visual,36,36.2,1481,Moving,0.5331875127
Visual,36,36.2,1482,SWD,5.535566012
Visual,36,36.2,1482,Still,6.345448574
Visual,36,36.2,1482,Moving,5.406273385
Visual,36,36.2,1483,SWD,9.078328259
Visual,36,36.2,1483,Still,8.911823567
Visual,36,36.2,1483,Moving,15.50583685
Hipp,36,36.2,1484,SWD,7.528369776
Hipp,36,36.2,1484,Still,8.882727803
Hipp,36,36.2,1484,Moving,14.79905341
Hipp,36,36.2,1485,SWD,6.531967894
Hipp,36,36.2,1485,Still,6.939420111
Hipp,36,36.2,1485,Moving,10.89314488
Hipp,36,36.2,1486,SWD,0.3874896208
Hipp,36,36.2,1486,Still,0.7373606072
Hipp,36,36.2,1486,Moving,0.3285923044
Hipp,36,36.2,1487,SWD,9.46581788
Hipp,36,36.2,1487,Still,10.54584811
Hipp,36,36.2,1487,Moving,4.389497198
Hipp,36,36.2,1488,SWD,16.05314143
Hipp,36,36.2,1488,Still,16.7247596
Hipp,36,36.2,1488,Moving,19.81473594
Hipp,36,36.2,1489,SWD,5.480210352
Hipp,36,36.2,1489,Still,5.90322511
Hipp,36,36.2,1489,Moving,3.843909976
Hipp,36,36.2,1490,SWD,10.9604207
Hipp,36,36.2,1490,Still,9.417543312
Hipp,36,36.2,1490,Moving,8.078410804
Hipp,36,36.2,1491,SWD,3.874896208
Hipp,36,36.2,1491,Still,4.853205601
Hipp,36,36.2,1491,Moving,5.784464528
Hipp,36,36.2,1492,SWD,6.753390534
Hipp,36,36.2,1492,Still,7.24532751
Hipp,36,36.2,1492,Moving,10.97374299
Hipp,36,36.2,1493,SWD,11.5139773
Hipp,36,36.2,1493,Still,6.078121194
Hipp,36,36.2,1493,Moving,25.61780003
Hipp,36,36.2,1494,SWD,3.764184888
Hipp,36,36.2,1494,Still,4.121149746
Hipp,36,36.2,1494,Moving,4.166302425
Hipp,36,36.2,1495,SWD,1.383891503
Hipp,36,36.2,1495,Still,2.058886997
Hipp,36,36.2,1495,Moving,2.256747147
Hipp,36,36.2,1496,SWD,12.45502353
Hipp,36,36.2,1496,Still,9.449211077
Hipp,36,36.2,1496,Moving,4.699489938
Hipp,36,36.2,1497,SWD,0.2214226405
Hipp,36,36.2,1497,Still,0.4242194555
Hipp,36,36.2,1497,Moving,0.5517870771
Visual,36,36.2,1498,SWD,0.5535566012
Visual,36,36.2,1498,Still,0.5050767447
Visual,36,36.2,1498,Moving,0.1611962248
Visual,36,36.2,1499,SWD,4.483808469
Visual,36,36.2,1499,Still,6.5018584
Visual,36,36.2,1499,Moving,10.07476405
Visual,36,36.2,1500,SWD,4.262385829
Visual,36,36.2,1500,Still,3.679890783
Visual,36,36.2,1500,Moving,6.875638973
Visual,36,36.2,1501,SWD,1.494602823
Visual,36,36.2,1501,Still,0.683348581
Visual,36,36.2,1501,Moving,0.371991288
Visual,36,36.2,1502,SWD,2.601716025
Visual,36,36.2,1502,Still,2.274292102
Visual,36,36.2,1502,Moving,11.3705337
Visual,36,36.2,1503,SWD,2.158870745
Visual,36,36.2,1503,Still,2.036221236
Visual,36,36.2,1503,Moving,6.156455816
Visual,36,36.2,1504,SWD,2.601716025
Visual,36,36.2,1504,Still,0.7785126271
Visual,36,36.2,1504,Moving,3.335521882
Visual,36,36.2,1505,SWD,25.07611403
Visual,36,36.2,1505,Still,22.82956531
Visual,36,36.2,1505,Moving,48.49526424
Visual,36,36.2,1506,SWD,0.4428452809
Visual,36,36.2,1506,Still,0.5687337755
Visual,36,36.2,1506,Moving,0.3905908524
Visual,36,36.2,1507,SWD,17.38167728
Visual,36,36.2,1507,Still,7.673083467
Visual,36,36.2,1507,Moving,17.26039576
Visual,36,36.2,1508,SWD,2.878494326
Visual,36,36.2,1508,Still,4.751611552
Visual,36,36.2,1508,Moving,4.395697053
Visual,36,36.2,1509,SWD,0.7196235815
Visual,36,36.2,1509,Still,0.5896312856
Visual,36,36.2,1509,Moving,0.3657914332
Visual,36,36.2,1510,SWD,4.92665375
Visual,36,36.2,1510,Still,5.895669856
Visual,36,36.2,1510,Moving,7.098833745
Visual,36,36.2,1511,SWD,7.306947135
Visual,36,36.2,1511,Still,7.86566206
Visual,36,36.2,1511,Moving,9.126186265
Visual,36,36.2,1512,SWD,20.59230556
Visual,36,36.2,1512,Still,17.23915985
Visual,36,36.2,1512,Moving,22.84646494
Visual,36,36.2,1513,SWD,1.494602823
Visual,36,36.2,1513,Still,2.522007972
Visual,36,36.2,1513,Moving,1.5499637
Visual,36,36.2,1514,SWD,5.701632992
Visual,36,36.2,1514,Still,5.282086809
Visual,36,36.2,1514,Moving,21.50109644
Visual,36,36.2,1515,SWD,8.081926377
Visual,36,36.2,1515,Still,7.39096708
Visual,36,36.2,1515,Moving,12.3315112
Visual,36,36.2,1516,SWD,1.992803764
Visual,36,36.2,1516,Still,4.301511334
Visual,36,36.2,1516,Moving,6.33005175
Visual,36,36.2,1517,SWD,4.373097149
Visual,36,36.2,1517,Still,5.542662685
Visual,36,36.2,1517,Moving,9.578775665
Visual,36,36.2,1518,SWD,4.428452809
Visual,36,36.2,1518,Still,5.075844459
Visual,36,36.2,1518,Moving,7.328228373
Visual,36,36.2,1519,SWD,14.22640465
Visual,36,36.2,1519,Still,12.25671119
Visual,36,36.2,1519,Moving,13.43508535
Visual,36,36.2,1520,SWD,10.79435372
Visual,36,36.2,1520,Still,10.05170237
Visual,36,36.2,1520,Moving,9.473378133
Visual,36,36.2,1521,SWD,0.1107113202
Visual,36,36.2,1521,Still,0.4250232059
Visual,36,36.2,1521,Moving,0.2727936112
Visual,36,36.2,1522,SWD,2.546360365
Visual,36,36.2,1522,Still,1.593997772
Visual,36,36.2,1522,Moving,0.7811817047
Visual,36,36.2,1523,SWD,0.05535566012
Visual,36,36.2,1523,Still,0.1811653378
Visual,36,36.2,1523,Moving,0.1363968056
Visual,36,36.2,1524,SWD,0.8856905619
Visual,36,36.2,1524,Still,0.4616742236
Visual,36,36.2,1524,Moving,0.1673960796
Visual,36,36.2,1525,SWD,2.933849986
Visual,36,36.2,1525,Still,3.257761078
Visual,36,36.2,1525,Moving,3.502917962
Visual,36,36.2,1526,SWD,0.2767783006
Visual,36,36.2,1526,Still,0.1449965702
Visual,36,36.2,1526,Moving,0.0247994192
Visual,36,36.2,1527,SWD,0.6089122613
Visual,36,36.2,1527,Still,0.5060412451
Visual,36,36.2,1527,Moving,0.6695843183
Visual,36,36.2,1528,SWD,0.8856905619
Visual,36,36.2,1528,Still,0.2996381451
Visual,36,36.2,1528,Moving,0.1053975316
Visual,36,36.2,1529,SWD,4.207030169
Visual,36,36.2,1529,Still,4.60452523
Visual,36,36.2,1529,Moving,11.79832368
Visual,36,36.2,1530,SWD,5.148076391
Visual,36,36.2,1530,Still,3.742583313
Visual,36,36.2,1530,Moving,8.989789459
Hipp,36,36.2,1531,SWD,1.107113202
Hipp,36,36.2,1531,Still,0.3231076565
Hipp,36,36.2,1531,Moving,0.1363968056
Visual,36,36.2,1532,SWD,4.70523111
Visual,36,36.2,1532,Still,4.381082622
Visual,36,36.2,1532,Moving,2.442742791
Visual,36,36.2,1533,SWD,7.306947135
Visual,36,36.2,1533,Still,8.575534404
Visual,36,36.2,1533,Moving,14.50146038
Visual,36,36.2,1534,SWD,4.262385829
Visual,36,36.2,1534,Still,5.73926003
Visual,36,36.2,1534,Moving,3.620715203
Hipp,36,36.2,1535,SWD,9.797951841
Hipp,36,36.2,1535,Still,9.984026586
Hipp,36,36.2,1535,Moving,18.50656658
Visual,36,36.2,1536,SWD,1.937448104
Visual,36,36.2,1536,Still,1.417172686
Visual,36,36.2,1536,Moving,0.6447848991
Visual,36,36.2,1537,SWD,3.708829228
Visual,36,36.2,1537,Still,3.534411962
Visual,36,36.2,1537,Moving,6.689643329
Hipp,36,36.2,1538,SWD,19.04234708
Hipp,36,36.2,1538,Still,21.41641137
Hipp,36,36.2,1538,Moving,6.602845361
Visual,36,36.2,1539,SWD,2.380293385
Visual,36,36.2,1539,Still,1.205304084
Visual,36,36.2,1539,Moving,1.332968782
Hipp,36,36.2,1540,SWD,3.044561306
Hipp,36,36.2,1540,Still,2.957640683
Hipp,36,36.2,1540,Moving,1.53756399
Hipp,36,36.2,1541,SWD,0.2767783006
Hipp,36,36.2,1541,Still,0.5185797512
Hipp,36,36.2,1541,Moving,0.1611962248
Hipp,36,36.2,1542,SWD,3.432050927
Hipp,36,36.2,1542,Still,4.920559884
Hipp,36,36.2,1542,Moving,5.778264673
Visual,36,36.2,1543,SWD,7.306947135
Visual,36,36.2,1543,Still,4.813821832
Visual,36,36.2,1543,Moving,3.304522608
Hipp,36,36.2,1544,SWD,14.89067257
Hipp,36,36.2,1544,Still,3.408544651
Hipp,36,36.2,1544,Moving,22.88986392
Visual,36,36.2,1545,SWD,3.432050927
Visual,36,36.2,1545,Still,4.257305062
Visual,36,36.2,1545,Moving,5.09008079
Hipp,36,36.2,1546,SWD,10.62828674
Hipp,36,36.2,1546,Still,10.26389247
Hipp,36,36.2,1546,Moving,10.95514343
Hipp,36,36.2,1547,SWD,3.598117908
Hipp,36,36.2,1547,Still,1.451733953
Hipp,36,36.2,1547,Moving,7.458425324
Visual,36,36.2,1548,SWD,3.099916967
Visual,36,36.2,1548,Still,1.669871809
Visual,36,36.2,1548,Moving,0.8245806883
Hipp,36,36.2,1549,SWD,16.77276502
Hipp,36,36.2,1549,Still,8.6711807
Hipp,36,36.2,1549,Moving,7.979213127
Hipp,36,36.2,1550,SWD,3.210628287
Hipp,36,36.2,1550,Still,1.709577078
Hipp,36,36.2,1550,Moving,1.07257488
Hipp,36,36.2,1551,SWD,1.937448104
Hipp,36,36.2,1551,Still,2.037024987
Hipp,36,36.2,1551,Moving,1.890955714
Visual,36,36.2,1552,SWD,13.06393579
Visual,36,36.2,1552,Still,7.145662461
Visual,36,36.2,1552,Moving,4.823487034
Visual,36,36.2,1553,SWD,10.73899806
Visual,36,36.2,1553,Still,8.09328417
Visual,36,36.2,1553,Moving,13.8256762
Visual,36,36.2,1554,SWD,2.491004705
Visual,36,36.2,1554,Still,2.295511112
Visual,36,36.2,1554,Moving,1.370167911
Hipp,36,36.2,1555,SWD,8.247993357
Hipp,36,36.2,1555,Still,8.199700722
Hipp,36,36.2,1555,Moving,14.41466241
Visual,36,36.2,1556,SWD,1.826736784
Visual,36,36.2,1556,Still,2.588397754
Visual,36,36.2,1556,Moving,1.494165007
Hipp,36,36.2,1557,SWD,2.491004705
Hipp,36,36.2,1557,Still,2.74609358
Hipp,36,36.2,1557,Moving,2.101750777
Hipp,36,36.2,1558,SWD,0.4428452809
Hipp,36,36.2,1558,Still,1.212216337
Hipp,36,36.2,1558,Moving,1.289569798
Hipp,37,37.1,1559,SWD,1.67152971
Hipp,37,37.1,1559,Still,2.120108356
Hipp,37,37.1,1559,Moving,1.964657742
Hipp,37,37.1,1560,SWD,2.14200086
Hipp,37,37.1,1560,Still,3.471955432
Hipp,37,37.1,1560,Moving,7.332737734
Hipp,37,37.1,1561,SWD,0.1289271901
Hipp,37,37.1,1561,Still,0.2798284034
Hipp,37,37.1,1561,Moving,0.145116765
Hipp,37,37.1,1562,SWD,0.03392820791
Hipp,37,37.1,1562,Still,0.1396326842
Hipp,37,37.1,1562,Moving,0.1798455635
Hipp,37,37.1,1563,SWD,4.213883423
Hipp,37,37.1,1563,Still,6.196200362
Hipp,37,37.1,1563,Moving,6.448393688
Visual,37,37.1,1564,SWD,0.8391576757
Visual,37,37.1,1564,Still,0.4935001924
Visual,37,37.1,1564,Moving,3.937997684
Hipp,37,37.1,1565,SWD,4.863043134
Hipp,37,37.1,1565,Still,11.11628186
Hipp,37,37.1,1565,Moving,22.02550012
Hipp,37,37.1,1566,SWD,0.9974893126
Hipp,37,37.1,1566,Still,1.50611867
Hipp,37,37.1,1566,Moving,0.5631026609
Hipp,37,37.1,1567,SWD,0.3641627649
Hipp,37,37.1,1567,Still,0.796694549
Hipp,37,37.1,1567,Moving,0.8620183906
Hipp,37,37.1,1568,SWD,4.408405148
Hipp,37,37.1,1568,Still,2.502972168
Hipp,37,37.1,1568,Moving,1.804657206
Hipp,37,37.1,1569,SWD,2.14426274
Hipp,37,37.1,1569,Still,1.469521394
Hipp,37,37.1,1569,Moving,2.151945191
Hipp,37,37.1,1570,SWD,0.1424984732
Hipp,37,37.1,1570,Still,0.8200605022
Hipp,37,37.1,1570,Moving,2.592256743
Hipp,37,37.1,1571,SWD,5.822080478
Hipp,37,37.1,1571,Still,3.931392006
Hipp,37,37.1,1571,Moving,3.495205503
Hipp,37,37.1,1572,SWD,4.948994594
Hipp,37,37.1,1572,Still,3.111049986
Hipp,37,37.1,1572,Moving,6.980488493
Hipp,37,37.1,1573,SWD,0.2374974554
Hipp,37,37.1,1573,Still,0.2902445513
Hipp,37,37.1,1573,Moving,0.1959696485
Hipp,37,37.1,1574,SWD,8.301101536
Hipp,37,37.1,1574,Still,1.459386764
Hipp,37,37.1,1574,Moving,0.9773676141
Hipp,37,37.1,1575,SWD,5.227205899
Hipp,37,37.1,1575,Still,3.779935587
Hipp,37,37.1,1575,Moving,6.8068445
Hipp,37,37.1,1576,SWD,0.1357128316
Hipp,37,37.1,1576,Still,0.09768657545
Hipp,37,37.1,1576,Moving,0.5990717736
Hipp,37,37.1,1577,SWD,4.379000701
Hipp,37,37.1,1577,Still,6.105270207
Hipp,37,37.1,1577,Moving,7.781731486
Hipp,37,37.1,1578,SWD,0.5926126982
Hipp,37,37.1,1578,Still,0.4166459126
Hipp,37,37.1,1578,Moving,0.4179858959
Hipp,37,37.1,1579,SWD,2.506163624
Hipp,37,37.1,1579,Still,2.104624893
Hipp,37,37.1,1579,Moving,1.700470811
Hipp,37,37.1,1580,SWD,4.575784307
Hipp,37,37.1,1580,Still,5.119395892
Hipp,37,37.1,1580,Moving,7.324055535
Hipp,37,37.1,1581,SWD,1.266653095
Hipp,37,37.1,1581,Still,2.337439873
Hipp,37,37.1,1581,Moving,2.333031069
Hipp,37,37.1,1582,SWD,1.427246613
Hipp,37,37.1,1582,Still,2.079569835
Hipp,37,37.1,1582,Moving,1.684346726
Visual,37,37.1,1583,SWD,15.16590894
Visual,37,37.1,1583,Still,19.72536879
Visual,37,37.1,1583,Moving,24.15511965
Visual,37,37.1,1584,SWD,16.21089774
Visual,37,37.1,1584,Still,13.52269352
Visual,37,37.1,1584,Moving,9.580187121
Visual,37,37.1,1585,SWD,0.6717785167
Visual,37,37.1,1585,Still,0.630036184
Visual,37,37.1,1585,Moving,0.5320948052
Visual,37,37.1,1586,SWD,0.9612992242
Visual,37,37.1,1586,Still,1.981601742
Visual,37,37.1,1586,Moving,4.359704522
Hipp,37,37.1,1587,SWD,16.31946801
Hipp,37,37.1,1587,Still,15.90939896
Hipp,37,37.1,1587,Moving,46.67426483
Visual,37,37.1,1588,SWD,8.4910995
Visual,37,37.1,1588,Still,9.236307936
Visual,37,37.1,1588,Moving,17.42765526
Visual,37,37.1,1589,SWD,1.454389179
Visual,37,37.1,1589,Still,0.9695462993
Visual,37,37.1,1589,Moving,1.746362437
Hipp,37,37.2,1590,SWD,0.5734506343
Hipp,37,37.2,1590,Still,0.6688489238
Hipp,37,37.2,1590,Moving,0.9697924379
Hipp,37,37.2,1591,SWD,0.9818593787
Hipp,37,37.2,1591,Still,1.511252805
Hipp,37,37.2,1591,Moving,4.127859099
Hipp,37,37.2,1592,SWD,2.607102396
Hipp,37,37.2,1592,Still,1.647088186
Hipp,37,37.2,1592,Moving,1.168551878
Hipp,37,37.2,1593,SWD,1.281172637
Hipp,37,37.2,1593,Still,0.5691614709
Hipp,37,37.2,1593,Moving,0.281335826
Hipp,37,37.2,1594,SWD,0.6265997175
Hipp,37,37.2,1594,Still,0.9353556954
Hipp,37,37.2,1594,Moving,1.341386174
Visual,37,37.2,1595,SWD,0.9315076157
Visual,37,37.2,1595,Still,1.198045605
Visual,37,37.2,1595,Moving,0.9985981538
Visual,37,37.2,1596,SWD,0.05035176301
Visual,37,37.2,1596,Still,0.1537970839
Visual,37,37.2,1596,Moving,0.1382674367
Hipp,37,37.2,1597,SWD,0.3160971789
Hipp,37,37.2,1597,Still,0.7310413212
Hipp,37,37.2,1597,Moving,10.17609926
Hipp,37,37.2,1598,SWD,0.651775599
Hipp,37,37.2,1598,Still,1.981400387
Hipp,37,37.2,1598,Moving,0.8171221432
Hipp,37,37.2,1599,SWD,2.187504371
Hipp,37,37.2,1599,Still,2.581096753
Hipp,37,37.2,1599,Moving,2.520500148
Hipp,37,37.2,1600,SWD,3.941424116
Hipp,37,37.2,1600,Still,3.815739329
Hipp,37,37.2,1600,Moving,6.715572584
Hipp,37,37.2,1601,SWD,4.489698868
Hipp,37,37.2,1601,Still,3.811473424
Hipp,37,37.2,1601,Moving,11.45507305
Hipp,37,37.2,1602,SWD,5.555477852
Hipp,37,37.2,1602,Still,4.949571845
Hipp,37,37.2,1602,Moving,14.32508255
Hipp,37,37.2,1603,SWD,12.36695246
Hipp,37,37.2,1603,Still,10.31450808
Hipp,37,37.2,1603,Moving,10.65139358
Hipp,37,37.2,1604,SWD,5.001608459
Hipp,37,37.2,1604,Still,3.726828898
Hipp,37,37.2,1604,Moving,6.830795448
Hipp,37,37.2,1605,SWD,3.656097459
Hipp,37,37.2,1605,Still,2.904856454
Hipp,37,37.2,1605,Moving,5.17446678
Hipp,37,37.2,1606,SWD,1.753919745
Hipp,37,37.2,1606,Still,1.751266064
Hipp,37,37.2,1606,Moving,6.337257515
Hipp,37,37.2,1607,SWD,13.26209491
Hipp,37,37.2,1607,Still,23.57226575
Hipp,37,37.2,1607,Moving,100
Visual,37,37.2,1608,SWD,11.75433934
Visual,37,37.2,1608,Still,14.19850188
Visual,37,37.2,1608,Moving,15.64246397
Visual,37,37.2,1609,SWD,2.640670238
Visual,37,37.2,1609,Still,3.425970369
Visual,37,37.2,1609,Moving,3.014998272
Visual,37,37.2,1610,SWD,2.416884625
Visual,37,37.2,1610,Still,3.074594549
Visual,37,37.2,1610,Moving,1.080214349
Visual,37,37.2,1611,SWD,5.698141181
Visual,37,37.2,1611,Still,6.921766859
Visual,37,37.2,1611,Moving,8.532253072
Visual,37,37.2,1612,SWD,7.370938641
Visual,37,37.2,1612,Still,8.95099028
Visual,37,37.2,1612,Moving,17.48891036
Visual,37,37.2,1613,SWD,3.373568122
Visual,37,37.2,1613,Still,4.290601858
Visual,37,37.2,1613,Moving,3.043803988
Visual,37,37.2,1614,SWD,11.18648335
Visual,37,37.2,1614,Still,12.6326904
Visual,37,37.2,1614,Moving,13.93140444
Visual,37,37.2,1615,SWD,1.619648377
Visual,37,37.2,1615,Still,1.951314534
Visual,37,37.2,1615,Moving,5.524936324
Caudoputamen,38,38.1,1616,SWD,3.414424014
Caudoputamen,38,38.1,1616,Still,0.2250048976
Caudoputamen,38,38.1,1616,Moving,1.056222013
Caudoputamen,38,38.1,1617,SWD,8.370553427
Caudoputamen,38,38.1,1617,Still,1.862016577
Caudoputamen,38,38.1,1617,Moving,6.98601406
Caudoputamen,38,38.1,1618,SWD,4.684063754
Caudoputamen,38,38.1,1618,Still,10.19393446
Caudoputamen,38,38.1,1618,Moving,10.21488104
Caudoputamen,38,38.1,1619,SWD,4.647788333
Caudoputamen,38,38.1,1619,Still,0.6386366554
Caudoputamen,38,38.1,1619,Moving,0.2184820431
Caudoputamen,38,38.1,1620,SWD,9.622055456
Caudoputamen,38,38.1,1620,Still,1.748166794
Caudoputamen,38,38.1,1620,Moving,4.079797038
Caudoputamen,38,38.1,1621,SWD,1.342190582
Caudoputamen,38,38.1,1621,Still,2.687259091
Caudoputamen,38,38.1,1621,Moving,3.377001859
Caudoputamen,38,38.1,1622,SWD,10.65590496
Caudoputamen,38,38.1,1622,Still,15.52466426
Caudoputamen,38,38.1,1622,Moving,23.92547476
Caudoputamen,38,38.1,1623,SWD,2.797741855
Caudoputamen,38,38.1,1623,Still,9.197580438
Caudoputamen,38,38.1,1623,Moving,10.77968756
Caudoputamen,38,38.1,1624,SWD,4.253293128
Caudoputamen,38,38.1,1624,Still,8.91935582
Caudoputamen,38,38.1,1624,Moving,9.430577849
Somatosensory,38,38.1,1625,SWD,0.5577346
Somatosensory,38,38.1,1625,Still,0.419694764
Somatosensory,38,38.1,1625,Moving,0.4559037061
Somatosensory,38,38.1,1626,SWD,30.55297345
Somatosensory,38,38.1,1626,Still,7.850245722
Somatosensory,38,38.1,1626,Moving,5.386969014
Somatosensory,38,38.1,1627,SWD,16.53705761
Somatosensory,38,38.1,1627,Still,10.29094256
Somatosensory,38,38.1,1627,Moving,11.35700775
Somatosensory,38,38.1,1628,SWD,0.9885052259
Somatosensory,38,38.1,1628,Still,1.595917971
Somatosensory,38,38.1,1628,Moving,3.108465106
Somatosensory,38,38.1,1629,SWD,3.069807514
Somatosensory,38,38.1,1629,Still,5.77265559
Somatosensory,38,38.1,1629,Moving,2.992121727
Somatosensory,38,38.1,1630,SWD,0.7436461333
Somatosensory,38,38.1,1630,Still,0.163701168
Somatosensory,38,38.1,1630,Moving,0.4237739939
Somatosensory,38,38.1,1631,SWD,1.818305484
Somatosensory,38,38.1,1631,Still,1.007806368
Somatosensory,38,38.1,1631,Moving,1.673788903
Caudoputamen,38,38.1,1632,SWD,2.335230236
Caudoputamen,38,38.1,1632,Still,0.2492569224
Caudoputamen,38,38.1,1632,Moving,0.7207201763
Caudoputamen,38,38.1,1633,SWD,1.142675766
Caudoputamen,38,38.1,1633,Still,0.5140081941
Caudoputamen,38,38.1,1633,Moving,0.4349348413
Caudoputamen,38,38.1,1634,SWD,4.434670234
Caudoputamen,38,38.1,1634,Still,2.669070072
Caudoputamen,38,38.1,1634,Moving,5.009529447
Caudoputamen,38,38.1,1635,SWD,1.396603714
Caudoputamen,38,38.1,1635,Still,0.374559051
Caudoputamen,38,38.1,1635,Moving,0.1670745036
Caudoputamen,38,38.1,1636,SWD,20.02403247
Caudoputamen,38,38.1,1636,Still,12.7686911
Caudoputamen,38,38.1,1636,Moving,12.83294527
Caudoputamen,38,38.1,1637,SWD,4.212483279
Caudoputamen,38,38.1,1637,Still,0.8494945384
Caudoputamen,38,38.1,1637,Moving,6.029901466
Caudoputamen,38,38.1,1638,SWD,0.5849411658
Caudoputamen,38,38.1,1638,Still,0.483693163
Caudoputamen,38,38.1,1638,Moving,0.58239331
Caudoputamen,38,38.1,1639,SWD,11.21817399
Caudoputamen,38,38.1,1639,Still,8.091418637
Caudoputamen,38,38.1,1639,Moving,13.02437071
Caudoputamen,38,38.1,1640,SWD,2.761466434
Caudoputamen,38,38.1,1640,Still,0.7039823891
Caudoputamen,38,38.1,1640,Moving,5.194190741
Caudoputamen,38,38.1,1641,SWD,10.22966876
Caudoputamen,38,38.1,1641,Still,2.711511116
Caudoputamen,38,38.1,1641,Moving,14.16176253
Caudoputamen,38,38.1,1642,SWD,5.237263926
Caudoputamen,38,38.1,1642,Still,0.9721019975
Caudoputamen,38,38.1,1642,Moving,5.619317564
Caudoputamen,38,38.1,1643,SWD,7.196136668
Caudoputamen,38,38.1,1643,Still,2.469664534
Caudoputamen,38,38.1,1643,Moving,3.513637687
Caudoputamen,38,38.1,1644,SWD,1.278708595
Caudoputamen,38,38.1,1644,Still,0.2175945566
Caudoputamen,38,38.1,1644,Moving,0.1900726134
Caudoputamen,38,38.1,1645,SWD,1.378466003
Caudoputamen,38,38.1,1645,Still,0.07275607466
Caudoputamen,38,38.1,1645,Moving,0.1860141234
Caudoputamen,38,38.1,1646,SWD,3.160496066
Caudoputamen,38,38.1,1646,Still,0.5854169341
Caudoputamen,38,38.1,1646,Moving,3.312404227
Caudoputamen,38,38.1,1647,SWD,0.3174099349
Caudoputamen,38,38.1,1647,Still,0.5187238656
Caudoputamen,38,38.1,1647,Moving,0.4170098439
Somatosensory,38,38.1,1648,SWD,0.2992722244
Somatosensory,38,38.1,1648,Still,0.8286108503
Somatosensory,38,38.1,1648,Moving,1.230060667
Somatosensory,38,38.1,1649,SWD,0.4670460471
Somatosensory,38,38.1,1649,Still,1.123677153
Somatosensory,38,38.1,1649,Moving,1.578414389
Somatosensory,38,38.1,1650,SWD,8.275330446
Somatosensory,38,38.1,1650,Still,8.473388029
Somatosensory,38,38.1,1650,Moving,4.822500701
Somatosensory,38,38.1,1651,SWD,3.19223706
Somatosensory,38,38.1,1651,Still,5.360371167
Somatosensory,38,38.1,1651,Moving,15.31403547
Somatosensory,38,38.1,1652,SWD,4.860906432
Somatosensory,38,38.1,1652,Still,0.4985138449
Somatosensory,38,38.1,1652,Moving,3.83222915
Somatosensory,38,38.1,1653,SWD,2.240007255
Somatosensory,38,38.1,1653,Still,4.777648903
Somatosensory,38,38.1,1653,Moving,5.937232612
Somatosensory,38,38.1,1654,SWD,1.319518444
Somatosensory,38,38.1,1654,Still,3.726727824
Somatosensory,38,38.1,1654,Moving,5.503988808
Somatosensory,38,38.1,1655,SWD,1.373931575
Somatosensory,38,38.1,1655,Still,0.2189418913
Somatosensory,38,38.1,1655,Moving,0.4028051291
Somatosensory,38,38.1,1656,SWD,0.4987870406
Somatosensory,38,38.1,1656,Still,0.1717851763
Somatosensory,38,38.1,1656,Moving,0.4785636084
Caudoputamen,38,38.1,1657,SWD,16.55519532
Caudoputamen,38,38.1,1657,Still,15.2329663
Caudoputamen,38,38.1,1657,Moving,13.71803429
Somatosensory,38,38.1,1658,SWD,0.2267213821
Somatosensory,38,38.1,1658,Still,0.09835543426
Somatosensory,38,38.1,1658,Moving,1.373798853
Caudoputamen,38,38.1,1659,SWD,1.668669372
Caudoputamen,38,38.1,1659,Still,1.075846771
Caudoputamen,38,38.1,1659,Moving,1.360270553
Somatosensory,38,38.1,1660,SWD,2.970050105
Somatosensory,38,38.1,1660,Still,6.395797897
Somatosensory,38,38.1,1660,Moving,5.059922364
Somatosensory,38,38.1,1661,SWD,1.324052871
Somatosensory,38,38.1,1661,Still,0.4143054252
Somatosensory,38,38.1,1661,Moving,0.9486720294
Somatosensory,38,38.1,1662,SWD,12.47421044
Somatosensory,38,38.1,1662,Still,1.874816257
Somatosensory,38,38.1,1662,Moving,6.44149999
Somatosensory,38,38.2,1663,SWD,1.912088456
Somatosensory,38,38.2,1663,Still,0.1601598727
Somatosensory,38,38.2,1663,Moving,0.6675434002
Somatosensory,38,38.2,1664,SWD,1.150221387
Somatosensory,38,38.2,1664,Still,0.321435842
Somatosensory,38,38.2,1664,Moving,0.5985059313
Somatosensory,38,38.2,1665,SWD,1.073539961
Somatosensory,38,38.2,1665,Still,3.94930808
Somatosensory,38,38.2,1665,Moving,3.335542593
Somatosensory,38,38.2,1666,SWD,2.884211047
Somatosensory,38,38.2,1666,Still,1.385075972
Somatosensory,38,38.2,1666,Moving,3.429042157
Somatosensory,38,38.2,1667,SWD,0.1286269078
Somatosensory,38,38.2,1667,Still,1.079823532
Somatosensory,38,38.2,1667,Moving,0.7816998449
Somatosensory,38,38.2,1668,SWD,0.6653968882
Somatosensory,38,38.2,1668,Still,4.88515514
Somatosensory,38,38.2,1668,Moving,5.11910114
Somatosensory,38,38.2,1669,SWD,0.2770425706
Somatosensory,38,38.2,1669,Still,2.353847885
Somatosensory,38,38.2,1669,Moving,6.108456994
Somatosensory,38,38.2,1670,SWD,0.7099215871
Somatosensory,38,38.2,1670,Still,0.3649636123
Somatosensory,38,38.2,1670,Moving,0.03533413763
Somatosensory,38,38.2,1671,SWD,0.5565587355
Somatosensory,38,38.2,1671,Still,0.859952487
Somatosensory,38,38.2,1671,Moving,0.6354708753
Somatosensory,38,38.2,1672,SWD,0.1929403616
Somatosensory,38,38.2,1672,Still,0.6289204756
Somatosensory,38,38.2,1672,Moving,0.8806354303
Somatosensory,38,38.2,1673,SWD,0.2696217874
Somatosensory,38,38.2,1673,Still,3.295833477
Somatosensory,38,38.2,1673,Moving,6.688480453
Somatosensory,38,38.2,1674,SWD,0.3413560244
Somatosensory,38,38.2,1674,Still,0.6367331523
Somatosensory,38,38.2,1674,Moving,0.06088343716
Somatosensory,38,38.2,1675,SWD,1.296163455
Somatosensory,38,38.2,1675,Still,3.991161705
Somatosensory,38,38.2,1675,Moving,13.1187499
Somatosensory,38,38.2,1676,SWD,4.759195587
Somatosensory,38,38.2,1676,Still,15.4679838
Somatosensory,38,38.2,1676,Moving,7.354936649
Somatosensory,38,38.2,1677,SWD,0.7297103421
Somatosensory,38,38.2,1677,Still,0.2366124948
Somatosensory,38,38.2,1677,Moving,0.0125028487
Somatosensory,38,38.2,1678,SWD,1.902194078
Somatosensory,38,38.2,1678,Still,3.812028189
Somatosensory,38,38.2,1678,Moving,2.614182583
Somatosensory,38,38.2,1679,SWD,29.65097583
Somatosensory,38,38.2,1679,Still,45.91510106
Somatosensory,38,38.2,1679,Moving,57.41253764
Caudoputamen,38,38.2,1680,SWD,1.419843174
Caudoputamen,38,38.2,1680,Still,1.372798909
Caudoputamen,38,38.2,1680,Moving,0.9105335467
Caudoputamen,38,38.2,1681,SWD,2.646745987
Caudoputamen,38,38.2,1681,Still,0.1975491112
Caudoputamen,38,38.2,1681,Moving,2.965893153
Caudoputamen,38,38.2,1682,SWD,3.913226309
Caudoputamen,38,38.2,1682,Still,4.540281268
Caudoputamen,38,38.2,1682,Moving,17.40777061
Caudoputamen,38,38.2,1683,SWD,3.302248497
Caudoputamen,38,38.2,1683,Still,1.156276154
Caudoputamen,38,38.2,1683,Moving,2.797920099
Caudoputamen,38,38.2,1684,SWD,1.278848294
Caudoputamen,38,38.2,1684,Still,0.01506730509
Caudoputamen,38,38.2,1684,Moving,0.004892419057
Caudoputamen,38,38.2,1685,SWD,1.486630222
Caudoputamen,38,38.2,1685,Still,0.2444251715
Caudoputamen,38,38.2,1685,Moving,0.08588913456
Somatosensory,38,38.2,1686,SWD,4.741880426
Somatosensory,38,38.2,1686,Still,3.46268993
Somatosensory,38,38.2,1686,Moving,1.47098733
Somatosensory,38,38.2,1687,SWD,5.44438123
Somatosensory,38,38.2,1687,Still,11.76700723
Somatosensory,38,38.2,1687,Moving,13.75748239
Somatosensory,38,38.2,1688,SWD,7.502411755
Somatosensory,38,38.2,1688,Still,5.9052675
Somatosensory,38,38.2,1688,Moving,5.994300549
Somatosensory,38,38.2,1689,SWD,1.47426225
Somatosensory,38,38.2,1689,Still,1.671912817
Somatosensory,38,38.2,1689,Moving,1.30410148
Somatosensory,38,38.2,1690,SWD,1.382739258
Somatosensory,38,38.2,1690,Still,0.3526865489
Somatosensory,38,38.2,1690,Moving,4.021024863
Somatosensory,38,38.2,1691,SWD,0.5714003018
Somatosensory,38,38.2,1691,Still,1.794125403
Somatosensory,38,38.2,1691,Moving,1.68407936
Somatosensory,38,38.2,1692,SWD,2.85205432
Somatosensory,38,38.2,1692,Still,2.446483909
Somatosensory,38,38.2,1692,Moving,6.35905757
Somatosensory,38,38.2,1693,SWD,1.256585945
Somatosensory,38,38.2,1693,Still,3.941495403
Somatosensory,38,38.2,1693,Moving,3.518192904
Somatosensory,38,38.2,1694,SWD,0.7668142578
Somatosensory,38,38.2,1694,Still,2.595482814
Somatosensory,38,38.2,1694,Moving,3.383379579
Somatosensory,38,38.2,1695,SWD,4.299107032
Somatosensory,38,38.2,1695,Still,10.43103951
Somatosensory,38,38.2,1695,Moving,13.60092498
Somatosensory,38,38.2,1696,SWD,0.3735127514
Somatosensory,38,38.2,1696,Still,2.942030832
Somatosensory,38,38.2,1696,Moving,4.387956292
Somatosensory,38,38.2,1697,SWD,9.582704628
Somatosensory,38,38.2,1697,Still,7.591689574
Somatosensory,38,38.2,1697,Moving,18.77438633
Somatosensory,38,38.2,1698,SWD,2.058030524
Somatosensory,38,38.2,1698,Still,0.1919686279
Somatosensory,38,38.2,1698,Moving,0.07990951127
Somatosensory,38,38.2,1699,SWD,2.038241769
Somatosensory,38,38.2,1699,Still,1.81867953
Somatosensory,38,38.2,1699,Moving,2.74192908
Somatosensory,38,38.2,1700,SWD,8.192544587
Somatosensory,38,38.2,1700,Still,9.293178953
Somatosensory,38,38.2,1700,Moving,21.14014275
Somatosensory,38,38.2,1701,SWD,2.622010043
Somatosensory,38,38.2,1701,Still,1.502266123
Somatosensory,38,38.2,1701,Moving,6.829273402
Somatosensory,38,38.2,1702,SWD,3.131570485
Somatosensory,38,38.2,1702,Still,1.462644691
Somatosensory,38,38.2,1702,Moving,5.505058644
Somatosensory,38,38.2,1703,SWD,2.708585846
Somatosensory,38,38.2,1703,Still,3.645729784
Somatosensory,38,38.2,1703,Moving,8.199150738
Somatosensory,38,38.2,1704,SWD,6.255720187
Somatosensory,38,38.2,1704,Still,1.131722027
Somatosensory,38,38.2,1704,Moving,2.707682147
Somatosensory,38,38.2,1705,SWD,3.745021891
Somatosensory,38,38.2,1705,Still,2.492243872
Somatosensory,38,38.2,1705,Moving,2.911532941
Hipp,39,39.1,1706,SWD,1.346062053
Hipp,39,39.1,1706,Still,1.963848102
Hipp,39,39.1,1706,Moving,4.852096191
Hipp,39,39.1,1707,SWD,0.6443914081
Hipp,39,39.1,1707,Still,0.6915184085
Hipp,39,39.1,1707,Moving,0.6653514549
Hipp,39,39.1,1708,SWD,0.8949880668
Hipp,39,39.1,1708,Still,2.264522232
Hipp,39,39.1,1708,Moving,3.772625573
Hipp,39,39.1,1709,SWD,27.99045346
Hipp,39,39.1,1709,Still,25.03136194
Hipp,39,39.1,1709,Moving,46.62015495
Hipp,39,39.1,1710,SWD,5.630071599
Hipp,39,39.1,1710,Still,7.973480007
Hipp,39,39.1,1710,Moving,17.28395346
Hipp,39,39.1,1711,SWD,12.04295943
Hipp,39,39.1,1711,Still,8.457703338
Hipp,39,39.1,1711,Moving,24.59177628
Hipp,39,39.1,1712,SWD,4.899761337
Hipp,39,39.1,1712,Still,10.99562403
Hipp,39,39.1,1712,Moving,16.12165901
Hipp,39,39.1,1713,SWD,2.508353222
Hipp,39,39.1,1713,Still,2.265484902
Hipp,39,39.1,1713,Moving,4.553930393
Hipp,39,39.1,1714,SWD,1
Hipp,39,39.1,1714,Still,3.160768596
Hipp,39,39.1,1714,Moving,2.506801332
Hipp,39,39.1,1715,SWD,45.71599045
Hipp,39,39.1,1715,Still,62.70900716
Hipp,39,39.1,1715,Moving,63.14765074
Hipp,39,39.1,1716,SWD,14.86634845
Hipp,39,39.1,1716,Still,17.4326817
Hipp,39,39.1,1716,Moving,20.61899312
Hipp,39,39.1,1717,SWD,9.033412888
Hipp,39,39.1,1717,Still,11.87999746
Hipp,39,39.1,1717,Moving,10.14591949
Hipp,39,39.1,1718,SWD,9.596658711
Hipp,39,39.1,1718,Still,6.653337672
Hipp,39,39.1,1718,Moving,7.699855633
Hipp,39,39.1,1719,SWD,6.582338902
Hipp,39,39.1,1719,Still,5.742330358
Hipp,39,39.1,1719,Moving,8.3596855
Hipp,39,39.1,1720,SWD,4.99522673
Hipp,39,39.1,1720,Still,5.393843586
Hipp,39,39.1,1720,Moving,10.02582493
Hipp,39,39.1,1721,SWD,14.31742243
Hipp,39,39.1,1721,Still,12.7836243
Hipp,39,39.1,1721,Moving,15.19679288
Hipp,39,39.1,1722,SWD,9.622911695
Hipp,39,39.1,1722,Still,9.431605134
Hipp,39,39.1,1722,Moving,18.4006948
Hipp,39,39.1,1723,SWD,3.508353222
Hipp,39,39.1,1723,Still,2.179807215
Hipp,39,39.1,1723,Moving,7.779918672
Hipp,39,39.1,1724,SWD,14.42004773
Hipp,39,39.1,1724,Still,8.591193667
Hipp,39,39.1,1724,Moving,15.51014304
Hipp,39,39.1,1725,SWD,6.539379475
Hipp,39,39.1,1725,Still,5.500700027
Hipp,39,39.1,1725,Moving,8.031150964
Hipp,39,39.1,1726,SWD,1.369928401
Hipp,39,39.1,1726,Still,2.129106562
Hipp,39,39.1,1726,Moving,2.505420935
Hipp,39,39.1,1727,SWD,2.047732697
Hipp,39,39.1,1727,Still,2.786931498
Hipp,39,39.1,1727,Moving,10.59178779
Hipp,39,39.1,1728,SWD,10.46300716
Hipp,39,39.1,1728,Still,10.35256004
Hipp,39,39.1,1728,Moving,14.01103167
Hipp,39,39.1,1729,SWD,3.057279236
Hipp,39,39.1,1729,Still,3.139268952
Hipp,39,39.1,1729,Moving,1.871818616
Hipp,39,39.1,1730,SWD,2.150357995
Hipp,39,39.1,1730,Still,2.330625615
Hipp,39,39.1,1730,Moving,3.329518069
Hipp,39,39.1,1731,SWD,4.508353222
Hipp,39,39.1,1731,Still,3.632477209
Hipp,39,39.1,1731,Moving,4.181223147
Hipp,39,39.1,1732,SWD,6.324582339
Hipp,39,39.1,1732,Still,8.361115384
Hipp,39,39.1,1732,Moving,19.47326343
Hipp,39,39.1,1733,SWD,0.3412887828
Hipp,39,39.1,1733,Still,0.4829397702
Hipp,39,39.1,1733,Moving,0.3105893721
Hipp,39,39.1,1734,SWD,6.942720764
Hipp,39,39.1,1734,Still,7.454600533
Hipp,39,39.1,1734,Moving,7.347854345
Hipp,39,39.1,1735,SWD,7.517899761
Hipp,39,39.1,1735,Still,7.471286824
Hipp,39,39.1,1735,Moving,9.752506284
Hipp,39,39.1,1736,SWD,1.873508353
Hipp,39,39.1,1736,Still,2.093808638
Hipp,39,39.1,1736,Moving,1.753104456
Hipp,39,39.1,1737,SWD,0.9474940334
Hipp,39,39.1,1737,Still,1.560489105
Hipp,39,39.1,1737,Moving,2.617233109
Hipp,39,39.1,1738,SWD,1.692124105
Hipp,39,39.1,1738,Still,2.785327047
Hipp,39,39.1,1738,Moving,4.230917446
Hipp,39,39.1,1739,SWD,3.303102625
Hipp,39,39.1,1739,Still,4.411919535
Hipp,39,39.1,1739,Moving,7.184967474
Hipp,39,39.1,1740,SWD,1.923627685
Hipp,39,39.1,1740,Still,4.087820421
Hipp,39,39.1,1740,Moving,1.68684539
Hipp,39,39.1,1741,SWD,0.8902147971
Hipp,39,39.1,1741,Still,1.943632019
Hipp,39,39.1,1741,Moving,2.619993903
Hipp,39,39.1,1742,SWD,0.06205250597
Hipp,39,39.1,1742,Still,0.2756446928
Hipp,39,39.1,1742,Moving,0.1559848847
Hipp,39,39.1,1743,SWD,1.816229117
Hipp,39,39.1,1743,Still,2.330625615
Hipp,39,39.1,1743,Moving,1.732398498
Hipp,39,39.1,1744,SWD,0.1789976134
Hipp,39,39.1,1744,Still,0.8352772238
Hipp,39,39.1,1744,Moving,0.1104317767
Hipp,39,39.1,1745,SWD,3.23627685
Hipp,39,39.1,1745,Still,2.89603417
Hipp,39,39.1,1745,Moving,5.19857589
Hipp,39,39.1,1746,SWD,9.324582339
Hipp,39,39.1,1746,Still,8.808436341
Hipp,39,39.1,1746,Moving,9.633792124
Hipp,39,39.1,1747,SWD,12.87828162
Hipp,39,39.1,1747,Still,7.839668788
Hipp,39,39.1,1747,Moving,12.99229853
Hipp,39,39.1,1748,SWD,3.491646778
Hipp,39,39.1,1748,Still,3.708207299
Hipp,39,39.1,1748,Moving,3.9079045
Hipp,39,39.1,1749,SWD,5.92124105
Hipp,39,39.1,1749,Still,5.603705786
Hipp,39,39.1,1749,Moving,7.125610394
Hipp,39,39.1,1750,SWD,4.486873508
Hipp,39,39.1,1750,Still,6.63536782
Hipp,39,39.1,1750,Moving,10.17904902
Hipp,39,39.1,1751,SWD,3.782816229
Hipp,39,39.1,1751,Still,4.898709988
Hipp,39,39.1,1751,Moving,10.03548771
Hipp,39,39.1,1752,SWD,5.801909308
Hipp,39,39.1,1752,Still,6.427430962
Hipp,39,39.1,1752,Moving,8.659231694
Hipp,39,39.1,1753,SWD,4.992840095
Hipp,39,39.1,1753,Still,5.462834982
Hipp,39,39.1,1753,Moving,8.152625918
Hipp,39,39.1,1754,SWD,2.009546539
Hipp,39,39.1,1754,Still,2.748103782
Hipp,39,39.1,1754,Moving,3.532436459
Visual,39,39.1,1755,SWD,2.966587112
Visual,39,39.1,1755,Still,3.66520801
Visual,39,39.1,1755,Moving,3.954838005
Visual,39,39.1,1756,SWD,0.1002386635
Visual,39,39.1,1756,Still,0.2169217838
Visual,39,39.1,1756,Moving,0.1490828986
Visual,39,39.1,1757,SWD,0.1217183771
Visual,39,39.1,1757,Still,0.1992728221
Visual,39,39.1,1757,Moving,0.01104317767
Visual,39,39.1,1758,SWD,0.2505966587
Visual,39,39.1,1758,Still,0.2467645736
Visual,39,39.1,1758,Moving,0.08696502419
Visual,39,39.1,1759,SWD,4.329355609
Visual,39,39.1,1759,Still,7.657082257
Visual,39,39.1,1759,Moving,3.711888096
Visual,39,39.1,1760,SWD,0.1169451074
Visual,39,39.1,1760,Still,0.2961816664
Visual,39,39.1,1760,Moving,0.1062905851
Hipp,39,39.1,1761,SWD,21.33174224
Hipp,39,39.1,1761,Still,21.34208716
Hipp,39,39.1,1761,Moving,30.95954861
Hipp,39,39.1,1762,SWD,1.412887828
Hipp,39,39.1,1762,Still,1.106750344
Hipp,39,39.1,1762,Moving,0.3437189051
Hipp,39,39.1,1763,SWD,1.121718377
Hipp,39,39.1,1763,Still,1.47834121
Hipp,39,39.1,1763,Moving,0.9717996353
Hipp,39,39.1,1764,SWD,8.522673031
Hipp,39,39.1,1764,Still,5.567766082
Hipp,39,39.1,1764,Moving,2.73042568
Hipp,39,39.1,1765,SWD,4.171837709
Hipp,39,39.1,1765,Still,4.055410509
Hipp,39,39.1,1765,Moving,4.912833668
Visual,39,39.1,1766,SWD,1.446300716
Visual,39,39.1,1766,Still,1.295112899
Visual,39,39.1,1766,Moving,2.134094086
Visual,39,39.1,1767,SWD,0.6491646778
Visual,39,39.1,1767,Still,0.5891544307
Visual,39,39.1,1767,Moving,0.5618216642
Visual,39,39.1,1768,SWD,1.403341289
Visual,39,39.1,1768,Still,1.049952776
Visual,39,39.1,1768,Moving,0.5383549116
Hipp,39,39.2,1769,SWD,18.80340653
Hipp,39,39.2,1769,Still,16.99916666
Hipp,39,39.2,1769,Moving,28.38265637
Hipp,39,39.2,1770,SWD,5.855150723
Hipp,39,39.2,1770,Still,4.614028641
Hipp,39,39.2,1770,Moving,10.38834383
Hipp,39,39.2,1771,SWD,0.5888181988
Hipp,39,39.2,1771,Still,4.227905022
Hipp,39,39.2,1771,Moving,13.79037456
Hipp,39,39.2,1772,SWD,7.635966739
Hipp,39,39.2,1772,Still,6.727575844
Hipp,39,39.2,1772,Moving,9.592511644
Visual,39,39.2,1773,SWD,2.444313596
Visual,39,39.2,1773,Still,2.406179729
Visual,39,39.2,1773,Moving,2.545447992
Visual,39,39.2,1774,SWD,14.88991972
Visual,39,39.2,1774,Still,10.31482369
Visual,39,39.2,1774,Moving,30.46032513
Visual,39,39.2,1775,SWD,1.418908245
Visual,39,39.2,1775,Still,1.702024269
Visual,39,39.2,1775,Moving,5.078745874
Visual,39,39.2,1776,SWD,0.1292527753
Visual,39,39.2,1776,Still,0.2177856105
Visual,39,39.2,1776,Moving,0.04252538411
Visual,39,39.2,1777,SWD,0.2283465698
Visual,39,39.2,1777,Still,0.5358174511
Visual,39,39.2,1777,Moving,0.1822516462
Visual,39,39.2,1778,SWD,0.860249027
Visual,39,39.2,1778,Still,1.896572209
Visual,39,39.2,1778,Moving,3.055752601
Hipp,39,39.2,1779,SWD,6.580402407
Hipp,39,39.2,1779,Still,9.542576452
Hipp,39,39.2,1779,Moving,15.86804333
Hipp,39,39.2,1780,SWD,6.522956729
Hipp,39,39.2,1780,Still,7.149636791
Hipp,39,39.2,1780,Moving,14.27637895
Hipp,39,39.2,1781,SWD,4.101621404
Hipp,39,39.2,1781,Still,5.911825524
Hipp,39,39.2,1781,Moving,12.86696622
Hipp,39,39.2,1782,SWD,3.392167282
Hipp,39,39.2,1782,Still,1.970068097
Hipp,39,39.2,1782,Moving,5.765227074
Visual,39,39.2,1783,SWD,3.952262642
Visual,39,39.2,1783,Still,3.892850236
Visual,39,39.2,1783,Moving,8.978931102
Visual,39,39.2,1784,SWD,1.54098031
Visual,39,39.2,1784,Still,1.678246187
Visual,39,39.2,1784,Moving,1.731390639
Visual,39,39.2,1785,SWD,2.022087863
Visual,39,39.2,1785,Still,2.441846851
Visual,39,39.2,1785,Moving,3.481006442
Visual,39,39.2,1786,SWD,2.83781649
Visual,39,39.2,1786,Still,3.39972525
Visual,39,39.2,1786,Moving,4.957244776
Visual,39,39.2,1787,SWD,0.8229093364
Visual,39,39.2,1787,Still,1.546385917
Visual,39,39.2,1787,Moving,3.019302272
Visual,39,39.2,1788,SWD,5.338139622
Visual,39,39.2,1788,Still,3.075748889
Visual,39,39.2,1788,Moving,12.15010975
Visual,39,39.2,1789,SWD,6.396576238
Visual,39,39.2,1789,Still,7.745710063
Visual,39,39.2,1789,Moving,7.721394743
Visual,39,39.2,1790,SWD,1.059872758
Visual,39,39.2,1790,Still,0.9273451802
Visual,39,39.2,1790,Moving,1.89541712
Visual,39,39.2,1791,SWD,1.148913559
Visual,39,39.2,1791,Still,2.054912615
Visual,39,39.2,1791,Moving,1.287911633
Visual,39,39.2,1792,SWD,0.498341256
Visual,39,39.2,1792,Still,0.774408883
Visual,39,39.2,1792,Moving,0.6743310909
Caudoputamen,40,40.1,1793,SWD,1.192737218
Caudoputamen,40,40.1,1793,Still,0.9414893708
Caudoputamen,40,40.1,1793,Moving,1.295421763
Caudoputamen,40,40.1,1794,SWD,3.771936489
Caudoputamen,40,40.1,1794,Still,0.8211644961
Caudoputamen,40,40.1,1794,Moving,2.19151891
Somatosensory,40,40.1,1795,SWD,1.504216364
Somatosensory,40,40.1,1795,Still,7.755978581
Somatosensory,40,40.1,1795,Moving,8.230112098
Somatosensory,40,40.1,1796,SWD,5.165995594
Somatosensory,40,40.1,1796,Still,1.895644518
Somatosensory,40,40.1,1796,Moving,0.9522356212
Somatosensory,40,40.1,1797,SWD,1.207931323
Somatosensory,40,40.1,1797,Still,4.60642221
Somatosensory,40,40.1,1797,Moving,4.741582601
Somatosensory,40,40.1,1798,SWD,0.1823292562
Somatosensory,40,40.1,1798,Still,0.123943668
Somatosensory,40,40.1,1798,Moving,0.6079902631
Somatosensory,40,40.1,1799,SWD,10.79541138
Somatosensory,40,40.1,1799,Still,9.521346543
Somatosensory,40,40.1,1799,Moving,10.60169781
Somatosensory,40,40.1,1800,SWD,6.176403555
Somatosensory,40,40.1,1800,Still,8.432692914
Somatosensory,40,40.1,1800,Moving,10.78600148
Somatosensory,40,40.1,1801,SWD,1.963838031
Somatosensory,40,40.1,1801,Still,6.107919833
Somatosensory,40,40.1,1801,Moving,8.253944469
Somatosensory,40,40.1,1802,SWD,8.014890223
Somatosensory,40,40.1,1802,Still,18.69800303
Somatosensory,40,40.1,1802,Moving,18.54635107
Somatosensory,40,40.1,1803,SWD,1.842285193
Somatosensory,40,40.1,1803,Still,1.896549216
Somatosensory,40,40.1,1803,Moving,1.115884568
Somatosensory,40,40.1,1804,SWD,2.5108258
Somatosensory,40,40.1,1804,Still,1.123936863
Somatosensory,40,40.1,1804,Moving,0.4591703468
Somatosensory,40,40.1,1805,SWD,1.116766695
Somatosensory,40,40.1,1805,Still,0.7044584146
Somatosensory,40,40.1,1805,Moving,0.3749626361
Somatosensory,40,40.1,1806,SWD,2.488034643
Somatosensory,40,40.1,1806,Still,2.490634437
Somatosensory,40,40.1,1806,Moving,2.32127293
Somatosensory,40,40.1,1807,SWD,0.1519410469
Somatosensory,40,40.1,1807,Still,0.2892018919
Somatosensory,40,40.1,1807,Moving,0.1816556274
Somatosensory,40,40.1,1808,SWD,0.1671351516
Somatosensory,40,40.1,1808,Still,0.392639065
Somatosensory,40,40.1,1808,Moving,0.1159842052
Somatosensory,40,40.1,1809,SWD,0.265896832
Somatosensory,40,40.1,1809,Still,0.1812412274
Somatosensory,40,40.1,1809,Moving,0.06408259742
Somatosensory,40,40.1,1810,SWD,0.2317100965
Somatosensory,40,40.1,1810,Still,0.3136287462
Somatosensory,40,40.1,1810,Moving,0.1392869679
Caudoputamen,40,40.1,1811,SWD,1.143356378
Caudoputamen,40,40.1,1811,Still,1.117905541
Caudoputamen,40,40.1,1811,Moving,0.6726024688
Caudoputamen,40,40.1,1812,SWD,18.05059637
Caudoputamen,40,40.1,1812,Still,15.65731202
Caudoputamen,40,40.1,1812,Moving,29.84766137
Caudoputamen,40,40.1,1813,SWD,6.525867963
Caudoputamen,40,40.1,1813,Still,9.470381871
Caudoputamen,40,40.1,1813,Moving,15.58319295
Caudoputamen,40,40.1,1814,SWD,0.8432728101
Caudoputamen,40,40.1,1814,Still,0.05247250177
Caudoputamen,40,40.1,1814,Moving,0.1212802877
Caudoputamen,40,40.1,1815,SWD,1.663754463
Caudoputamen,40,40.1,1815,Still,1.012055839
Caudoputamen,40,40.1,1815,Moving,2.576014495
Caudoputamen,40,40.1,1816,SWD,7.038668996
Caudoputamen,40,40.1,1816,Still,7.588307828
Caudoputamen,40,40.1,1816,Moving,3.088675274
Caudoputamen,40,40.1,1817,SWD,0.3456658816
Caudoputamen,40,40.1,1817,Still,1.346492646
Caudoputamen,40,40.1,1817,Moving,1.678328522
Somatosensory,40,40.1,1818,SWD,0.7445111297
Somatosensory,40,40.1,1818,Still,1.982797121
Somatosensory,40,40.1,1818,Moving,3.767633042
Caudoputamen,40,40.1,1819,SWD,0.01899263086
Caudoputamen,40,40.1,1819,Still,0.1547034104
Caudoputamen,40,40.1,1819,Moving,0.03548375229
Somatosensory,40,40.1,1820,SWD,0.5697789258
Somatosensory,40,40.1,1820,Still,2.511140932
Somatosensory,40,40.1,1820,Moving,1.579291781
Somatosensory,40,40.1,1821,SWD,1.489022259
Somatosensory,40,40.1,1821,Still,2.292807074
Somatosensory,40,40.1,1821,Moving,0.581509851
Somatosensory,40,40.1,1822,SWD,9.933145939
Somatosensory,40,40.1,1822,Still,10.13322416
Somatosensory,40,40.1,1822,Moving,10.60010899
Somatosensory,40,40.1,1823,SWD,3.255336929
Somatosensory,40,40.1,1823,Still,4.832898353
Somatosensory,40,40.1,1823,Moving,9.264966605
Somatosensory,40,40.1,1824,SWD,7.604649396
Somatosensory,40,40.1,1824,Still,11.8756731
Somatosensory,40,40.1,1824,Moving,15.18227951
Somatosensory,40,40.1,1825,SWD,0.6267568184
Somatosensory,40,40.1,1825,Still,1.388108768
Somatosensory,40,40.1,1825,Moving,2.04693586
Somatosensory,40,40.1,1826,SWD,1.063587328
Somatosensory,40,40.1,1826,Still,2.052458891
Somatosensory,40,40.1,1826,Moving,3.859784876
Somatosensory,40,40.1,1827,SWD,6.195396186
Somatosensory,40,40.1,1827,Still,15.8665989
Somatosensory,40,40.1,1827,Moving,22.86265825
Somatosensory,40,40.1,1828,SWD,4.345513941
Somatosensory,40,40.1,1828,Still,4.420054359
Somatosensory,40,40.1,1828,Moving,5.015919671
Somatosensory,40,40.1,1829,SWD,12.26164248
Somatosensory,40,40.1,1829,Still,16.77370973
Somatosensory,40,40.1,1829,Moving,23.91816748
Somatosensory,40,40.1,1830,SWD,2.601990428
Somatosensory,40,40.1,1830,Still,4.43000604
Somatosensory,40,40.1,1830,Moving,2.968983811
Somatosensory,40,40.1,1831,SWD,1.15095343
Somatosensory,40,40.1,1831,Still,2.122422227
Somatosensory,40,40.1,1831,Moving,2.262486415
Somatosensory,40,40.1,1832,SWD,4.413887412
Somatosensory,40,40.1,1832,Still,3.800034453
Somatosensory,40,40.1,1832,Moving,5.13667035
Somatosensory,40,40.1,1833,SWD,0.110157259
Somatosensory,40,40.1,1833,Still,1.490942809
Somatosensory,40,40.1,1833,Moving,2.29691095
Somatosensory,40,40.1,1834,SWD,0.6609435539
Somatosensory,40,40.1,1834,Still,3.219821272
Somatosensory,40,40.1,1834,Moving,3.358775478
Somatosensory,40,40.1,1835,SWD,0.3152776723
Somatosensory,40,40.1,1835,Still,0.4683321566
Somatosensory,40,40.1,1835,Moving,0.04395748418
Somatosensory,40,40.1,1836,SWD,0.2734938844
Somatosensory,40,40.1,1836,Still,0.283472136
Somatosensory,40,40.1,1836,Moving,1.122239867
Somatosensory,40,40.1,1837,SWD,1.435842893
Somatosensory,40,40.1,1837,Still,1.030149805
Somatosensory,40,40.1,1837,Moving,0.7546917465
Somatosensory,40,40.1,1838,SWD,1.785307301
Somatosensory,40,40.1,1838,Still,4.290682501
Somatosensory,40,40.1,1838,Moving,8.727943847
Somatosensory,40,40.1,1839,SWD,0.2051204133
Somatosensory,40,40.1,1839,Still,1.385093107
Somatosensory,40,40.1,1839,Moving,0.6996124892
Somatosensory,40,40.1,1840,SWD,2.48043759
Somatosensory,40,40.1,1840,Still,2.080806105
Somatosensory,40,40.1,1840,Moving,2.213232848
Somatosensory,40,40.1,1841,SWD,1.340879739
Somatosensory,40,40.1,1841,Still,1.700229684
Somatosensory,40,40.1,1841,Moving,1.057098053
Somatosensory,40,40.1,1842,SWD,6.620831118
Somatosensory,40,40.1,1842,Still,5.091340502
Somatosensory,40,40.1,1842,Moving,6.741383327
Somatosensory,40,40.1,1843,SWD,0.6609435539
Somatosensory,40,40.1,1843,Still,1.686357643
Somatosensory,40,40.1,1843,Moving,0.8998044051
Caudoputamen,40,40.1,1844,SWD,2.309503912
Caudoputamen,40,40.1,1844,Still,0.6049416009
Caudoputamen,40,40.1,1844,Moving,2.780443276
Caudoputamen,40,40.1,1845,SWD,1.496619312
Caudoputamen,40,40.1,1845,Still,0.5967993161
Caudoputamen,40,40.1,1845,Moving,1.826618831
Caudoputamen,40,40.2,1846,SWD,1.197699852
Caudoputamen,40,40.2,1846,Still,0.1834901382
Caudoputamen,40,40.2,1846,Moving,0.8894910674
Caudoputamen,40,40.2,1847,SWD,3.122133634
Caudoputamen,40,40.2,1847,Still,4.490679698
Caudoputamen,40,40.2,1847,Moving,3.962278391
Caudoputamen,40,40.2,1848,SWD,1.712763706
Caudoputamen,40,40.2,1848,Still,2.783003744
Caudoputamen,40,40.2,1848,Moving,6.159051785
Caudoputamen,40,40.2,1849,SWD,1.589289494
Caudoputamen,40,40.2,1849,Still,2.25394751
Caudoputamen,40,40.2,1849,Moving,4.218344001
Caudoputamen,40,40.2,1850,SWD,5.173569463
Caudoputamen,40,40.2,1850,Still,5.813320283
Caudoputamen,40,40.2,1850,Moving,17.6280957
Caudoputamen,40,40.2,1851,SWD,0.2592958442
Caudoputamen,40,40.2,1851,Still,0.5714647096
Caudoputamen,40,40.2,1851,Moving,0.02695427477
Caudoputamen,40,40.2,1852,SWD,0.453326748
Caudoputamen,40,40.2,1852,Still,1.855685734
Caudoputamen,40,40.2,1852,Moving,1.846367822
Caudoputamen,40,40.2,1853,SWD,0.407464898
Caudoputamen,40,40.2,1853,Still,0.6359171952
Caudoputamen,40,40.2,1853,Moving,0.1212942365
Caudoputamen,40,40.2,1854,SWD,0.3051576942
Caudoputamen,40,40.2,1854,Still,1.083095678
Caudoputamen,40,40.2,1854,Moving,0.4851769458
Somatosensory,40,40.2,1855,SWD,0.03351442884
Somatosensory,40,40.2,1855,Still,0.2147716377
Somatosensory,40,40.2,1855,Moving,0.06738568692
Somatosensory,40,40.2,1856,SWD,2.758766669
Somatosensory,40,40.2,1856,Still,0.9113623455
Somatosensory,40,40.2,1856,Moving,0.4716998084
Somatosensory,40,40.2,1857,SWD,12.606717
Somatosensory,40,40.2,1857,Still,18.2946386
Somatosensory,40,40.2,1857,Moving,16.67121894
Somatosensory,40,40.2,1858,SWD,1.388202921
Somatosensory,40,40.2,1858,Still,2.765368536
Somatosensory,40,40.2,1858,Moving,2.075479157
Somatosensory,40,40.2,1859,SWD,10.79693784
Somatosensory,40,40.2,1859,Still,14.38214178
Somatosensory,40,40.2,1859,Moving,6.738568692
Somatosensory,40,40.2,1860,SWD,5.939109575
Somatosensory,40,40.2,1860,Still,6.719434054
Somatosensory,40,40.2,1860,Moving,7.668491172
Somatosensory,40,40.2,1861,SWD,3.651308827
Somatosensory,40,40.2,1861,Still,3.36559543
Somatosensory,40,40.2,1861,Moving,2.830198851
Somatosensory,40,40.2,1862,SWD,1.860932759
Somatosensory,40,40.2,1862,Still,2.466619718
Somatosensory,40,40.2,1862,Moving,0.8894910674
Somatosensory,40,40.2,1863,SWD,1.846821421
Somatosensory,40,40.2,1863,Still,4.561010586
Somatosensory,40,40.2,1863,Moving,1.037739579
Somatosensory,40,40.2,1864,SWD,0.407464898
Somatosensory,40,40.2,1864,Still,0.3180635691
Somatosensory,40,40.2,1864,Moving,0.175202786
Caudoputamen,40,40.2,1865,SWD,0.5573978692
Caudoputamen,40,40.2,1865,Still,0.1098001628
Caudoputamen,40,40.2,1865,Moving,0.01347713738
Caudoputamen,40,40.2,1866,SWD,1.185352431
Caudoputamen,40,40.2,1866,Still,0.200915403
Caudoputamen,40,40.2,1866,Moving,0.3369284346
Caudoputamen,40,40.2,1867,SWD,8.911310238
Caudoputamen,40,40.2,1867,Still,13.453984
Caudoputamen,40,40.2,1867,Moving,10.26957869
Caudoputamen,40,40.2,1868,SWD,5.529880759
Caudoputamen,40,40.2,1868,Still,7.452554835
Caudoputamen,40,40.2,1868,Moving,3.787075605
Caudoputamen,40,40.2,1869,SWD,0.3298525365
Caudoputamen,40,40.2,1869,Still,0.6686682954
Caudoputamen,40,40.2,1869,Moving,1.199465227
Caudoputamen,40,40.2,1870,SWD,2.996895506
Caudoputamen,40,40.2,1870,Still,4.759406674
Caudoputamen,40,40.2,1870,Moving,6.927248615
Caudoputamen,40,40.2,1871,SWD,2.95456149
Caudoputamen,40,40.2,1871,Still,3.56777049
Caudoputamen,40,40.2,1871,Moving,6.253391746
Caudoputamen,40,40.2,1872,SWD,0.1093628731
Caudoputamen,40,40.2,1872,Still,1.290519313
Caudoputamen,40,40.2,1872,Moving,0.6199483197
Caudoputamen,40,40.2,1873,SWD,8.809003034
Caudoputamen,40,40.2,1873,Still,11.18450071
Caudoputamen,40,40.2,1873,Moving,6.913771478
Caudoputamen,40,40.2,1874,SWD,0.3227968673
Caudoputamen,40,40.2,1874,Still,2.016711977
Caudoputamen,40,40.2,1874,Moving,1.428576563
Caudoputamen,40,40.2,1875,SWD,0.06350102307
Caudoputamen,40,40.2,1875,Still,0.2689369188
Caudoputamen,40,40.2,1875,Moving,0.4986540832
Caudoputamen,40,40.2,1876,SWD,0.3086855288
Caudoputamen,40,40.2,1876,Still,2.272212547
Caudoputamen,40,40.2,1876,Moving,6.576843043
Somatosensory,40,40.2,1877,SWD,0.01587525577
Somatosensory,40,40.2,1877,Still,0.1463302361
Somatosensory,40,40.2,1877,Moving,0
Somatosensory,40,40.2,1878,SWD,0.3421999577
Somatosensory,40,40.2,1878,Still,0.9621685394
Somatosensory,40,40.2,1878,Moving,0.3234512972
Somatosensory,40,40.2,1879,SWD,0.06350102307
Somatosensory,40,40.2,1879,Still,0.1030819884
Somatosensory,40,40.2,1879,Moving,0.05390854954
Somatosensory,40,40.2,1880,SWD,2.582374938
Somatosensory,40,40.2,1880,Still,1.227326485
Somatosensory,40,40.2,1880,Moving,0.2830198851
Somatosensory,40,40.2,1881,SWD,0.05644535384
Somatosensory,40,40.2,1881,Still,0.2869920125
Somatosensory,40,40.2,1881,Moving,0.0808628243
Somatosensory,40,40.2,1882,SWD,1.668665773
Somatosensory,40,40.2,1882,Still,3.960783693
Somatosensory,40,40.2,1882,Moving,4.811338046
Somatosensory,40,40.2,1883,SWD,0.1128907077
Somatosensory,40,40.2,1883,Still,0.5943484911
Somatosensory,40,40.2,1883,Moving,0.4986540832
Somatosensory,40,40.2,1884,SWD,0.07937627884
Somatosensory,40,40.2,1884,Still,0.2353460468
Somatosensory,40,40.2,1884,Moving,0.06738568692
Somatosensory,40,40.2,1885,SWD,11.21145841
Somatosensory,40,40.2,1885,Still,20.961124
Somatosensory,40,40.2,1885,Moving,66.90050997
Somatosensory,40,40.2,1886,SWD,7.332604248
Somatosensory,40,40.2,1886,Still,10.64767659
Somatosensory,40,40.2,1886,Moving,11.95422086
Somatosensory,40,40.2,1887,SWD,15.9599238
Somatosensory,40,40.2,1887,Still,26.05769905
Somatosensory,40,40.2,1887,Moving,35.51225701
Somatosensory,40,40.2,1888,SWD,9.717420447
Somatosensory,40,40.2,1888,Still,13.74895385
Somatosensory,40,40.2,1888,Moving,9.460950444
Somatosensory,40,40.2,1889,SWD,10.17427503
Somatosensory,40,40.2,1889,Still,19.93177372
Somatosensory,40,40.2,1889,Moving,29.24538812
Somatosensory,40,40.2,1890,SWD,19.02208424
Somatosensory,40,40.2,1890,Still,21.13684625
Somatosensory,40,40.2,1890,Moving,40.08100658
Somatosensory,40,40.2,1891,SWD,5.635715798
Somatosensory,40,40.2,1891,Still,8.779604222
Somatosensory,40,40.2,1891,Moving,8.072805293
Somatosensory,40,40.2,1892,SWD,0.09701545192
Somatosensory,40,40.2,1892,Still,0.2958096164
Somatosensory,40,40.2,1892,Moving,0.4312683963
Somatosensory,40,40.2,1893,SWD,0.9101813307
Somatosensory,40,40.2,1893,Still,2.875378642
Somatosensory,40,40.2,1893,Moving,2.803244576
Somatosensory,40,40.2,1894,SWD,1.019544204
Somatosensory,40,40.2,1894,Still,2.628695676
Somatosensory,40,40.2,1894,Moving,1.630733623
Somatosensory,40,40.2,1895,SWD,2.028504904
Somatosensory,40,40.2,1895,Still,2.598673834
Somatosensory,40,40.2,1895,Moving,2.048524882
Somatosensory,40,40.2,1896,SWD,1.69688845
Somatosensory,40,40.2,1896,Still,2.870130068
Somatosensory,40,40.2,1896,Moving,3.50405572
Somatosensory,40,40.2,1897,SWD,1.516968884
Somatosensory,40,40.2,1897,Still,0.8055510987
Somatosensory,40,40.2,1897,Moving,13.00543758
Caudoputamen,40,40.2,1898,SWD,3.136244973
Caudoputamen,40,40.2,1898,Still,6.635666817
Caudoputamen,40,40.2,1898,Moving,4.07009549
Caudoputamen,40,40.2,1899,SWD,1.658082269
Caudoputamen,40,40.2,1899,Still,0.3220524851
Caudoputamen,40,40.2,1899,Moving,0.7412425561
Caudoputamen,40,40.2,1900,SWD,0.476257673
Caudoputamen,40,40.2,1900,Still,3.565251175
Caudoputamen,40,40.2,1900,Moving,14.24533422
Frontal,41,41.1,1901,SWD,3.675758279
Frontal,41,41.1,1901,Still,4.253447247
Frontal,41,41.1,1901,Moving,5.91333958
Frontal,41,41.1,1902,SWD,9.207133209
Frontal,41,41.1,1902,Still,5.534839936
Frontal,41,41.1,1902,Moving,8.769005122
Frontal,41,41.1,1903,SWD,1.56908761
Frontal,41,41.1,1903,Still,1.343268365
Frontal,41,41.1,1903,Moving,1.138593335
Frontal,41,41.1,1904,SWD,4.199697098
Frontal,41,41.1,1904,Still,6.650421987
Frontal,41,41.1,1904,Moving,6.868288829
Frontal,41,41.1,1905,SWD,4.697711861
Frontal,41,41.1,1905,Still,5.567597647
Frontal,41,41.1,1905,Moving,3.400476332
Frontal,41,41.1,1906,SWD,8.452606732
Frontal,41,41.1,1906,Still,6.666194219
Frontal,41,41.1,1906,Moving,6.911139116
Frontal,41,41.1,1907,SWD,1.861074347
Frontal,41,41.1,1907,Still,2.722934187
Frontal,41,41.1,1907,Moving,2.044570828
Frontal,41,41.1,1908,SWD,1.715080979
Frontal,41,41.1,1908,Still,1.408581579
Frontal,41,41.1,1908,Moving,5.209370582
Frontal,41,41.1,1909,SWD,6.213586934
Frontal,41,41.1,1909,Still,7.679256767
Frontal,41,41.1,1909,Moving,9.834140823
Frontal,41,41.1,1910,SWD,1.324855712
Frontal,41,41.1,1910,Still,2.155538277
Frontal,41,41.1,1910,Moving,0.348923764
Frontal,41,41.1,1911,SWD,1.423094241
Frontal,41,41.1,1911,Still,2.100942092
Frontal,41,41.1,1911,Moving,0.5019605026
Frontal,41,41.1,1912,SWD,8.136060362
Frontal,41,41.1,1912,Still,2.564807458
Frontal,41,41.1,1912,Moving,1.661978981
Frontal,41,41.1,1913,SWD,7.961414089
Frontal,41,41.1,1913,Still,9.389330614
Frontal,41,41.1,1913,Moving,11.50836274
Frontal,41,41.1,1914,SWD,1.653681898
Frontal,41,41.1,1914,Still,0.843409958
Frontal,41,41.1,1914,Moving,0.3213771511
Frontal,41,41.1,1915,SWD,5.183446808
Frontal,41,41.1,1915,Still,2.571682533
Frontal,41,41.1,1915,Moving,3.063795507
Frontal,41,41.1,1916,SWD,3.692131367
Frontal,41,41.1,1916,Still,3.94973069
Frontal,41,41.1,1916,Moving,6.329599509
Frontal,41,41.1,1917,SWD,1.01786031
Frontal,41,41.1,1917,Still,1.52626669
Frontal,41,41.1,1917,Moving,6.329599509
Frontal,41,41.1,1918,SWD,4.206519218
Frontal,41,41.1,1918,Still,2.937274766
Frontal,41,41.1,1918,Moving,8.692486753
Frontal,41,41.1,1919,SWD,0.5635071155
Frontal,41,41.1,1919,Still,3.131192328
Frontal,41,41.1,1919,Moving,5.720513289
Frontal,41,41.1,1920,SWD,1.802404115
Frontal,41,41.1,1920,Still,3.892910216
Frontal,41,41.1,1920,Moving,12.54595183
Frontal,41,41.1,1921,SWD,1.518603921
Frontal,41,41.1,1921,Still,2.091033895
Frontal,41,41.1,1921,Moving,1.567096203
Frontal,41,41.1,1922,SWD,3.888608424
Frontal,41,41.1,1922,Still,5.335462755
Frontal,41,41.1,1922,Moving,8.009942899
Frontal,41,41.1,1923,SWD,21.86625916
Frontal,41,41.1,1923,Still,20.9540159
Frontal,41,41.1,1923,Moving,23.56765775
Frontal,41,41.1,1924,SWD,0.3438348501
Frontal,41,41.1,1924,Still,0.6056132401
Frontal,41,41.1,1924,Moving,0.6029647501
Frontal,41,41.1,1925,SWD,1.739640611
Frontal,41,41.1,1925,Still,1.460549059
Frontal,41,41.1,1925,Moving,0.7835481017
Frontal,41,41.1,1926,SWD,4.441200147
Frontal,41,41.1,1926,Still,2.75973606
Frontal,41,41.1,1926,Moving,3.115827998
Frontal,41,41.1,1927,SWD,0.03820387224
Frontal,41,41.1,1927,Still,0.1785497466
Frontal,41,41.1,1927,Moving,0.01224293909
Frontal,41,41.1,1928,SWD,1.006944918
Frontal,41,41.1,1928,Still,2.218424994
Frontal,41,41.1,1928,Moving,0.2264943731
Frontal,41,41.1,1929,SWD,0.1173404647
Frontal,41,41.1,1929,Still,0.2155538277
Frontal,41,41.1,1929,Moving,0.003060734772
Frontal,41,41.1,1930,SWD,13.4463986
Frontal,41,41.1,1930,Still,3.613054215
Frontal,41,41.1,1930,Moving,1.065135701
Frontal,41,41.1,1931,SWD,5.064741919
Frontal,41,41.1,1931,Still,6.291098205
Frontal,41,41.1,1931,Moving,6.384692735
Frontal,41,41.1,1932,SWD,0.4257002906
Frontal,41,41.1,1932,Still,1.4190964
Frontal,41,41.1,1932,Moving,2.010902745
Frontal,41,41.1,1933,SWD,3.154548307
Frontal,41,41.1,1933,Still,4.579204486
Frontal,41,41.1,1933,Moving,1.802772781
Frontal,41,41.1,1934,SWD,0.2032991773
Frontal,41,41.1,1934,Still,0.3138269611
Frontal,41,41.1,1934,Moving,0.107125717
Frontal,41,41.1,1935,SWD,2.63470276
Frontal,41,41.1,1935,Still,4.977756638
Frontal,41,41.1,1935,Moving,6.191866444
Frontal,41,41.1,1936,SWD,5.422221009
Frontal,41,41.1,1936,Still,3.126945958
Frontal,41,41.1,1936,Moving,0.5295071156
Frontal,41,41.1,1937,SWD,11.0027152
Frontal,41,41.1,1937,Still,6.405750194
Frontal,41,41.1,1937,Moving,6.92032132
Frontal,41,41.1,1938,SWD,1.560901066
Frontal,41,41.1,1938,Still,4.274476889
Frontal,41,41.1,1938,Moving,10.81051522
Frontal,41,41.1,1939,SWD,0.5184811232
Frontal,41,41.1,1939,Still,0.209689793
Frontal,41,41.1,1939,Moving,0.3978955204
Frontal,41,41.1,1940,SWD,11.7695215
Frontal,41,41.1,1940,Still,9.041734901
Frontal,41,41.1,1940,Moving,19.76622516
Frontal,41,41.1,1941,SWD,0.2496895935
Frontal,41,41.1,1941,Still,0.3370808919
Frontal,41,41.1,1941,Moving,0.1867048211
Frontal,41,41.1,1942,SWD,2.114857213
Frontal,41,41.1,1942,Still,0.6126905233
Frontal,41,41.1,1942,Moving,0.03060734772
Frontal,41,41.1,1943,SWD,15.52850964
Frontal,41,41.1,1943,Still,13.27678121
Frontal,41,41.1,1943,Moving,21.79243158
Frontal,41,41.1,1944,SWD,0.7286024205
Frontal,41,41.1,1944,Still,2.109030415
Frontal,41,41.1,1944,Moving,2.151696545
Frontal,41,41.1,1945,SWD,1.214337367
Frontal,41,41.1,1945,Still,1.119221798
Frontal,41,41.1,1945,Moving,0.08263983885
Frontal,41,41.1,1946,SWD,1.500866409
Frontal,41,41.1,1946,Still,1.352772146
Frontal,41,41.1,1946,Moving,0.241798047
Frontal,41,41.1,1947,SWD,1.870625316
Frontal,41,41.1,1947,Still,0.4749868117
Frontal,41,41.1,1947,Moving,0.07957910408
Frontal,41,41.1,1948,SWD,0.1268914328
Frontal,41,41.1,1948,Still,0.1597443939
Frontal,41,41.1,1948,Moving,0.003060734772
Frontal,41,41.1,1949,SWD,7.392449278
Frontal,41,41.1,1949,Still,11.92785102
Frontal,41,41.1,1949,Moving,24.79195166
Frontal,41,41.1,1950,SWD,3.044029963
Frontal,41,41.1,1950,Still,3.603954851
Frontal,41,41.1,1950,Moving,6.957050137
Frontal,41,41.1,1951,SWD,3.379678269
Frontal,41,41.1,1951,Still,6.288873916
Frontal,41,41.1,1951,Moving,10.55035276
Frontal,41,41.1,1952,SWD,0.1937482092
Frontal,41,41.1,1952,Still,0.7427103275
Frontal,41,41.1,1952,Moving,0.3274986206
Frontal,41,41.1,1953,SWD,1.802404115
Frontal,41,41.1,1953,Still,3.898976459
Frontal,41,41.1,1953,Moving,3.715732013
Frontal,41,41.1,1954,SWD,0.4202425946
Frontal,41,41.1,1954,Still,2.484126429
Frontal,41,41.1,1954,Moving,2.393494592
Frontal,41,41.1,1955,SWD,1.288016264
Frontal,41,41.1,1955,Still,3.384963485
Frontal,41,41.1,1955,Moving,2.932183912
Frontal,41,41.1,1956,SWD,1.514510649
Frontal,41,41.1,1956,Still,0.5726533208
Frontal,41,41.1,1956,Moving,0.2938305381
Frontal,41,41.1,1957,SWD,1.537705857
Frontal,41,41.1,1957,Still,1.644154008
Frontal,41,41.1,1957,Moving,0.06733616499
Frontal,41,41.1,1958,SWD,0.2674271056
Frontal,41,41.1,1958,Still,0.2301128104
Frontal,41,41.1,1958,Moving,0.07651836931
Frontal,41,41.1,1959,SWD,0.4311579867
Frontal,41,41.1,1959,Still,1.116390884
Frontal,41,41.1,1959,Moving,0.685604589
Frontal,41,41.1,1960,SWD,15.15465746
Frontal,41,41.1,1960,Still,12.96760504
Frontal,41,41.1,1960,Moving,12.49391934
Frontal,41,41.1,1961,SWD,1.365788432
Frontal,41,41.1,1961,Still,0.8842559929
Frontal,41,41.1,1961,Moving,1.386512852
Frontal,41,41.1,1962,SWD,0.4666330109
Frontal,41,41.1,1962,Still,0.9192379931
Frontal,41,41.1,1962,Moving,0.2173121688
Frontal,41,41.1,1963,SWD,1.477671201
Frontal,41,41.1,1963,Still,0.7627289287
Frontal,41,41.1,1963,Moving,1.040649823
Frontal,41,41.1,1964,SWD,0.2974444338
Frontal,41,41.1,1964,Still,0.9350102244
Frontal,41,41.1,1964,Moving,0.3519844988
Frontal,41,41.1,1965,SWD,4.584464668
Frontal,41,41.1,1965,Still,3.792210586
Frontal,41,41.1,1965,Moving,2.929123177
Frontal,41,41.1,1966,SWD,0.652194676
Frontal,41,41.1,1966,Still,0.3918792852
Frontal,41,41.1,1966,Moving,0.4529887463
Frontal,41,41.1,1967,SWD,1.848794531
Frontal,41,41.1,1967,Still,1.661948321
Frontal,41,41.1,1967,Moving,1.27020493
Frontal,41,41.1,1968,SWD,7.388356006
Frontal,41,41.1,1968,Still,25.62744936
Frontal,41,41.1,1968,Moving,25.16842203
Frontal,41,41.1,1969,SWD,3.707140031
Frontal,41,41.1,1969,Still,4.409754103
Frontal,41,41.1,1969,Moving,11.68282463
Frontal,41,41.1,1970,SWD,3.009919363
Frontal,41,41.1,1970,Still,6.530512588
Frontal,41,41.1,1970,Moving,5.500140386
Frontal,41,41.1,1971,SWD,2.056186981
Frontal,41,41.1,1971,Still,3.728717244
Frontal,41,41.1,1971,Moving,5.576658755
Frontal,41,41.1,1972,SWD,15.95693878
Frontal,41,41.1,1972,Still,12.88510413
Frontal,41,41.1,1972,Moving,12.94996882
Frontal,41,41.1,1973,SWD,4.741373429
Frontal,41,41.1,1973,Still,5.544545924
Frontal,41,41.1,1973,Moving,5.224674256
Frontal,41,41.1,1974,SWD,0.7422466606
Frontal,41,41.1,1974,Still,3.1829576
Frontal,41,41.1,1974,Moving,1.842562333
Frontal,41,41.1,1975,SWD,1.511781801
Frontal,41,41.1,1975,Still,0.4759978521
Frontal,41,41.1,1975,Moving,0.1714011472
Frontal,41,41.1,1976,SWD,1.424458665
Frontal,41,41.1,1976,Still,2.762162557
Frontal,41,41.1,1976,Moving,2.632231904
Frontal,41,41.1,1977,SWD,9.913904845
Frontal,41,41.1,1977,Still,10.70995167
Frontal,41,41.1,1977,Moving,21.59042308
Frontal,41,41.1,1978,SWD,3.648469798
Frontal,41,41.1,1978,Still,2.961539738
Frontal,41,41.1,1978,Moving,3.648395849
Frontal,41,41.1,1979,SWD,1.836514715
Frontal,41,41.1,1979,Still,3.747118181
Frontal,41,41.1,1979,Moving,3.960590795
Frontal,41,41.1,1980,SWD,1.54862125
Frontal,41,41.1,1980,Still,4.932462025
Frontal,41,41.1,1980,Moving,1.661978981
Frontal,41,41.1,1981,SWD,7.275108813
Frontal,41,41.1,1981,Still,3.723257626
Frontal,41,41.1,1981,Moving,4.122809738
Frontal,41,41.1,1982,SWD,16.21208607
Frontal,41,41.1,1982,Still,11.66922687
Frontal,41,41.1,1982,Moving,18.05527442
Frontal,41,41.1,1983,SWD,11.01226617
Frontal,41,41.1,1983,Still,12.28393947
Frontal,41,41.1,1983,Moving,20.95072952
Frontal,41,41.1,1984,SWD,7.72673316
Frontal,41,41.1,1984,Still,7.538722142
Frontal,41,41.1,1984,Moving,15.60362587
Frontal,41,41.1,1985,SWD,10.77758524
Frontal,41,41.1,1985,Still,0.2869332847
Frontal,41,41.1,1985,Moving,0.08263983885
Frontal,41,41.1,1986,SWD,2.488709391
Frontal,41,41.1,1986,Still,3.561086735
Frontal,41,41.1,1986,Moving,3.079099181
Frontal,41,41.1,1987,SWD,0.2906223138
Frontal,41,41.1,1987,Still,0.1904800241
Frontal,41,41.1,1987,Moving,0.2540409861
Frontal,41,41.1,1988,SWD,7.126386596
Frontal,41,41.1,1988,Still,5.09847487
Frontal,41,41.1,1988,Moving,11.49918054
Frontal,41,41.1,1989,SWD,6.435988048
Frontal,41,41.1,1989,Still,4.302381606
Frontal,41,41.1,1989,Moving,9.20362946
Frontal,41,41.1,1990,SWD,1.234803728
Frontal,41,41.1,1990,Still,2.15735815
Frontal,41,41.1,1990,Moving,4.398275868
Frontal,41,41.1,1991,SWD,0.6344571639
Frontal,41,41.1,1991,Still,0.4102802217
Frontal,41,41.1,1991,Moving,0.2938305381
Frontal,41,41.1,1992,SWD,1.3412288
Frontal,41,41.1,1992,Still,1.43608188
Frontal,41,41.1,1992,Moving,2.75772203
Frontal,41,41.1,1993,SWD,0.974198742
Frontal,41,41.1,1993,Still,1.942208738
Frontal,41,41.1,1993,Moving,4.695167141
Frontal,41,41.1,1994,SWD,1.163853679
Frontal,41,41.1,1994,Still,1.636672309
Frontal,41,41.1,1994,Moving,1.606885755
Frontal,41,41.1,1995,SWD,3.460179285
Frontal,41,41.1,1995,Still,2.742143956
Frontal,41,41.1,1995,Moving,3.256621798
Frontal,41,41.1,1996,SWD,0.05321253633
Frontal,41,41.1,1996,Still,0.2109030415
Frontal,41,41.1,1996,Moving,0.06733616499
Frontal,41,41.1,1997,SWD,0.3956829624
Frontal,41,41.1,1997,Still,3.243215612
Frontal,41,41.1,1997,Moving,0.5662359329
Frontal,41,41.1,1998,SWD,0.7872726528
Frontal,41,41.1,1998,Still,1.841306899
Frontal,41,41.1,1998,Moving,1.668100451
Frontal,41,41.1,1999,SWD,1.013767038
Frontal,41,41.1,1999,Still,0.9695878084
Frontal,41,41.1,1999,Moving,2.858726277
Frontal,41,41.1,2000,SWD,1.413543273
Frontal,41,41.1,2000,Still,1.707040725
Frontal,41,41.1,2000,Moving,3.550452336
Frontal,41,41.1,2001,SWD,11.91824371
Frontal,41,41.1,2001,Still,12.49726901
Frontal,41,41.1,2001,Moving,20.63547383
Frontal,41,41.1,2002,SWD,1.371246128
Frontal,41,41.1,2002,Still,1.407570539
Frontal,41,41.1,2002,Moving,2.540409861
Frontal,41,41.1,2003,SWD,0.165095305
Frontal,41,41.1,2003,Still,0.1565090644
Frontal,41,41.1,2003,Moving,0.1836440863
Frontal,41,41.1,2004,SWD,7.53298495
Frontal,41,41.1,2004,Still,2.631738337
Frontal,41,41.1,2004,Moving,4.450308359
Frontal,41,41.1,2005,SWD,5.273498792
Frontal,41,41.1,2005,Still,4.556354971
Frontal,41,41.1,2005,Moving,11.10434575
Frontal,41,41.1,2006,SWD,2.697466265
Frontal,41,41.1,2006,Still,1.62170891
Frontal,41,41.1,2006,Moving,1.025346149
Frontal,41,41.1,2007,SWD,0.1296202808
Frontal,41,41.1,2007,Still,0.3595259903
Frontal,41,41.1,2007,Moving,0.1316115952
Frontal,41,41.1,2008,SWD,0.02865290418
Frontal,41,41.1,2008,Still,0.0996885901
Frontal,41,41.1,2008,Moving,0.03060734772
Frontal,41,41.1,2009,SWD,0.04229714426
Frontal,41,41.1,2009,Still,0.2942127761
Frontal,41,41.1,2009,Moving,1.098803783
Frontal,41,41.1,2010,SWD,3.640283254
Frontal,41,41.1,2010,Still,2.502122949
Frontal,41,41.1,2010,Moving,4.138113412
Frontal,41,41.1,2011,SWD,0.4516243468
Frontal,41,41.1,2011,Still,0.516843887
Frontal,41,41.1,2011,Moving,0.01836440863
Frontal,41,41.1,2012,SWD,0.02319520814
Frontal,41,41.1,2012,Still,0.4179641293
Frontal,41,41.1,2012,Moving,0.01836440863
Frontal,41,41.1,2013,SWD,18.38152024
Frontal,41,41.1,2013,Still,9.478908799
Frontal,41,41.1,2013,Moving,14.5415509
Frontal,41,41.1,2014,SWD,0.5566849954
Frontal,41,41.1,2014,Still,1.268855787
Frontal,41,41.1,2014,Moving,0.107125717
Frontal,41,41.1,2015,SWD,14.68120233
Frontal,41,41.1,2015,Still,11.31354283
Frontal,41,41.1,2015,Moving,22.29745282
Frontal,41,41.1,2016,SWD,2.349538142
Frontal,41,41.1,2016,Still,4.715492741
Frontal,41,41.1,2016,Moving,8.511903402
Frontal,41,41.1,2017,SWD,3.290990708
Frontal,41,41.1,2017,Still,1.983459189
Frontal,41,41.1,2017,Moving,1.554853264
Frontal,41,41.1,2018,SWD,0.641279284
Frontal,41,41.1,2018,Still,0.6652646276
Frontal,41,41.1,2018,Moving,0.2509802513
Frontal,41,41.1,2019,SWD,0.165095305
Frontal,41,41.1,2019,Still,0.07421037032
Frontal,41,41.1,2019,Moving,0.1101864518
Frontal,41,41.1,2020,SWD,6.75662769
Frontal,41,41.1,2020,Still,3.917175187
Frontal,41,41.1,2020,Moving,10.61156746
Frontal,41,41.1,2021,SWD,0.9127996616
Frontal,41,41.1,2021,Still,3.965502922
Frontal,41,41.1,2021,Moving,6.124530279
Frontal,41,41.1,2022,SWD,0.09960295261
Frontal,41,41.1,2022,Still,0.1559024401
Frontal,41,41.1,2022,Moving,0.04897175636
Frontal,41,41.1,2023,SWD,1.676877106
Frontal,41,41.1,2023,Still,4.281554172
Frontal,41,41.1,2023,Moving,10.2901903
Frontal,41,41.1,2024,SWD,0.6385504359
Frontal,41,41.1,2024,Still,0.9586685713
Frontal,41,41.1,2024,Moving,0.5937825458
Frontal,41,41.1,2025,SWD,0.2646982576
Frontal,41,41.1,2025,Still,1.590568864
Frontal,41,41.1,2025,Moving,5.117548539
Frontal,41,41.1,2026,SWD,0.7326956925
Frontal,41,41.1,2026,Still,1.746471304
Frontal,41,41.1,2026,Moving,2.595503087
Frontal,41,41.1,2027,SWD,2.140781269
Frontal,41,41.1,2027,Still,1.051482086
Frontal,41,41.1,2027,Moving,9.855565967
Frontal,41,41.1,2028,SWD,0.2687915297
Frontal,41,41.1,2028,Still,0.5156306384
Frontal,41,41.1,2028,Moving,0.1377330648
Frontal,41,41.1,2029,SWD,0.2606049856
Frontal,41,41.1,2029,Still,0.3342499786
Frontal,41,41.1,2029,Moving,0.06733616499
Frontal,41,41.1,2030,SWD,4.401631851
Frontal,41,41.1,2030,Still,7.121769053
Frontal,41,41.1,2030,Moving,12.88263266
Frontal,41,41.1,2031,SWD,0.2264943854
Frontal,41,41.1,2031,Still,1.088688375
Frontal,41,41.1,2031,Moving,1.111046722
Frontal,41,41.1,2032,SWD,1.403992305
Frontal,41,41.1,2032,Still,0.8060014607
Frontal,41,41.1,2032,Moving,1.279387135
Frontal,41,41.1,2033,SWD,12.6277442
Frontal,41,41.1,2033,Still,11.89671097
Frontal,41,41.1,2033,Moving,24.31753777
Frontal,41,41.1,2034,SWD,4.386623187
Frontal,41,41.1,2034,Still,12.36724921
Frontal,41,41.1,2034,Moving,11.19004633
Excluded,41,41.1,2035,SWD,2.417759343
Excluded,41,41.1,2035,Still,5.746754018
Excluded,41,41.1,2035,Moving,8.741458509
Frontal,41,41.1,2036,SWD,0.8896044535
Frontal,41,41.1,2036,Still,1.141869104
Frontal,41,41.1,2036,Moving,0.4346243377
Frontal,41,41.1,2037,SWD,0.03138175219
Frontal,41,41.1,2037,Still,0.1538803592
Frontal,41,41.1,2037,Moving,0.003060734772
Frontal,41,41.1,2038,SWD,4.950130302
Frontal,41,41.1,2038,Still,4.999999528
Frontal,41,41.1,2038,Moving,21.01806568
Frontal,41,41.1,2039,SWD,2.109399517
Frontal,41,41.1,2039,Still,4.153152033
Frontal,41,41.1,2039,Moving,16.05049315
Frontal,41,41.1,2040,SWD,0.2060280253
Frontal,41,41.1,2040,Still,1.189388006
Frontal,41,41.1,2040,Moving,0.2479195166
Frontal,41,41.1,2041,SWD,1.290745112
Frontal,41,41.1,2041,Still,1.02559945
Frontal,41,41.1,2041,Moving,0.5080819722
Frontal,41,41.1,2042,SWD,0.1282558568
Frontal,41,41.1,2042,Still,0.5653738294
Frontal,41,41.1,2042,Moving,0.01530367386
Frontal,41,41.1,2043,SWD,0.4461666507
Frontal,41,41.1,2043,Still,1.591377696
Frontal,41,41.1,2043,Moving,0.3581059684
Frontal,41,41.1,2044,SWD,0.9346304458
Frontal,41,41.1,2044,Still,0.4179641293
Frontal,41,41.1,2044,Moving,0.725394141
Frontal,41,41.1,2045,SWD,8.015991049
Frontal,41,41.1,2045,Still,5.484692328
Frontal,41,41.1,2045,Moving,6.170441301
Frontal,41,41.1,2046,SWD,0.6030754117
Frontal,41,41.1,2046,Still,1.219112596
Frontal,41,41.1,2046,Moving,0.9212811664
Frontal,41,41.1,2047,SWD,3.456086013
Frontal,41,41.1,2047,Still,1.635661268
Frontal,41,41.1,2047,Moving,2.705689539
Frontal,41,41.1,2048,SWD,0.5457696034
Frontal,41,41.1,2048,Still,0.03033121403
Frontal,41,41.1,2048,Moving,0.01530367386
Frontal,41,41.1,2049,SWD,0.7981880449
Frontal,41,41.1,2049,Still,0.819549403
Frontal,41,41.1,2049,Moving,0.3274986206
Frontal,41,41.1,2050,SWD,0.5744225075
Frontal,41,41.1,2050,Still,0.7228939343
Frontal,41,41.1,2050,Moving,0.4346243377
Frontal,41,41.1,2051,SWD,0.319275218
Frontal,41,41.1,2051,Still,0.7906336456
Frontal,41,41.1,2051,Moving,2.390433857
Frontal,41,41.1,2052,SWD,0.650830252
Frontal,41,41.1,2052,Still,1.628381777
Frontal,41,41.1,2052,Moving,0.8355805928
Frontal,41,41.1,2053,SWD,2.458692063
Frontal,41,41.1,2053,Still,4.893435863
Frontal,41,41.1,2053,Moving,6.213291588
Frontal,41,41.1,2054,SWD,1.412178849
Frontal,41,41.1,2054,Still,0.5485905577
Frontal,41,41.1,2054,Moving,2.191486097
Frontal,41,41.1,2055,SWD,1.124285383
Frontal,41,41.1,2055,Still,0.89517523
Frontal,41,41.1,2055,Moving,0.4193206638
Frontal,41,41.1,2056,SWD,1.787395451
Frontal,41,41.1,2056,Still,1.25894759
Frontal,41,41.1,2056,Moving,1.738497351
Frontal,41,41.1,2057,SWD,2.540557504
Frontal,41,41.1,2057,Still,0.5443441877
Frontal,41,41.1,2057,Moving,0.4254421333
Frontal,41,41.1,2058,SWD,0.2360453535
Frontal,41,41.1,2058,Still,0.06672867086
Frontal,41,41.1,2058,Moving,0.05203249113
Frontal,41,41.1,2059,SWD,3.244600292
Frontal,41,41.1,2059,Still,2.489586047
Frontal,41,41.1,2059,Moving,3.825918465
Frontal,41,41.1,2060,SWD,1.836514715
Frontal,41,41.1,2060,Still,2.046143698
Frontal,41,41.1,2060,Moving,3.262743267
Frontal,41,41.1,2061,SWD,1.345322072
Frontal,41,41.1,2061,Still,1.071298479
Frontal,41,41.1,2061,Moving,2.531227657
Frontal,41,41.1,2062,SWD,0.9864785581
Frontal,41,41.1,2062,Still,1.906013489
Frontal,41,41.1,2062,Moving,0.4560494811
Frontal,41,41.1,2063,SWD,2.87620581
Frontal,41,41.1,2063,Still,2.26129311
Frontal,41,41.1,2063,Moving,1.016163944
Frontal,41,41.1,2064,SWD,3.982753681
Frontal,41,41.1,2064,Still,3.829214667
Frontal,41,41.1,2064,Moving,3.345383106
Frontal,41,41.1,2065,SWD,10.32323205
Frontal,41,41.1,2065,Still,6.950094382
Frontal,41,41.1,2065,Moving,5.846003415
Frontal,41,41.1,2066,SWD,10.2181714
Frontal,41,41.1,2066,Still,10.39754017
Frontal,41,41.1,2066,Moving,14.8843532
Frontal,41,41.1,2067,SWD,0.7449755086
Frontal,41,41.1,2067,Still,0.5813482688
Frontal,41,41.1,2067,Moving,0.3703489074
Frontal,41,41.1,2068,SWD,0.4434378027
Frontal,41,41.1,2068,Still,0.5400978178
Frontal,41,41.1,2068,Moving,0.416259929
Frontal,41,41.1,2069,SWD,1.200693127
Frontal,41,41.1,2069,Still,1.801876321
Frontal,41,41.1,2069,Moving,1.028406883
Frontal,41,41.1,2070,SWD,2.949884706
Frontal,41,41.1,2070,Still,2.046143698
Frontal,41,41.1,2070,Moving,2.500620309
Frontal,41,41.1,2071,SWD,0.650830252
Frontal,41,41.1,2071,Still,0.6838677722
Frontal,41,41.1,2071,Moving,0.04897175636
Frontal,41,41.1,2072,SWD,11.66991854
Frontal,41,41.1,2072,Still,11.39058412
Frontal,41,41.1,2072,Moving,15.83930245
Frontal,41,41.1,2073,SWD,3.222769508
Frontal,41,41.1,2073,Still,2.780765702
Frontal,41,41.1,2073,Moving,2.02008495
Frontal,41,41.2,2074,SWD,0.3428732265
Frontal,41,41.2,2074,Still,0.3250744995
Frontal,41,41.2,2074,Moving,0.05681136334
Frontal,41,41.2,2075,SWD,0.08955643975
Frontal,41,41.2,2075,Still,0.666418994
Frontal,41,41.2,2075,Moving,0.2798485676
Frontal,41,41.2,2076,SWD,1.09002981
Frontal,41,41.2,2076,Still,0.8203331464
Frontal,41,41.2,2076,Moving,1.077311779
Frontal,41,41.2,2077,SWD,0.5501324156
Frontal,41,41.2,2077,Still,0.1805969442
Frontal,41,41.2,2077,Moving,0.02735361939
Frontal,41,41.2,2078,SWD,1.043972212
Frontal,41,41.2,2078,Still,0.4217182696
Frontal,41,41.2,2078,Moving,2.779548554
Frontal,41,41.2,2079,SWD,0.9697683047
Frontal,41,41.2,2079,Still,0.2843995121
Frontal,41,41.2,2079,Moving,3.16460335
Frontal,41,41.2,2080,SWD,4.357560483
Frontal,41,41.2,2080,Still,4.501256808
Frontal,41,41.2,2080,Moving,12.23758849
Frontal,41,41.2,2081,SWD,3.863720686
Frontal,41,41.2,2081,Still,2.689755568
Frontal,41,41.2,2081,Moving,6.150356113
Frontal,41,41.2,2082,SWD,5.565293041
Frontal,41,41.2,2082,Still,5.307597759
Frontal,41,41.2,2082,Moving,6.261874715
Frontal,41,41.2,2083,SWD,0.1484078144
Frontal,41,41.2,2083,Still,0.1799461444
Frontal,41,41.2,2083,Moving,0.03156186852
Frontal,41,41.2,2084,SWD,8.466921689
Frontal,41,41.2,2084,Still,5.27180377
Frontal,41,41.2,2084,Moving,9.683181262
Frontal,41,41.2,2085,SWD,16.26856697
Frontal,41,41.2,2085,Still,16.47597311
Frontal,41,41.2,2085,Moving,26.64873766
Frontal,41,41.2,2086,SWD,0.2533167867
Frontal,41,41.2,2086,Still,0.5460210312
Frontal,41,41.2,2086,Moving,0.0988938547
Frontal,41,41.2,2087,SWD,5.171244707
Frontal,41,41.2,2087,Still,4.240936889
Frontal,41,41.2,2087,Moving,14.72887198
Frontal,41,41.2,2088,SWD,1.926742832
Frontal,41,41.2,2088,Still,2.820566328
Frontal,41,41.2,2088,Moving,4.530180195
Frontal,41,41.2,2089,SWD,7.218249044
Frontal,41,41.2,2089,Still,7.7633908
Frontal,41,41.2,2089,Moving,15.99345084
Frontal,41,41.2,2090,SWD,0.3531082481
Frontal,41,41.2,2090,Still,0.3247490996
Frontal,41,41.2,2090,Moving,0.263015571
Frontal,41,41.2,2091,SWD,0.9723270601
Frontal,41,41.2,2091,Still,0.9000561217
Frontal,41,41.2,2091,Moving,3.68011387
Frontal,41,41.2,2092,SWD,5.058659468
Frontal,41,41.2,2092,Still,3.234475
Frontal,41,41.2,2092,Moving,9.506434799
Frontal,41,41.2,2093,SWD,0.07932141806
Frontal,41,41.2,2093,Still,0.1607475503
Frontal,41,41.2,2093,Moving,0.01262474741
Frontal,41,41.2,2094,SWD,0.2123767
Frontal,41,41.2,2094,Still,0.2251767304
Frontal,41,41.2,2094,Moving,0.02735361939
Frontal,41,41.2,2095,SWD,3.937924593
Frontal,41,41.2,2095,Still,9.947800324
Frontal,41,41.2,2095,Moving,13.46008486
Frontal,41,41.2,2096,SWD,7.911671763
Frontal,41,41.2,2096,Still,7.791049791
Frontal,41,41.2,2096,Moving,19.3810914
Frontal,41,41.2,2097,SWD,2.7608971
Frontal,41,41.2,2097,Still,4.17195211
Frontal,41,41.2,2097,Moving,0.4839486507
Frontal,41,41.2,2098,SWD,0.6703939204
Frontal,41,41.2,2098,Still,0.3859242807
Frontal,41,41.2,2098,Moving,0.6733198618
Frontal,41,41.2,2099,SWD,5.954223866
Frontal,41,41.2,2099,Still,3.079259248
Frontal,41,41.2,2099,Moving,2.529157731
Frontal,41,41.2,2100,SWD,1.629927203
Frontal,41,41.2,2100,Still,0.7500467681
Frontal,41,41.2,2100,Moving,3.103583738
Frontal,41,41.2,2101,SWD,0.1177027494
Frontal,41,41.2,2101,Still,0.2108591348
Frontal,41,41.2,2101,Moving,0.02524949482
Frontal,41,41.2,2102,SWD,1.082353543
Frontal,41,41.2,2102,Still,1.788723247
Frontal,41,41.2,2102,Moving,6.404955185
Frontal,41,41.2,2103,SWD,8.341542674
Frontal,41,41.2,2103,Still,9.50818506
Frontal,41,41.2,2103,Moving,8.237647684
Frontal,41,41.2,2104,SWD,1.026060924
Frontal,41,41.2,2104,Still,1.011668287
Frontal,41,41.2,2104,Moving,0.1157268512
Frontal,41,41.2,2105,SWD,2.43081765
Frontal,41,41.2,2105,Still,0.8600319341
Frontal,41,41.2,2105,Moving,1.864254367
Frontal,41,41.2,2106,SWD,0.6883052083
Frontal,41,41.2,2106,Still,0.5375606338
Frontal,41,41.2,2106,Moving,2.099916319
Frontal,41,41.2,2107,SWD,2.203088418
Frontal,41,41.2,2107,Still,1.774405651
Frontal,41,41.2,2107,Moving,4.187207891
Frontal,41,41.2,2108,SWD,0.5398973939
Frontal,41,41.2,2108,Still,0.608172412
Frontal,41,41.2,2108,Moving,0.3450764292
Frontal,41,41.2,2109,SWD,0.1842303903
Frontal,41,41.2,2109,Still,0.1653031489
Frontal,41,41.2,2109,Moving,0.04418661593
Frontal,41,41.2,2110,SWD,11.45554802
Frontal,41,41.2,2110,Still,7.981408732
Frontal,41,41.2,2110,Moving,25.67031973
Frontal,41,41.2,2111,SWD,4.82837148
Frontal,41,41.2,2111,Still,5.635926257
Frontal,41,41.2,2111,Moving,9.270772847
Frontal,41,41.2,2112,SWD,2.292644858
Frontal,41,41.2,2112,Still,3.547184303
Frontal,41,41.2,2112,Moving,1.14674789
Frontal,41,41.2,2113,SWD,1.09514732
Frontal,41,41.2,2113,Still,1.674507882
Frontal,41,41.2,2113,Moving,0.9321271837
Frontal,41,41.2,2114,SWD,0.4221946445
Frontal,41,41.2,2114,Still,1.234567218
Frontal,41,41.2,2114,Moving,0.2083083322
Frontal,41,41.2,2115,SWD,1.535253253
Frontal,41,41.2,2115,Still,1.024358883
Frontal,41,41.2,2115,Moving,0.2545990727
Frontal,41,41.2,2116,SWD,1.796246306
Frontal,41,41.2,2116,Still,3.855663408
Frontal,41,41.2,2116,Moving,6.005171517
Frontal,41,41.2,2117,SWD,1.264025178
Frontal,41,41.2,2117,Still,2.439848446
Frontal,41,41.2,2117,Moving,6.398642812
Frontal,41,41.2,2118,SWD,10.86703427
Frontal,41,41.2,2118,Still,15.07447574
Frontal,41,41.2,2118,Moving,21.05387043
Frontal,41,41.2,2119,SWD,9.856325883
Frontal,41,41.2,2119,Still,11.629467
Frontal,41,41.2,2119,Moving,18.80666539
Frontal,41,41.2,2120,SWD,3.451761063
Frontal,41,41.2,2120,Still,2.099154751
Frontal,41,41.2,2120,Moving,4.721655531
Frontal,41,41.2,2121,SWD,0.7190102734
Frontal,41,41.2,2121,Still,2.485404432
Frontal,41,41.2,2121,Moving,2.125165814
Frontal,41,41.2,2122,SWD,2.645753106
Frontal,41,41.2,2122,Still,1.71290507
Frontal,41,41.2,2122,Moving,1.773777011
Frontal,41,41.2,2123,SWD,0.1356140373
Frontal,41,41.2,2123,Still,0.3755114839
Frontal,41,41.2,2123,Moving,0.1031021038
Frontal,41,41.2,2124,SWD,1.287053977
Frontal,41,41.2,2124,Still,1.265805609
Frontal,41,41.2,2124,Moving,0.199891834
Frontal,41,41.2,2125,SWD,2.955362512
Frontal,41,41.2,2125,Still,3.164188622
Frontal,41,41.2,2125,Moving,5.592763102
Frontal,41,41.2,2126,SWD,4.984455561
Frontal,41,41.2,2126,Still,4.159261514
Frontal,41,41.2,2126,Moving,12.57214429
Frontal,41,41.2,2127,SWD,22.51448895
Frontal,41,41.2,2127,Still,16.03798484
Frontal,41,41.2,2127,Moving,52.2348924
Frontal,41,41.2,2128,SWD,2.446170183
Frontal,41,41.2,2128,Still,4.226944693
Frontal,41,41.2,2128,Moving,5.902069414
Frontal,41,41.2,2129,SWD,0.959533283
Frontal,41,41.2,2129,Still,2.465555038
Frontal,41,41.2,2129,Moving,0.9237106854
Frontal,41,41.2,2130,SWD,4.894899121
Frontal,41,41.2,2130,Still,5.345344147
Frontal,41,41.2,2130,Moving,4.835278257
Frontal,41,41.2,2131,SWD,14.89707406
Frontal,41,41.2,2131,Still,7.782589394
Frontal,41,41.2,2131,Moving,15.93663948
Frontal,41,41.2,2132,SWD,0.4221946445
Frontal,41,41.2,2132,Still,0.404146675
Frontal,41,41.2,2132,Moving,0.01472887198
Frontal,41,41.2,2133,SWD,1.351022862
Frontal,41,41.2,2133,Still,0.5372352339
Frontal,41,41.2,2133,Moving,3.206685842
Frontal,41,41.2,2134,SWD,2.320791167
Frontal,41,41.2,2134,Still,3.703050855
Frontal,41,41.2,2134,Moving,3.997836679
Frontal,41,41.2,2135,SWD,4.879546589
Frontal,41,41.2,2135,Still,5.975643752
Frontal,41,41.2,2135,Moving,4.551221441
Frontal,41,41.2,2136,SWD,1.604339649
Frontal,41,41.2,2136,Still,0.9706678999
Frontal,41,41.2,2136,Moving,4.544909067
Frontal,41,41.2,2137,SWD,0.4401059325
Frontal,41,41.2,2137,Still,0.5544814286
Frontal,41,41.2,2137,Moving,3.45918079
Frontal,41,41.2,2138,SWD,1.074677277
Frontal,41,41.2,2138,Still,3.13652963
Frontal,41,41.2,2138,Moving,3.94733769
Frontal,41,41.2,2139,SWD,3.047477707
Frontal,41,41.2,2139,Still,3.728432047
Frontal,41,41.2,2139,Moving,3.465493164
Frontal,41,41.2,2140,SWD,1.612015915
Frontal,41,41.2,2140,Still,0.1867795423
Frontal,41,41.2,2140,Moving,1.176205634
Frontal,41,41.3,2141,SWD,3.055479473
Frontal,41,41.3,2141,Still,3.318863574
Frontal,41,41.3,2141,Moving,1.86462414
Frontal,41,41.3,2142,SWD,0.4260628747
Frontal,41,41.3,2142,Still,1.193751294
Frontal,41,41.3,2142,Moving,0.9857465515
Frontal,41,41.3,2143,SWD,3.718920235
Frontal,41,41.3,2143,Still,6.429452615
Frontal,41,41.3,2143,Moving,13.81640231
Frontal,41,41.3,2144,SWD,2.032928574
Frontal,41,41.3,2144,Still,3.64142208
Frontal,41,41.3,2144,Moving,3.907894905
Frontal,41,41.3,2145,SWD,0.6938738245
Frontal,41,41.3,2145,Still,3.107028793
Frontal,41,41.3,2145,Moving,2.457986142
Frontal,41,41.3,2146,SWD,0.1217322499
Frontal,41,41.3,2146,Still,0.447523226
Frontal,41,41.3,2146,Moving,1.800821774
Frontal,41,41.3,2147,SWD,3.031133023
Frontal,41,41.3,2147,Still,3.449880716
Frontal,41,41.3,2147,Moving,0.8294307553
Frontal,41,41.3,2148,SWD,0.675613987
Frontal,41,41.3,2148,Still,1.075195022
Frontal,41,41.3,2148,Moving,1.057524213
Frontal,41,41.3,2149,SWD,0.3225904623
Frontal,41,41.3,2149,Still,0.5336812376
Frontal,41,41.3,2149,Moving,0.5279645769
Frontal,41,41.3,2150,SWD,3.670227335
Frontal,41,41.3,2150,Still,2.969603204
Frontal,41,41.3,2150,Moving,3.448517871
Frontal,41,41.3,2151,SWD,0.8460391369
Frontal,41,41.3,2151,Still,0.8338101792
Frontal,41,41.3,2151,Moving,2.754667143
Frontal,41,41.3,2152,SWD,3.29285736
Frontal,41,41.3,2152,Still,2.350476005
Frontal,41,41.3,2152,Moving,2.169280437
Frontal,41,41.3,2153,SWD,0.6451809246
Frontal,41,41.3,2153,Still,0.9662514203
Frontal,41,41.3,2153,Moving,1.708308344
Frontal,41,41.3,2154,SWD,0.01217322499
Frontal,41,41.3,2154,Still,0.1886931661
Frontal,41,41.3,2154,Moving,0.02392588717
Frontal,41,41.3,2155,SWD,0.1947715999
Frontal,41,41.3,2155,Still,0.6508134105
Frontal,41,41.3,2155,Moving,0.1802416834
Frontal,41,41.3,2156,SWD,0.1582519249
Frontal,41,41.3,2156,Still,0.8006998689
Frontal,41,41.3,2156,Moving,0.06220730665
Frontal,41,41.3,2157,SWD,3.091999148
Frontal,41,41.3,2157,Still,1.058817879
Frontal,41,41.3,2157,Moving,2.710005487
Frontal,41,41.3,2158,SWD,0.2799841748
Frontal,41,41.3,2158,Still,0.885789806
Frontal,41,41.3,2158,Moving,0.2121428663
Frontal,41,41.3,2159,SWD,1.010377674
Frontal,41,41.3,2159,Still,1.608876259
Frontal,41,41.3,2159,Moving,1.373345924
Frontal,41,41.3,2160,SWD,0.1339054749
Frontal,41,41.3,2160,Still,0.3400037238
Frontal,41,41.3,2160,Moving,0.02871106461
Frontal,41,41.3,2161,SWD,1.972062449
Frontal,41,41.3,2161,Still,2.739255132
Frontal,41,41.3,2161,Moving,3.549006597
Frontal,41,41.3,2162,SWD,0.3165038498
Frontal,41,41.3,2162,Still,0.9274447125
Frontal,41,41.3,2162,Moving,0.1579108553
Frontal,41,41.3,2163,SWD,0.1217322499
Frontal,41,41.3,2163,Still,0.3357314257
Frontal,41,41.3,2163,Moving,0.03987647862
Frontal,41,41.3,2164,SWD,1.144283149
Frontal,41,41.3,2164,Still,0.7718618567
Frontal,41,41.3,2164,Moving,0.0925134304
Frontal,41,41.3,2165,SWD,0.04260628747
Frontal,41,41.3,2165,Still,0.2253637248
Frontal,41,41.3,2165,Moving,0.01595059145
Frontal,41,41.3,2166,SWD,2.903314161
Frontal,41,41.3,2166,Still,4.049782574
Frontal,41,41.3,2166,Moving,4.900021693
Frontal,41,41.3,2167,SWD,1.564259411
Frontal,41,41.3,2167,Still,1.271720734
Frontal,41,41.3,2167,Moving,3.534651065
Frontal,41,41.3,2168,SWD,1.533826349
Frontal,41,41.3,2168,Still,1.303406945
Frontal,41,41.3,2168,Moving,0.5056337489
Frontal,41,41.3,2169,SWD,2.538117411
Frontal,41,41.3,2169,Still,2.312025322
Frontal,41,41.3,2169,Moving,2.502647798
Frontal,41,41.3,2170,SWD,10.57853252
Frontal,41,41.3,2170,Still,10.84878897
Frontal,41,41.3,2170,Moving,26.94852425
Frontal,41,41.3,2171,SWD,2.720715786
Frontal,41,41.3,2171,Still,2.401743582
Frontal,41,41.3,2171,Moving,1.462669236
Frontal,41,41.3,2172,SWD,2.093794699
Frontal,41,41.3,2172,Still,2.138641224
Frontal,41,41.3,2172,Moving,4.55070374
Frontal,41,41.3,2173,SWD,0.9312517119
Frontal,41,41.3,2173,Still,4.51866729
Frontal,41,41.3,2173,Moving,5.954355788
Frontal,41,41.3,2174,SWD,0.5417085121
Frontal,41,41.3,2174,Still,0.263102358
Frontal,41,41.3,2174,Moving,0.1084640218
Frontal,41,41.3,2175,SWD,0.4625825497
Frontal,41,41.3,2175,Still,0.5440059581
Frontal,41,41.3,2175,Moving,0.154720737
Frontal,41,41.3,2176,SWD,0.4321494872
Frontal,41,41.3,2176,Still,0.5368854612
Frontal,41,41.3,2176,Moving,3.186928171
Frontal,41,41.3,2177,SWD,3.426762835
Frontal,41,41.3,2177,Still,3.478006678
Frontal,41,41.3,2177,Moving,7.605242002
Frontal,41,41.3,2178,SWD,0.8156060744
Frontal,41,41.3,2178,Still,0.213614905
Frontal,41,41.3,2178,Moving,0.1068689627
Frontal,41,41.3,2179,SWD,2.544204023
Frontal,41,41.3,2179,Still,1.823559239
Frontal,41,41.3,2179,Moving,1.984253576
Frontal,41,41.3,2180,SWD,0.01217322499
Frontal,41,41.3,2180,Still,0.2364004949
Frontal,41,41.3,2180,Moving,0.04466165605
Frontal,41,41.3,2181,SWD,0.5721415746
Frontal,41,41.3,2181,Still,1.233626076
Frontal,41,41.3,2181,Moving,0.4290709099
Frontal,41,41.3,2182,SWD,0.5295352871
Frontal,41,41.3,2182,Still,0.2442330414
Frontal,41,41.3,2182,Moving,0.1658861511
Frontal,41,41.3,2183,SWD,1.655558599
Frontal,41,41.3,2183,Still,2.290307806
Frontal,41,41.3,2183,Moving,2.44363061
Frontal,41,41.3,2184,SWD,0.07912596245
Frontal,41,41.3,2184,Still,0.377742357
Frontal,41,41.3,2184,Moving,0.7959345133
Frontal,41,41.3,2185,SWD,0.5173620621
Frontal,41,41.3,2185,Still,1.362507069
Frontal,41,41.3,2185,Moving,0.6763050774
Frontal,41,41.3,2186,SWD,0.8277792994
Frontal,41,41.3,2186,Still,2.036818119
Frontal,41,41.3,2186,Moving,2.695649955
Frontal,41,41.3,2187,SWD,4.540612922
Frontal,41,41.3,2187,Still,5.252078464
Frontal,41,41.3,2187,Moving,5.879388008
Frontal,41,41.3,2188,SWD,1.698164886
Frontal,41,41.3,2188,Still,3.386864319
Frontal,41,41.3,2188,Moving,3.86004313
Frontal,41,41.3,2189,SWD,1.326881524
Frontal,41,41.3,2189,Still,1.250359244
Frontal,41,41.3,2189,Moving,0.617287889
Frontal,41,41.3,2190,SWD,0.6330076996
Frontal,41,41.3,2190,Still,0.7031490623
Frontal,41,41.3,2190,Moving,1.714688581
Frontal,41,41.3,2191,SWD,0.2678109498
Frontal,41,41.3,2191,Still,2.20379377
Frontal,41,41.3,2191,Moving,0.3780290173
Frontal,41,41.3,2192,SWD,1.643385374
Frontal,41,41.3,2192,Still,3.199951277
Frontal,41,41.3,2192,Moving,4.078566233
Frontal,41,41.3,2193,SWD,0.1339054749
Frontal,41,41.3,2193,Still,0.6636303048
Frontal,41,41.3,2193,Moving,1.28721273
Frontal,41,41.3,2194,SWD,1.028637512
Frontal,41,41.3,2194,Still,1.913277499
Frontal,41,41.3,2194,Moving,2.576020519
Frontal,41,41.3,2195,SWD,1.740771174
Frontal,41,41.3,2195,Still,0.5457860823
Frontal,41,41.3,2195,Moving,0.4641622111
Frontal,41,41.3,2196,SWD,0.1704251499
Frontal,41,41.3,2196,Still,0.3424958977
Frontal,41,41.3,2196,Moving,0.1914070974
Frontal,41,41.3,2197,SWD,1.722511336
Frontal,41,41.3,2197,Still,3.337020841
Frontal,41,41.3,2197,Moving,4.277948626
Frontal,41,41.3,2198,SWD,2.099881311
Frontal,41,41.3,2198,Still,1.723516258
Frontal,41,41.3,2198,Moving,3.826546888
Frontal,41,41.3,2199,SWD,3.104172373
Frontal,41,41.3,2199,Still,5.667559454
Frontal,41,41.3,2199,Moving,8.685097043
Frontal,41,41.3,2200,SWD,18.67372714
Frontal,41,41.3,2200,Still,10.91394152
Frontal,41,41.3,2200,Moving,17.40688045
Frontal,41,41.3,2201,SWD,7.109163395
Frontal,41,41.3,2201,Still,7.24012118
Frontal,41,41.3,2201,Moving,7.874806998
Frontal,41,41.3,2202,SWD,0.5173620621
Frontal,41,41.3,2202,Still,0.926376638
Frontal,41,41.3,2202,Moving,0.2871106461
Frontal,41,41.3,2203,SWD,7.547399495
Frontal,41,41.3,2203,Still,9.641152712
Frontal,41,41.3,2203,Moving,12.62967831
Frontal,41,41.3,2204,SWD,4.869289997
Frontal,41,41.3,2204,Still,2.746019604
Frontal,41,41.3,2204,Moving,8.204984241
Frontal,41,41.3,2205,SWD,1.381661037
Frontal,41,41.3,2205,Still,1.318716013
Frontal,41,41.3,2205,Moving,2.138974313
Frontal,41,41.3,2206,SWD,0.2617243373
Frontal,41,41.3,2206,Still,0.9641152712
Frontal,41,41.3,2206,Moving,0.9761761966
Frontal,41,41.3,2207,SWD,0.2678109498
Frontal,41,41.3,2207,Still,0.8711927875
Frontal,41,41.3,2207,Moving,1.472239591
Frontal,41,41.3,2208,SWD,0.1765117624
Frontal,41,41.3,2208,Still,1.087299866
Frontal,41,41.3,2208,Moving,0.3349624204
Frontal,41,41.3,2209,SWD,0.712133662
Frontal,41,41.3,2209,Still,1.544791788
Frontal,41,41.3,2209,Moving,1.186724004
Frontal,41,41.3,2210,SWD,0.07912596245
Frontal,41,41.3,2210,Still,0.3296790034
Frontal,41,41.3,2210,Moving,0.9299194814
Frontal,41,41.3,2211,SWD,0.07303934995
Frontal,41,41.3,2211,Still,0.5354613619
Frontal,41,41.3,2211,Moving,0.3062513558
Frontal,41,41.3,2212,SWD,2.617243373
Frontal,41,41.3,2212,Still,1.91114135
Frontal,41,41.3,2212,Moving,1.553587607
Frontal,41,41.3,2213,SWD,0.4564959372
Frontal,41,41.3,2213,Still,1.809318245
Frontal,41,41.3,2213,Moving,0.6922556688
Frontal,41,41.3,2214,SWD,0.3530235248
Frontal,41,41.3,2214,Still,0.7120496833
Frontal,41,41.3,2214,Moving,1.142062348
Frontal,41,41.3,2215,SWD,0.1521653124
Frontal,41,41.3,2215,Still,0.1929654642
Frontal,41,41.3,2215,Moving,0.04466165605
Frontal,41,41.3,2216,SWD,0.1034724124
Frontal,41,41.3,2216,Still,0.2424529172
Frontal,41,41.3,2216,Moving,0.2153329845
Frontal,41,41.3,2217,SWD,0.1947715999
Frontal,41,41.3,2217,Still,0.4485913005
Frontal,41,41.3,2217,Moving,0.1786466242
Frontal,41,41.3,2218,SWD,0.02434644998
Frontal,41,41.3,2218,Still,0.2552698115
Frontal,41,41.3,2218,Moving,0.02073576888
Frontal,41,41.3,2219,SWD,0.4686691622
Frontal,41,41.3,2219,Still,1.359302845
Frontal,41,41.3,2219,Moving,0.4896831575
Frontal,41,41.3,2220,SWD,0.04260628747
Frontal,41,41.3,2220,Still,0.2734270784
Frontal,41,41.3,2220,Moving,0.05423201092
Frontal,41,41.3,2221,SWD,0.2252046623
Frontal,41,41.3,2221,Still,0.4172611144
Frontal,41,41.3,2221,Moving,0.1898120382
Frontal,41,41.3,2222,SWD,0.2556377248
Frontal,41,41.3,2222,Still,1.102608935
Frontal,41,41.3,2222,Moving,0.4657572703
Frontal,41,41.3,2223,SWD,0.5173620621
Frontal,41,41.3,2223,Still,0.2744951529
Frontal,41,41.3,2223,Moving,0.1595059145
Frontal,41,41.3,2224,SWD,1.040810737
Frontal,41,41.3,2224,Still,1.581462347
Frontal,41,41.3,2224,Moving,2.260198808
Frontal,41,41.3,2225,SWD,0.8582123619
Frontal,41,41.3,2225,Still,0.9431098055
Frontal,41,41.3,2225,Moving,2.646203121
Frontal,41,41.3,2226,SWD,1.850330199
Frontal,41,41.3,2226,Still,3.037603949
Frontal,41,41.3,2226,Moving,0.9761761966
Frontal,41,41.3,2227,SWD,2.769408686
Frontal,41,41.3,2227,Still,4.545369153
Frontal,41,41.3,2227,Moving,10.09831945
Frontal,41,41.3,2228,SWD,11.08372135
Frontal,41,41.3,2228,Still,9.164791474
Frontal,41,41.3,2228,Moving,28.27720852
Frontal,41,41.3,2229,SWD,0.3712833622
Frontal,41,41.3,2229,Still,0.5358173867
Frontal,41,41.3,2229,Moving,0.4019549045
Frontal,41,41.3,2230,SWD,2.945920448
Frontal,41,41.3,2230,Still,3.287533388
Frontal,41,41.3,2230,Moving,2.134189136
Frontal,41,41.3,2231,SWD,1.022550899
Frontal,41,41.3,2231,Still,1.23754235
Frontal,41,41.3,2231,Moving,0.1451503822
Frontal,41,41.3,2232,SWD,2.964180285
Frontal,41,41.3,2232,Still,2.313805446
Frontal,41,41.3,2232,Moving,2.0145597
Frontal,41,41.3,2233,SWD,1.990322286
Frontal,41,41.3,2233,Still,1.660499861
Frontal,41,41.3,2233,Moving,0.2360687534
Frontal,41,41.3,2234,SWD,0.5051888372
Frontal,41,41.3,2234,Still,0.9231724144
Frontal,41,41.3,2234,Moving,0.594957061
Frontal,41,41.3,2235,SWD,0.4321494872
Frontal,41,41.3,2235,Still,0.5828126658
Frontal,41,41.3,2235,Moving,0.1148442584
Frontal,41,41.3,2236,SWD,2.885054323
Frontal,41,41.3,2236,Still,2.749579852
Frontal,41,41.3,2236,Moving,2.604731583
Frontal,41,41.3,2237,SWD,3.73109346
Frontal,41,41.3,2237,Still,5.614867778
Frontal,41,41.3,2237,Moving,4.118442712
Frontal,41,41.3,2238,SWD,2.118141149
Frontal,41,41.3,2238,Still,2.932576621
Frontal,41,41.3,2238,Moving,2.883866934
Frontal,41,41.3,2239,SWD,1.205149274
Frontal,41,41.3,2239,Still,1.421607193
Frontal,41,41.3,2239,Moving,0.473732566
Frontal,41,41.3,2240,SWD,1.113850087
Frontal,41,41.3,2240,Still,2.230851658
Frontal,41,41.3,2240,Moving,0.7018260237
Frontal,41,41.3,2241,SWD,0.3347636873
Frontal,41,41.3,2241,Still,0.1160640984
Frontal,41,41.3,2241,Moving,0.2153329845
Frontal,41,41.3,2242,SWD,0.1217322499
Frontal,41,41.3,2242,Still,0.3941194997
Frontal,41,41.3,2242,Moving,0.5391299909
Frontal,41,41.3,2243,SWD,0.6573541495
Frontal,41,41.3,2243,Still,1.456141602
Frontal,41,41.3,2243,Moving,0.4210956142
Frontal,41,41.3,2244,SWD,1.722511336
Frontal,41,41.3,2244,Still,2.014388554
Frontal,41,41.3,2244,Moving,1.13727717
Frontal,41,41.3,2245,SWD,0.4625825497
Frontal,41,41.3,2245,Still,1.194107319
Frontal,41,41.3,2245,Moving,0.3923845496
Frontal,41,41.3,2246,SWD,3.834565872
Frontal,41,41.3,2246,Still,4.224234746
Frontal,41,41.3,2246,Moving,6.385021757
Frontal,41,41.3,2247,SWD,0.1704251499
Frontal,41,41.3,2247,Still,0.3400037238
Frontal,41,41.3,2247,Moving,0.05742212921
Frontal,41,41.3,2248,SWD,0.4078030372
Frontal,41,41.3,2248,Still,1.274924958
Frontal,41,41.3,2248,Moving,0.5295596361
Frontal,41,41.3,2249,SWD,1.783377461
Frontal,41,41.3,2249,Still,3.476226554
Frontal,41,41.3,2249,Moving,5.979876734
Frontal,41,41.3,2250,SWD,0.1765117624
Frontal,41,41.3,2250,Still,0.8533915455
Frontal,41,41.3,2250,Moving,0.2057626297
Frontal,41,41.3,2251,SWD,0.9616847743
Frontal,41,41.3,2251,Still,1.960984828
Frontal,41,41.3,2251,Moving,1.04476374
